route_path,methods,route_family,audience,public_reason,auth_mechanism,tenant_context,tenant_filter,service_role_usage,tenant_role_requirement,project_role_requirement,stakeholder_policy,platform_owner_gate,customer_facing,finance_guard,finance_payload_risk,lite_client_access,write_operation,idempotency,rate_limit,legacy_alias,canonical_route,test_file,negative_roles_tested,cross_tenant_test,finance_leak_test,status,severity,evidence,recommended_fix_batch
/api/_debug/auth,GET,legacy,public_debug_gated,debug_host_gated,debug_host_flag,none_or_delegated,n/a_or_delegated,no,n/a,n/a,denied_or_n/a,no,no,not_applicable,none,BYPASS_legacy_not_under_v1_middleware,no,n/a,no_or_middleware_only,yes,/api/v1/debug/auth,,none_route_level,no,no,PROVEN,,apps/web/app/api/_debug/auth/route.ts,2D_legacy_hardening
/api/activation/status,GET,legacy,authenticated_tenant,,supabase_session,none_or_delegated,n/a_or_delegated,no,membership_required,n/a,denied_or_n/a,no,no,not_applicable,none,BYPASS_legacy_not_under_v1_middleware,no,n/a,no_or_middleware_only,yes,/api/v1/activation/status,,none_route_level,no,no,PROVEN,P3,apps/web/app/api/activation/status/route.ts;redirect to /api/v1/activation/status,2D_legacy_cleanup
/api/ai/analyze-image,POST,legacy,authenticated_tenant,,supabase_session,server_derived,ctx.tenantId,yes,membership_required,n/a,denied_or_n/a,no,no,not_applicable,none,BYPASS_legacy_not_under_v1_middleware,yes,n/a,yes,yes,/api/v1/ai/analyze-image,app/api/ai/analyze-image/route.test.ts,partial_see_test,no,no,GAP,P1,apps/web/app/api/ai/analyze-image/route.ts;legacy independent_duplicate bypasses lite allow-list middleware,2D_legacy_lite_bypass
/api/ai/analyze-video-daily,POST,legacy,authenticated_tenant,,supabase_session,none_or_delegated,n/a_or_delegated,no,membership_required,n/a,denied_or_n/a,no,no,not_applicable,none,BYPASS_legacy_not_under_v1_middleware,yes,n/a,no_or_middleware_only,yes,/api/v1/ai/analyze-video-daily,,none_route_level,no,no,GAP,P1,apps/web/app/api/ai/analyze-video-daily/route.ts;legacy re_export bypasses lite allow-list middleware,2D_legacy_lite_bypass
/api/ai/transcribe,POST,legacy,authenticated_tenant,,supabase_session,none_or_delegated,n/a_or_delegated,no,membership_required,n/a,denied_or_n/a,no,no,not_applicable,none,BYPASS_legacy_not_under_v1_middleware,yes,n/a,no_or_middleware_only,yes,/api/v1/ai/transcribe,app/api/ai/transcribe/route.test.ts,partial_see_test,no,no,GAP,P1,apps/web/app/api/ai/transcribe/route.ts;legacy re_export bypasses lite allow-list middleware,2D_legacy_lite_bypass
/api/analysis/process,POST,legacy,authenticated_any_user,,supabase_session_only,NONE,NONE_processOneJob_global_dequeue,yes_bypasses_rls,membership_required,n/a,denied_or_n/a,no,no,not_applicable,none,BYPASS_legacy_not_under_v1_middleware,yes,n/a,no_or_middleware_only,yes,/api/v1/analysis/process,app/api/analysis/process/route.test.ts,partial_see_test|unauth|roles,no,no,GAP,P0,apps/web/app/api/analysis/process/route.ts;apps/web/lib/ai/runOneJob.ts;any auth user dequeues via service_role without tenant filter,2B_analysis_process_tenant_scope
/api/auth/callback,GET,legacy,public_auth,auth_callback,supabase_auth,none_or_delegated,n/a_or_delegated,no,n/a,n/a,denied_or_n/a,no,no,not_applicable,none,BYPASS_legacy_not_under_v1_middleware,no,n/a,no_or_middleware_only,yes,oauth_callback,app/api/auth/callback/route.test.ts,partial_see_test|roles,no,no,PROVEN,,apps/web/app/api/auth/callback/route.ts,
/api/auth/login,POST,legacy,public_auth,auth_login,supabase_auth,none_or_delegated,n/a_or_delegated,yes,n/a,n/a,denied_or_n/a,no,no,not_applicable,none,BYPASS_legacy_not_under_v1_middleware,yes,n/a,yes,yes,/api/v1/auth/login,,none_route_level,no,no,PROVEN,,apps/web/app/api/auth/login/route.ts,
/api/contact,POST,legacy,public,contact,none_or_rate_limited,none_or_delegated,n/a_or_delegated,yes_public_insert,n/a,n/a,denied_or_n/a,no,no,not_applicable,none,BYPASS_legacy_not_under_v1_middleware,yes,n/a,no_or_middleware_only,yes,/api/v1/contact,app/api/contact/route.test.ts,partial_see_test|roles,no,no,PROVEN,P3,apps/web/app/api/contact/route.ts,2D_public_abuse_controls
/api/diag/supabase,GET,legacy,public_debug_gated,debug_host_gated,debug_host_flag,none_or_delegated,n/a_or_delegated,no,n/a,n/a,denied_or_n/a,no,no,not_applicable,none,BYPASS_legacy_not_under_v1_middleware,no,n/a,no_or_middleware_only,yes,/api/v1/diag/supabase,,none_route_level,no,no,PROVEN,,apps/web/app/api/diag/supabase/route.ts,2D_legacy_hardening
/api/health,GET,legacy,public,health_config,none,none_or_delegated,n/a_or_delegated,no,n/a,n/a,n/a,no,no,not_applicable,none,BYPASS_legacy_not_under_v1_middleware,no,n/a,no_or_middleware_only,yes,/api/v1/health,app/api/health/route.test.ts,partial_see_test,no,no,PROVEN,,apps/web/app/api/health/route.ts,
/api/health/auth,GET,legacy,public_debug_gated,debug_host_gated,debug_host_flag,none_or_delegated,n/a_or_delegated,no,n/a,n/a,denied_or_n/a,no,no,not_applicable,none,BYPASS_legacy_not_under_v1_middleware,no,n/a,no_or_middleware_only,yes,/api/v1/health/auth,app/api/health/auth/route.test.ts,partial_see_test,no,no,PROVEN,,apps/web/app/api/health/auth/route.ts,2D_legacy_hardening
/api/invite,POST,legacy,authenticated_tenant,,supabase_session,none_or_delegated,n/a_or_delegated,no,membership_required,n/a,denied_or_n/a,no,no,not_applicable,none,BYPASS_legacy_not_under_v1_middleware,yes,n/a,no_or_middleware_only,yes,/api/v1/tenant/invite,,none_route_level,no,no,PROVEN,P3,apps/web/app/api/invite/route.ts;re_export to /api/v1/tenant/invite,2D_legacy_cleanup
/api/projects,GET|POST,legacy,authenticated_tenant,,supabase_session,server_derived,ctx.tenantId,no,membership_required,n/a,denied_or_n/a,no,no,not_applicable,none,BYPASS_legacy_not_under_v1_middleware,yes,n/a,no_or_middleware_only,yes,/api/v1/projects,,none_route_level,no,no,GAP,P1,apps/web/app/api/projects/route.ts;legacy independent_duplicate bypasses lite allow-list middleware,2D_legacy_lite_bypass
/api/projects/:id,GET,legacy,authenticated_tenant,,supabase_session,none_or_delegated,n/a_or_delegated,no,membership_required,n/a,denied_or_n/a,no,no,not_applicable,none,BYPASS_legacy_not_under_v1_middleware,no,n/a,no_or_middleware_only,yes,/api/v1/projects/:id,,none_route_level,no,no,GAP,P1,apps/web/app/api/projects/[id]/route.ts;legacy independent_duplicate bypasses lite allow-list middleware,2D_legacy_lite_bypass
/api/projects/:id/jobs/:jobId/trigger,POST,legacy,authenticated_tenant,,supabase_session,none_or_delegated,n/a_or_delegated,no,membership_required,n/a,denied_or_n/a,no,no,not_applicable,none,BYPASS_legacy_not_under_v1_middleware,yes,n/a,no_or_middleware_only,yes,/api/v1/projects/:id/jobs/:jobId/trigger,,none_route_level,no,no,GAP,P1,apps/web/app/api/projects/[id]/jobs/[jobId]/trigger/route.ts;legacy obsolete bypasses lite allow-list middleware,2D_legacy_lite_bypass
/api/projects/:id/media/:mediaId/trigger,POST,legacy,authenticated_tenant,,supabase_session,none_or_delegated,n/a_or_delegated,no,membership_required,n/a,denied_or_n/a,no,no,not_applicable,none,BYPASS_legacy_not_under_v1_middleware,yes,n/a,no_or_middleware_only,yes,/api/v1/projects/:id/media/:mediaId/trigger,,none_route_level,no,no,GAP,P1,apps/web/app/api/projects/[id]/media/[mediaId]/trigger/route.ts;legacy independent_duplicate bypasses lite allow-list middleware,2D_legacy_lite_bypass
/api/projects/:id/poll-status,GET,legacy,authenticated_tenant,,supabase_session,none_or_delegated,n/a_or_delegated,no,membership_required,n/a,denied_or_n/a,no,no,not_applicable,none,BYPASS_legacy_not_under_v1_middleware,no,n/a,no_or_middleware_only,yes,none_v1_equivalent,,none_route_level,no,no,GAP,P1,apps/web/app/api/projects/[id]/poll-status/route.ts;legacy independent_duplicate bypasses lite allow-list middleware,2D_legacy_lite_bypass
/api/projects/:id/upload,POST,legacy,authenticated_tenant,,supabase_session,none_or_delegated,n/a_or_delegated,yes,membership_required,n/a,denied_or_n/a,no,no,not_applicable,none,BYPASS_legacy_not_under_v1_middleware,yes,n/a,no_or_middleware_only,yes,/api/v1/projects/:id/upload,,none_route_level,no,no,GAP,P1,apps/web/app/api/projects/[id]/upload/route.ts;legacy independent_duplicate bypasses lite allow-list middleware,2D_legacy_lite_bypass
/api/system/health,GET,legacy,public,health_config,system_api_key,none_or_delegated,n/a_or_delegated,no,n/a,n/a,denied_or_n/a,no,no,not_applicable,none,BYPASS_legacy_not_under_v1_middleware,no,n/a,no_or_middleware_only,yes,system_key_health,,none_route_level,no,no,PROVEN,,apps/web/app/api/system/health/route.ts,
/api/system/metrics,GET,legacy,public,health_config,system_api_key,none_or_delegated,n/a_or_delegated,no,n/a,n/a,denied_or_n/a,no,no,not_applicable,none,BYPASS_legacy_not_under_v1_middleware,no,n/a,no_or_middleware_only,yes,system_key_metrics,,none_route_level,no,no,PROVEN,,apps/web/app/api/system/metrics/route.ts,
/api/tenant/accept-invite,POST,legacy,authenticated_tenant,,supabase_session,none_or_delegated,n/a_or_delegated,no,membership_required,n/a,denied_or_n/a,no,no,not_applicable,none,BYPASS_legacy_not_under_v1_middleware,yes,n/a,no_or_middleware_only,yes,/api/v1/tenant/accept-invite,,none_route_level,no,no,PROVEN,P3,apps/web/app/api/tenant/accept-invite/route.ts;redirect to /api/v1/tenant/accept-invite,2D_legacy_cleanup
/api/tenant/invitations,GET,legacy,authenticated_tenant,,supabase_session,none_or_delegated,n/a_or_delegated,no,membership_required,n/a,denied_or_n/a,no,no,not_applicable,none,BYPASS_legacy_not_under_v1_middleware,no,n/a,no_or_middleware_only,yes,/api/v1/tenant/invitations,,none_route_level,no,no,PROVEN,P3,apps/web/app/api/tenant/invitations/route.ts;redirect to /api/v1/tenant/invitations,2D_legacy_cleanup
/api/tenant/invite,POST,legacy,authenticated_tenant,,supabase_session,none_or_delegated,n/a_or_delegated,no,membership_required,n/a,denied_or_n/a,no,no,not_applicable,none,BYPASS_legacy_not_under_v1_middleware,yes,n/a,no_or_middleware_only,yes,/api/v1/tenant/invite,,none_route_level,no,no,PROVEN,P3,apps/web/app/api/tenant/invite/route.ts;redirect to /api/v1/tenant/invite,2D_legacy_cleanup
/api/tenant/members,GET,legacy,authenticated_tenant,,supabase_session,none_or_delegated,n/a_or_delegated,no,membership_required,n/a,denied_or_n/a,no,no,not_applicable,none,BYPASS_legacy_not_under_v1_middleware,no,n/a,no_or_middleware_only,yes,/api/v1/tenant/members,,none_route_level,no,no,PROVEN,P3,apps/web/app/api/tenant/members/route.ts;redirect to /api/v1/tenant/members,2D_legacy_cleanup
/api/tenant/profile,PATCH,legacy,authenticated_tenant,,supabase_session,none_or_delegated,n/a_or_delegated,no,membership_required,n/a,denied_or_n/a,no,no,not_applicable,none,BYPASS_legacy_not_under_v1_middleware,yes,n/a,no_or_middleware_only,yes,/api/v1/tenant/profile,,none_route_level,no,no,PROVEN,P3,apps/web/app/api/tenant/profile/route.ts;redirect to /api/v1/tenant/profile,2D_legacy_cleanup
/api/tenant/revoke,POST,legacy,authenticated_tenant,,supabase_session,none_or_delegated,n/a_or_delegated,no,membership_required,n/a,denied_or_n/a,no,no,not_applicable,none,BYPASS_legacy_not_under_v1_middleware,yes,n/a,no_or_middleware_only,yes,/api/v1/tenant/revoke,,none_route_level,no,no,PROVEN,P3,apps/web/app/api/tenant/revoke/route.ts;redirect to /api/v1/tenant/revoke,2D_legacy_cleanup
/api/v1/activation/status,GET,activation,authenticated_tenant,,supabase_session,none_or_delegated,n/a_or_delegated,no,membership_required,n/a,denied_or_n/a,no,no,not_applicable,none,allowed_read,no,n/a,no_or_middleware_only,no,/api/v1/activation/status,,none_route_level,no,no,PROVEN,,apps/web/app/api/v1/activation/status/route.ts,
/api/v1/admin/ai/usage,GET,admin,tenant_admin,,supabase_session,server_derived,ctx.tenantId,no,admin_or_owner,n/a,denied_or_n/a,no,no,not_applicable,none,forbidden_middleware_403,no,n/a,no_or_middleware_only,no,/api/v1/admin/ai/usage,,none_route_level,no,no,PROVEN,,apps/web/app/api/v1/admin/ai/usage/route.ts,
/api/v1/admin/alerts,GET|PATCH,admin,tenant_admin,,supabase_session,server_derived,ctx.tenantId,no,admin_or_owner,n/a,denied_or_n/a,no,no,not_applicable,none,forbidden_middleware_403,yes,n/a,no_or_middleware_only,no,/api/v1/admin/alerts,,none_route_level,no,no,PROVEN,,apps/web/app/api/v1/admin/alerts/route.ts,
/api/v1/admin/alerts/:id/resolve,POST,admin,tenant_admin,,supabase_session,server_derived,ctx.tenantId,no,admin_or_owner,n/a,denied_or_n/a,no,no,not_applicable,none,forbidden_middleware_403,yes,n/a,no_or_middleware_only,no,/api/v1/admin/alerts/:id/resolve,,none_route_level,no,no,PROVEN,,apps/web/app/api/v1/admin/alerts/[id]/resolve/route.ts,
/api/v1/admin/analytics/ai-guide,GET,admin,tenant_admin,,supabase_session,server_derived,ctx.tenantId,no,admin_or_owner,n/a,denied_or_n/a,no,no,not_applicable,none,forbidden_middleware_403,no,n/a,no_or_middleware_only,no,/api/v1/admin/analytics/ai-guide,,none_route_level,no,no,PROVEN,,apps/web/app/api/v1/admin/analytics/ai-guide/route.ts,
/api/v1/admin/analytics/ai-risk,GET,admin,tenant_admin,,supabase_session,server_derived,ctx.tenantId,no,admin_or_owner,n/a,denied_or_n/a,no,no,not_applicable,none,forbidden_middleware_403,no,n/a,no_or_middleware_only,no,/api/v1/admin/analytics/ai-risk,,none_route_level,no,no,PROVEN,,apps/web/app/api/v1/admin/analytics/ai-risk/route.ts,
/api/v1/admin/analytics/ops,GET,admin,tenant_admin,,supabase_session,server_derived,ctx.tenantId,no,admin_or_owner,n/a,denied_or_n/a,no,no,not_applicable,none,forbidden_middleware_403,no,n/a,no_or_middleware_only,no,/api/v1/admin/analytics/ops,,none_route_level,no,no,PROVEN,,apps/web/app/api/v1/admin/analytics/ops/route.ts,
/api/v1/admin/analytics/productivity,GET,admin,tenant_admin,,supabase_session,server_derived,ctx.tenantId,no,admin_or_owner,n/a,denied_or_n/a,no,no,not_applicable,none,forbidden_middleware_403,no,n/a,no_or_middleware_only,no,/api/v1/admin/analytics/productivity,,none_route_level,no,no,PROVEN,,apps/web/app/api/v1/admin/analytics/productivity/route.ts,
/api/v1/admin/anomalies,GET|PATCH,admin,tenant_admin,,supabase_session,server_derived,ctx.tenantId,no,admin_or_owner,n/a,denied_or_n/a,no,no,not_applicable,none,forbidden_middleware_403,yes,n/a,no_or_middleware_only,no,/api/v1/admin/anomalies,,none_route_level,no,no,PROVEN,,apps/web/app/api/v1/admin/anomalies/route.ts,
/api/v1/admin/audit-logs,GET,admin,tenant_admin,,supabase_session,server_derived,ctx.tenantId,no,admin_or_owner,n/a,denied_or_n/a,no,no,not_applicable,none,forbidden_middleware_403,no,n/a,no_or_middleware_only,no,/api/v1/admin/audit-logs,,none_route_level,no,no,PROVEN,,apps/web/app/api/v1/admin/audit-logs/route.ts,
/api/v1/admin/billing/pilot-status,GET,admin,platform_owner,,platform_owner_grants+middleware,cross_tenant_platform,platform_scope,no,platform_owner_grant_not_tenant_admin,n/a,denied,yes,no,not_applicable,none,forbidden_middleware_403,no,n/a,no_or_middleware_only,yes,/api/v1/platform/billing/pilot-status,app/api/v1/admin/billing/pilot-status/route.test.ts,partial_see_test|roles,no,no,GAP,P2,apps/web/app/api/v1/admin/billing/pilot-status/route.ts;admin alias relies on handler requirePlatformOwnerApi not middleware owner path,2B_platform_gate_depth
/api/v1/admin/billing/pilot-workspaces,GET|POST,admin,platform_owner,,platform_owner_grants+middleware,cross_tenant_platform,platform_scope,no,platform_owner_grant_not_tenant_admin,n/a,denied,yes,no,not_applicable,none,forbidden_middleware_403,yes,n/a,no_or_middleware_only,yes,/api/v1/platform/billing/pilot-workspaces,app/api/v1/admin/billing/pilot-workspaces/route.test.ts,partial_see_test|roles,no,no,GAP,P2,apps/web/app/api/v1/admin/billing/pilot-workspaces/route.ts;admin alias relies on handler requirePlatformOwnerApi not middleware owner path,2B_platform_gate_depth
/api/v1/admin/billing/pilot-workspaces/:workspaceId,DELETE,admin,platform_owner,,platform_owner_grants+middleware,cross_tenant_platform,platform_scope,no,platform_owner_grant_not_tenant_admin,n/a,denied,yes,no,not_applicable,none,forbidden_middleware_403,yes,n/a,no_or_middleware_only,yes,/api/v1/platform/billing/pilot-workspaces/:workspaceId,,none_route_level,no,no,GAP,P2,apps/web/app/api/v1/admin/billing/pilot-workspaces/[workspaceId]/route.ts;admin alias relies on handler requirePlatformOwnerApi not middleware owner path,2B_platform_gate_depth
/api/v1/admin/billing/process-pending-events,POST,admin,platform_owner,,platform_owner_grants+middleware,cross_tenant_platform,platform_scope,no,platform_owner_grant_not_tenant_admin,n/a,denied,yes,no,not_applicable,none,forbidden_middleware_403,yes,n/a,no_or_middleware_only,yes,/api/v1/platform/billing/process-pending-events,,none_route_level,no,no,GAP,P2,apps/web/app/api/v1/admin/billing/process-pending-events/route.ts;admin alias relies on handler requirePlatformOwnerApi not middleware owner path,2B_platform_gate_depth
/api/v1/admin/billing/provider-status,GET,admin,platform_owner,,platform_owner_grants+middleware,cross_tenant_platform,platform_scope,no,platform_owner_grant_not_tenant_admin,n/a,denied,yes,no,not_applicable,none,forbidden_middleware_403,no,n/a,no_or_middleware_only,yes,/api/v1/platform/billing/provider-status,app/api/v1/admin/billing/provider-status/route.test.ts,partial_see_test|roles,no,no,GAP,P2,apps/web/app/api/v1/admin/billing/provider-status/route.ts;admin alias relies on handler requirePlatformOwnerApi not middleware owner path,2B_platform_gate_depth
/api/v1/admin/billing/reprocess-event,POST,admin,platform_owner,,platform_owner_grants+middleware,cross_tenant_platform,platform_scope,no,platform_owner_grant_not_tenant_admin,n/a,denied,yes,no,not_applicable,none,forbidden_middleware_403,yes,n/a,no_or_middleware_only,yes,/api/v1/platform/billing/reprocess-event,,none_route_level,no,no,GAP,P2,apps/web/app/api/v1/admin/billing/reprocess-event/route.ts;admin alias relies on handler requirePlatformOwnerApi not middleware owner path,2B_platform_gate_depth
/api/v1/admin/billing/reprocess-workspace-events,POST,admin,platform_owner,,platform_owner_grants+middleware,cross_tenant_platform,platform_scope,no,platform_owner_grant_not_tenant_admin,n/a,denied,yes,no,not_applicable,none,forbidden_middleware_403,yes,n/a,no_or_middleware_only,yes,/api/v1/platform/billing/reprocess-workspace-events,,none_route_level,no,no,GAP,P2,apps/web/app/api/v1/admin/billing/reprocess-workspace-events/route.ts;admin alias relies on handler requirePlatformOwnerApi not middleware owner path,2B_platform_gate_depth
/api/v1/admin/billing/workspace-status,GET,admin,platform_owner,,platform_owner_grants+middleware,cross_tenant_platform,platform_scope,no,platform_owner_grant_not_tenant_admin,n/a,denied,yes,no,not_applicable,none,forbidden_middleware_403,no,n/a,no_or_middleware_only,yes,/api/v1/platform/billing/workspace-status,,none_route_level,no,no,GAP,P2,apps/web/app/api/v1/admin/billing/workspace-status/route.ts;admin alias relies on handler requirePlatformOwnerApi not middleware owner path,2B_platform_gate_depth
/api/v1/admin/exports,POST,admin,tenant_admin,,supabase_session,server_derived,ctx.tenantId,yes,admin_or_owner,n/a,denied_or_n/a,no,no,not_applicable,none,forbidden_middleware_403,yes,n/a,yes,no,/api/v1/admin/exports,,none_route_level,no,no,PROVEN,,apps/web/app/api/v1/admin/exports/route.ts,
/api/v1/admin/exports/:id/status,GET,admin,tenant_admin,,supabase_session,server_derived,ctx.tenantId,no,admin_or_owner,n/a,denied_or_n/a,no,no,not_applicable,none,forbidden_middleware_403,no,n/a,no_or_middleware_only,no,/api/v1/admin/exports/:id/status,,none_route_level,no,no,PROVEN,,apps/web/app/api/v1/admin/exports/[id]/status/route.ts,
/api/v1/admin/flags,GET|POST,admin,tenant_admin,,supabase_session,server_derived,ctx.tenantId,yes,platform_owner_for_POST,n/a,denied_or_n/a,yes_legacy_admin_route,no,not_applicable,none,forbidden_middleware_403,yes,n/a,no_or_middleware_only,no,/api/v1/admin/flags,,none_route_level,no,no,PROVEN,,apps/web/app/api/v1/admin/flags/route.ts,
/api/v1/admin/jobs,GET,admin,tenant_admin,,supabase_session,server_derived,ctx.tenantId,no,admin_or_owner,n/a,denied_or_n/a,no,no,not_applicable,none,forbidden_middleware_403,no,n/a,no_or_middleware_only,no,/api/v1/admin/jobs,,none_route_level,no,no,PROVEN,,apps/web/app/api/v1/admin/jobs/route.ts,
/api/v1/admin/jobs/cron-tick,POST,admin,cron_or_platform,,cron_secret_or_platform_owner,none_or_delegated,n/a_or_delegated,yes,membership_required,n/a,denied_or_n/a,partial_blocks_tenant_admin_browser,no,not_applicable,none,forbidden_middleware_403,yes,n/a,no_or_middleware_only,no,/api/v1/admin/jobs/cron-tick,app/api/v1/admin/jobs/cron-tick/route.test.ts,partial_see_test|unauth|roles,no,no,PROVEN,,apps/web/app/api/v1/admin/jobs/cron-tick/route.ts,
/api/v1/admin/jobs/schedule-reconcile,POST,admin,tenant_admin,,supabase_session,none_or_delegated,n/a_or_delegated,yes,admin_or_owner,n/a,denied_or_n/a,no,no,not_applicable,none,forbidden_middleware_403,yes,n/a,no_or_middleware_only,no,/api/v1/admin/jobs/schedule-reconcile,app/api/v1/admin/jobs/schedule-reconcile/route.test.ts,partial_see_test|unauth|roles,no,no,PROVEN,,apps/web/app/api/v1/admin/jobs/schedule-reconcile/route.ts,
/api/v1/admin/leads,GET,admin,platform_owner,,platform_owner_grants+middleware,cross_tenant_platform,platform_scope,no,platform_owner_grant_not_tenant_admin,n/a,denied,yes,no,not_applicable,none,forbidden_middleware_403,no,n/a,no_or_middleware_only,yes,/api/v1/platform/leads,app/api/v1/admin/leads/route.test.ts,partial_see_test|roles,no,no,GAP,P2,apps/web/app/api/v1/admin/leads/route.ts;admin alias relies on handler requirePlatformOwnerApi not middleware owner path,2B_platform_gate_depth
/api/v1/admin/leads/:id,GET|PATCH,admin,platform_owner,,platform_owner_grants+middleware,cross_tenant_platform,platform_scope,no,platform_owner_grant_not_tenant_admin,n/a,denied,yes,no,not_applicable,none,forbidden_middleware_403,yes,n/a,no_or_middleware_only,yes,/api/v1/platform/leads/:id,,none_route_level,no,no,GAP,P2,apps/web/app/api/v1/admin/leads/[id]/route.ts;admin alias relies on handler requirePlatformOwnerApi not middleware owner path,2B_platform_gate_depth
/api/v1/admin/leads/bulk,PATCH,admin,platform_owner,,platform_owner_grants+middleware,cross_tenant_platform,platform_scope,no,platform_owner_grant_not_tenant_admin,n/a,denied,yes,no,not_applicable,none,forbidden_middleware_403,yes,n/a,no_or_middleware_only,yes,/api/v1/platform/leads/bulk,,none_route_level,no,no,GAP,P2,apps/web/app/api/v1/admin/leads/bulk/route.ts;admin alias relies on handler requirePlatformOwnerApi not middleware owner path,2B_platform_gate_depth
/api/v1/admin/metrics/overview,GET,admin,tenant_admin,,supabase_session,server_derived,ctx.tenantId,no,admin_or_owner,n/a,denied_or_n/a,no,no,not_applicable,none,forbidden_middleware_403,no,n/a,no_or_middleware_only,no,/api/v1/admin/metrics/overview,,none_route_level,no,no,PROVEN,,apps/web/app/api/v1/admin/metrics/overview/route.ts,
/api/v1/admin/operator/context,GET,admin,tenant_admin,,supabase_session,server_derived,ctx.tenantId,no,admin_or_owner,n/a,denied_or_n/a,no,no,not_applicable,none,forbidden_middleware_403,no,n/a,no_or_middleware_only,no,/api/v1/admin/operator/context,,none_route_level,no,no,PROVEN,,apps/web/app/api/v1/admin/operator/context/route.ts,
/api/v1/admin/operator/smoke,POST,admin,tenant_admin,,supabase_session,server_derived,ctx.tenantId,yes,admin_or_owner,n/a,denied_or_n/a,no,no,not_applicable,none,forbidden_middleware_403,yes,n/a,no_or_middleware_only,no,/api/v1/admin/operator/smoke,,none_route_level,no,no,PROVEN,,apps/web/app/api/v1/admin/operator/smoke/route.ts,
/api/v1/admin/ops/ai-runtime,GET,admin,tenant_admin,,supabase_session,server_derived,ctx.tenantId,no,admin_or_owner,n/a,denied_or_n/a,no,no,not_applicable,none,forbidden_middleware_403,no,n/a,no_or_middleware_only,no,/api/v1/admin/ops/ai-runtime,,none_route_level,no,no,PROVEN,,apps/web/app/api/v1/admin/ops/ai-runtime/route.ts,
/api/v1/admin/ops/diagnostics,GET,admin,tenant_admin,,supabase_session,server_derived,ctx.tenantId,yes,admin_or_owner,n/a,denied_or_n/a,no,no,not_applicable,none,forbidden_middleware_403,no,n/a,no_or_middleware_only,no,/api/v1/admin/ops/diagnostics,app/api/v1/admin/ops/diagnostics/route.test.ts,partial_see_test|unauth|roles,no,no,PROVEN,,apps/web/app/api/v1/admin/ops/diagnostics/route.ts,
/api/v1/admin/privacy/findings,GET,admin,tenant_admin,,supabase_session,server_derived,ctx.tenantId,no,admin_or_owner,n/a,denied_or_n/a,no,no,not_applicable,none,forbidden_middleware_403,no,n/a,no_or_middleware_only,no,/api/v1/admin/privacy/findings,,none_route_level,no,no,PROVEN,,apps/web/app/api/v1/admin/privacy/findings/route.ts,
/api/v1/admin/push/outbox,GET,admin,tenant_admin,,supabase_session,server_derived,ctx.tenantId,no,admin_or_owner,n/a,denied_or_n/a,no,no,not_applicable,none,forbidden_middleware_403,no,n/a,no_or_middleware_only,no,/api/v1/admin/push/outbox,,none_route_level,no,no,PROVEN,,apps/web/app/api/v1/admin/push/outbox/route.ts,
/api/v1/admin/push/test,POST,admin,tenant_admin,,supabase_session,server_derived,ctx.tenantId,yes,admin_or_owner,n/a,denied_or_n/a,no,no,not_applicable,none,forbidden_middleware_403,yes,n/a,no_or_middleware_only,no,/api/v1/admin/push/test,,none_route_level,no,no,PROVEN,,apps/web/app/api/v1/admin/push/test/route.ts,
/api/v1/admin/security/posture,GET,admin,tenant_admin,,supabase_session,server_derived,ctx.tenantId,no,admin_or_owner,n/a,denied_or_n/a,no,no,not_applicable,none,forbidden_middleware_403,no,n/a,no_or_middleware_only,no,/api/v1/admin/security/posture,,none_route_level,no,no,PROVEN,,apps/web/app/api/v1/admin/security/posture/route.ts,
/api/v1/admin/slo/overview,GET,admin,tenant_admin,,supabase_session,server_derived,ctx.tenantId,no,admin_or_owner,n/a,denied_or_n/a,no,no,not_applicable,none,forbidden_middleware_403,no,n/a,no_or_middleware_only,no,/api/v1/admin/slo/overview,,none_route_level,no,no,PROVEN,,apps/web/app/api/v1/admin/slo/overview/route.ts,
/api/v1/admin/slo/tenants/:tenantId,GET,admin,tenant_admin,,supabase_session,server_derived,ctx.tenantId,no,admin_or_owner,n/a,denied_or_n/a,no,no,not_applicable,none,forbidden_middleware_403,no,n/a,no_or_middleware_only,no,/api/v1/admin/slo/tenants/:tenantId,,none_route_level,no,no,PROVEN,,apps/web/app/api/v1/admin/slo/tenants/[tenantId]/route.ts,
/api/v1/admin/tenants/:id/flags,POST,admin,tenant_admin,,supabase_session,server_derived,ctx.tenantId,yes,platform_owner_for_POST,n/a,denied_or_n/a,yes_legacy_admin_route,no,not_applicable,none,forbidden_middleware_403,yes,n/a,no_or_middleware_only,no,/api/v1/admin/tenants/:id/flags,,none_route_level,no,no,PROVEN,,apps/web/app/api/v1/admin/tenants/[id]/flags/route.ts,
/api/v1/ai/action-plan,POST,ai,authenticated_tenant,,supabase_session,server_derived,ctx.tenantId,no,membership_required,n/a,denied_or_n/a,no,no,not_applicable,none,forbidden_middleware_403,yes,n/a,no_or_middleware_only,no,/api/v1/ai/action-plan,,none_route_level,no,no,PROVEN,,apps/web/app/api/v1/ai/action-plan/route.ts,
/api/v1/ai/analyze-image,POST,ai,authenticated_tenant,,supabase_session,server_derived,ctx.tenantId,yes,membership_required,n/a,denied_or_n/a,no,no,not_applicable,none,forbidden_middleware_403,yes,n/a,yes,no,/api/v1/ai/analyze-image,app/api/v1/ai/analyze-image/route.test.ts,partial_see_test|roles,yes,no,PROVEN,,apps/web/app/api/v1/ai/analyze-image/route.ts,
/api/v1/ai/analyze-video-daily,POST,ai,authenticated_tenant,,supabase_session,server_derived,ctx.tenantId,yes,membership_required,n/a,denied_or_n/a,no,no,not_applicable,none,forbidden_middleware_403,yes,n/a,yes,no,/api/v1/ai/analyze-video-daily,app/api/v1/ai/analyze-video-daily/route.test.ts,partial_see_test|roles,no,no,PROVEN,,apps/web/app/api/v1/ai/analyze-video-daily/route.ts,
/api/v1/ai/evals/report,GET,ai,authenticated_tenant,,supabase_session,server_derived,ctx.tenantId,no,membership_required,n/a,denied_or_n/a,no,no,not_applicable,none,forbidden_middleware_403,no,n/a,no_or_middleware_only,no,/api/v1/ai/evals/report,,none_route_level,no,no,PROVEN,,apps/web/app/api/v1/ai/evals/report/route.ts,
/api/v1/ai/evals/run,POST,ai,authenticated_tenant,,supabase_session,server_derived,ctx.tenantId,no,membership_required,n/a,denied_or_n/a,no,no,not_applicable,none,forbidden_middleware_403,yes,n/a,no_or_middleware_only,no,/api/v1/ai/evals/run,,none_route_level,no,no,PROVEN,,apps/web/app/api/v1/ai/evals/run/route.ts,
/api/v1/ai/feedback,POST,ai,authenticated_tenant,,supabase_session,server_derived,ctx.tenantId,no,membership_required,n/a,denied_or_n/a,no,no,not_applicable,none,forbidden_middleware_403,yes,n/a,no_or_middleware_only,no,/api/v1/ai/feedback,,none_route_level,no,no,PROVEN,,apps/web/app/api/v1/ai/feedback/route.ts,
/api/v1/ai/improvements,GET,ai,authenticated_tenant,,supabase_session,server_derived,ctx.tenantId,no,membership_required,n/a,denied_or_n/a,no,no,not_applicable,none,forbidden_middleware_403,no,n/a,no_or_middleware_only,no,/api/v1/ai/improvements,,none_route_level,no,no,PROVEN,,apps/web/app/api/v1/ai/improvements/route.ts,
/api/v1/ai/memory/context,GET,ai,authenticated_tenant,,supabase_session,server_derived,ctx.tenantId,no,membership_required,n/a,denied_or_n/a,no,no,not_applicable,none,forbidden_middleware_403,no,n/a,no_or_middleware_only,no,/api/v1/ai/memory/context,,none_route_level,no,no,PROVEN,,apps/web/app/api/v1/ai/memory/context/route.ts,
/api/v1/ai/memory/record,POST,ai,authenticated_tenant,,supabase_session,server_derived,ctx.tenantId,no,membership_required,n/a,denied_or_n/a,no,no,not_applicable,none,forbidden_middleware_403,yes,n/a,no_or_middleware_only,no,/api/v1/ai/memory/record,,none_route_level,no,no,PROVEN,,apps/web/app/api/v1/ai/memory/record/route.ts,
/api/v1/ai/optimizations/candidates,GET,ai,authenticated_tenant,,supabase_session,server_derived,ctx.tenantId,no,membership_required,n/a,denied_or_n/a,no,no,not_applicable,none,forbidden_middleware_403,no,n/a,no_or_middleware_only,no,/api/v1/ai/optimizations/candidates,,none_route_level,no,no,PROVEN,,apps/web/app/api/v1/ai/optimizations/candidates/route.ts,
/api/v1/ai/optimizations/experiments/run,POST,ai,authenticated_tenant,,supabase_session,server_derived,ctx.tenantId,no,membership_required,n/a,denied_or_n/a,no,no,not_applicable,none,forbidden_middleware_403,yes,n/a,no_or_middleware_only,no,/api/v1/ai/optimizations/experiments/run,,none_route_level,no,no,PROVEN,,apps/web/app/api/v1/ai/optimizations/experiments/run/route.ts,
/api/v1/ai/optimizations/proposals,POST,ai,authenticated_tenant,,supabase_session,server_derived,ctx.tenantId,no,membership_required,n/a,denied_or_n/a,no,no,not_applicable,none,forbidden_middleware_403,yes,n/a,no_or_middleware_only,no,/api/v1/ai/optimizations/proposals,,none_route_level,no,no,PROVEN,,apps/web/app/api/v1/ai/optimizations/proposals/route.ts,
/api/v1/ai/optimizations/report,GET,ai,authenticated_tenant,,supabase_session,server_derived,ctx.tenantId,no,membership_required,n/a,denied_or_n/a,no,no,not_applicable,none,forbidden_middleware_403,no,n/a,no_or_middleware_only,no,/api/v1/ai/optimizations/report,,none_route_level,no,no,PROVEN,,apps/web/app/api/v1/ai/optimizations/report/route.ts,
/api/v1/ai/project-brief,GET,ai,authenticated_tenant,,supabase_session,server_derived,ctx.tenantId,no,membership_required,n/a,denied_or_n/a,no,no,not_applicable,none,forbidden_middleware_403,no,n/a,no_or_middleware_only,no,/api/v1/ai/project-brief,,none_route_level,no,no,PROVEN,,apps/web/app/api/v1/ai/project-brief/route.ts,
/api/v1/ai/requests,GET,ai,authenticated_tenant,,supabase_session,server_derived,ctx.tenantId,no,membership_required,n/a,denied_or_n/a,no,no,not_applicable,none,forbidden_middleware_403,no,n/a,no_or_middleware_only,no,/api/v1/ai/requests,,none_route_level,no,no,PROVEN,,apps/web/app/api/v1/ai/requests/route.ts,
/api/v1/ai/requests/:id,GET,ai,authenticated_tenant,,supabase_session,server_derived,ctx.tenantId,no,membership_required,n/a,denied_or_n/a,no,no,not_applicable,none,forbidden_middleware_403,no,n/a,no_or_middleware_only,no,/api/v1/ai/requests/:id,,none_route_level,no,no,PROVEN,,apps/web/app/api/v1/ai/requests/[id]/route.ts,
/api/v1/ai/transcribe,POST,ai,authenticated_tenant,,supabase_session,server_derived,ctx.tenantId,yes,membership_required,n/a,denied_or_n/a,no,no,not_applicable,none,forbidden_middleware_403,yes,n/a,no_or_middleware_only,no,/api/v1/ai/transcribe,app/api/v1/ai/transcribe/route.test.ts,partial_see_test|roles,no,no,PROVEN,,apps/web/app/api/v1/ai/transcribe/route.ts,
/api/v1/alerts,GET,other,authenticated_tenant,,supabase_session,server_derived,ctx.tenantId,no,membership_required,n/a,denied_or_n/a,no,no,not_applicable,none,forbidden_middleware_403,no,n/a,no_or_middleware_only,no,/api/v1/alerts,,none_route_level,no,no,PROVEN,,apps/web/app/api/v1/alerts/route.ts,
/api/v1/analysis/process,POST,jobs,authenticated_any_user,,supabase_session_only,NONE,NONE_processOneJob_global_dequeue,yes_bypasses_rls,membership_required,n/a,denied_or_n/a,no,no,not_applicable,none,forbidden_middleware_403,yes,n/a,no_or_middleware_only,no,/api/v1/analysis/process,app/api/v1/analysis/process/route.test.ts,partial_see_test|unauth|roles,no,no,GAP,P0,apps/web/app/api/v1/analysis/process/route.ts;apps/web/lib/ai/runOneJob.ts;any auth user dequeues via service_role without tenant filter,2B_analysis_process_tenant_scope
/api/v1/approvals/pending,GET,other,authenticated_tenant,,supabase_session,server_derived,ctx.tenantId,no,membership_required,n/a,denied_or_n/a,no,no,not_applicable,none,forbidden_middleware_403,no,n/a,no_or_middleware_only,no,/api/v1/approvals/pending,,none_route_level,no,no,PROVEN,,apps/web/app/api/v1/approvals/pending/route.ts,
/api/v1/auth/login,POST,auth,public_auth,auth_callback_login,supabase_auth,none_or_delegated,n/a_or_delegated,no,n/a,n/a,denied_or_n/a,no,no,not_applicable,none,allowed_write_prefix,yes,check_handler,no_or_middleware_only,no,/api/v1/auth/login,,none_route_level,no,no,PROVEN,,apps/web/app/api/v1/auth/login/route.ts,
/api/v1/auth/methods,GET|POST,auth,public_auth,auth_callback_login,supabase_auth,none_or_delegated,n/a_or_delegated,no,n/a,n/a,denied_or_n/a,no,no,not_applicable,none,allowed_write_prefix,yes,check_handler,no_or_middleware_only,no,/api/v1/auth/methods,app/api/v1/auth/methods/route.test.ts,partial_see_test|roles,no,no,PROVEN,,apps/web/app/api/v1/auth/methods/route.ts,
/api/v1/auth/telegram,POST,auth,public_auth,auth_callback_login,telegram_bot_token,none_or_delegated,n/a_or_delegated,yes,n/a,n/a,denied_or_n/a,no,no,not_applicable,none,allowed_write_prefix,yes,check_handler,no_or_middleware_only,no,/api/v1/auth/telegram,app/api/v1/auth/telegram/route.test.ts,partial_see_test|unauth|roles,no,no,PROVEN,,apps/web/app/api/v1/auth/telegram/route.ts,
/api/v1/billing/checkout-readiness,POST,billing,authenticated_tenant,,supabase_session,server_derived,ctx.tenantId,yes,membership_required,n/a,denied_or_n/a,no,no,not_applicable,none,forbidden_middleware_403,yes,n/a,no_or_middleware_only,no,/api/v1/billing/checkout-readiness,,none_route_level,no,no,PROVEN,,apps/web/app/api/v1/billing/checkout-readiness/route.ts,
/api/v1/billing/checkout-session,POST,billing,authenticated_tenant,,supabase_session,server_derived,ctx.tenantId,yes,membership_required,n/a,denied_or_n/a,no,no,not_applicable,none,forbidden_middleware_403,yes,n/a,no_or_middleware_only,no,/api/v1/billing/checkout-session,,none_route_level,no,no,PROVEN,,apps/web/app/api/v1/billing/checkout-session/route.ts,
/api/v1/billing/overview,GET,billing,authenticated_tenant,,supabase_session,server_derived,ctx.tenantId,yes,membership_required,n/a,denied_or_n/a,no,no,not_applicable,none,forbidden_middleware_403,no,n/a,no_or_middleware_only,no,/api/v1/billing/overview,,none_route_level,no,no,PROVEN,,apps/web/app/api/v1/billing/overview/route.ts,
/api/v1/billing/portal,GET,billing,authenticated_tenant,,supabase_session,server_derived,ctx.tenantId,yes,membership_required,n/a,denied_or_n/a,no,no,not_applicable,none,forbidden_middleware_403,no,n/a,no_or_middleware_only,no,/api/v1/billing/portal,,none_route_level,no,no,PROVEN,,apps/web/app/api/v1/billing/portal/route.ts,
/api/v1/billing/sandbox/cancel,POST,billing,authenticated_tenant,,supabase_session,server_derived,ctx.tenantId,yes,membership_required,n/a,denied_or_n/a,no,no,not_applicable,none,forbidden_middleware_403,yes,n/a,no_or_middleware_only,no,/api/v1/billing/sandbox/cancel,,none_route_level,no,no,PROVEN,,apps/web/app/api/v1/billing/sandbox/cancel/route.ts,
/api/v1/billing/sandbox/complete,POST,billing,authenticated_tenant,,supabase_session,server_derived,ctx.tenantId,yes,membership_required,n/a,denied_or_n/a,no,no,not_applicable,none,forbidden_middleware_403,yes,n/a,no_or_middleware_only,no,/api/v1/billing/sandbox/complete,,none_route_level,no,no,PROVEN,,apps/web/app/api/v1/billing/sandbox/complete/route.ts,
/api/v1/billing/webhook,POST,billing,public_webhook,signed_webhook,webhook_signature_or_secret,none_or_delegated,n/a_or_delegated,yes_webhook,n/a,n/a,denied_or_n/a,no,no,not_applicable,none,forbidden_middleware_403,yes,n/a,no_or_middleware_only,no,/api/v1/billing/webhook,,none_route_level,no,no,PROVEN,,apps/web/app/api/v1/billing/webhook/route.ts,
/api/v1/billing/webhooks/stripe,POST,billing,public_webhook,signed_webhook,webhook_signature_or_secret,none_or_delegated,n/a_or_delegated,yes_webhook,n/a,n/a,denied_or_n/a,no,no,not_applicable,none,forbidden_middleware_403,yes,n/a,no_or_middleware_only,no,/api/v1/billing/webhooks/stripe,app/api/v1/billing/webhooks/stripe/route.test.ts,partial_see_test|roles,no,no,PROVEN,,apps/web/app/api/v1/billing/webhooks/stripe/route.ts,
/api/v1/config,GET,health,authenticated_or_public_config,health_config,none_or_session,server_derived,ctx.tenantId,no,n/a,n/a,denied_or_n/a,no,no,not_applicable,none,allowed_read,no,n/a,no_or_middleware_only,no,/api/v1/config,app/api/v1/config/route.test.ts,partial_see_test|unauth|roles|lite,no,no,PROVEN,,apps/web/app/api/v1/config/route.ts,
/api/v1/contact,POST,contact_leads,public,contact,none_or_rate_limited,none_or_delegated,n/a_or_delegated,yes_public_insert,n/a,n/a,denied_or_n/a,no,no,not_applicable,none,forbidden_middleware_403,yes,n/a,no_or_middleware_only,no,/api/v1/contact,app/api/v1/contact/route.test.ts,partial_see_test|roles,no,no,PROVEN,P3,apps/web/app/api/v1/contact/route.ts,2D_public_abuse_controls
/api/v1/contractors/directory,GET,other,authenticated_tenant,,supabase_session,server_derived,ctx.tenantId,no,membership_required,n/a,denied_or_n/a,no,no,not_applicable,none,forbidden_middleware_403,no,n/a,no_or_middleware_only,no,/api/v1/contractors/directory,,none_route_level,no,no,PROVEN,,apps/web/app/api/v1/contractors/directory/route.ts,
/api/v1/contractors/directory/:userId,GET|PATCH,other,authenticated_tenant,,supabase_session,server_derived,ctx.tenantId,no,membership_required,n/a,denied_or_n/a,no,no,not_applicable,none,forbidden_middleware_403,yes,n/a,no_or_middleware_only,no,/api/v1/contractors/directory/:userId,,none_route_level,no,no,PROVEN,,apps/web/app/api/v1/contractors/directory/[userId]/route.ts,
/api/v1/dashboard/daily-digest,GET,other,authenticated_tenant,,supabase_session,server_derived,ctx.tenantId,no,membership_required,n/a,denied_or_n/a,no,no,not_applicable,none,forbidden_middleware_403,no,n/a,no_or_middleware_only,no,/api/v1/dashboard/daily-digest,,none_route_level,no,no,PROVEN,,apps/web/app/api/v1/dashboard/daily-digest/route.ts,
/api/v1/dashboard/manager-actions,GET,other,authenticated_tenant,,supabase_session,server_derived,ctx.tenantId,no,membership_required,n/a,denied_or_n/a,no,no,not_applicable,none,forbidden_middleware_403,no,n/a,no_or_middleware_only,no,/api/v1/dashboard/manager-actions,app/api/v1/dashboard/manager-actions/route.test.ts,partial_see_test|roles,no,yes,PROVEN,,apps/web/app/api/v1/dashboard/manager-actions/route.ts,
/api/v1/debug/auth,GET,ops_other,public_debug_gated,debug_host_gated,debug_host_flag,none_or_delegated,n/a_or_delegated,no,n/a,n/a,denied_or_n/a,no,no,not_applicable,none,forbidden_middleware_403,no,n/a,no_or_middleware_only,no,/api/v1/debug/auth,,none_route_level,no,no,PROVEN,,apps/web/app/api/v1/debug/auth/route.ts,
/api/v1/devices,GET,devices,authenticated_tenant,,supabase_session,server_derived,ctx.tenantId,yes,membership_required,n/a,denied_or_n/a,no,no,not_applicable,none,allowed_read,no,n/a,no_or_middleware_only,no,/api/v1/devices,app/api/v1/devices/route.test.ts,partial_see_test|unauth|roles,no,no,GAP,P1,apps/web/app/api/v1/devices/route.ts;lite allow-list permits tenant-wide manager-style list,2C_lite_read_scope
/api/v1/devices/register,POST,devices,authenticated_tenant,,supabase_session,server_derived,ctx.tenantId,yes,membership_required,n/a,denied_or_n/a,no,no,not_applicable,none,allowed_write,yes,requireLiteIdempotency,no_or_middleware_only,no,/api/v1/devices/register,app/api/v1/devices/register/route.test.ts,partial_see_test|roles|lite,no,no,PROVEN,,apps/web/app/api/v1/devices/register/route.ts,
/api/v1/devices/unregister,POST,devices,authenticated_tenant,,supabase_session,server_derived,ctx.tenantId,no,membership_required,n/a,denied_or_n/a,no,no,not_applicable,none,allowed_write,yes,requireLiteIdempotency,no_or_middleware_only,no,/api/v1/devices/unregister,app/api/v1/devices/unregister/route.test.ts,partial_see_test|roles|lite,no,no,PROVEN,,apps/web/app/api/v1/devices/unregister/route.ts,
/api/v1/diag/supabase,GET,ops_other,public_debug_gated,debug_host_gated,debug_host_flag,none_or_delegated,n/a_or_delegated,no,n/a,n/a,denied_or_n/a,no,no,not_applicable,none,forbidden_middleware_403,no,n/a,no_or_middleware_only,no,/api/v1/diag/supabase,,none_route_level,no,no,PROVEN,,apps/web/app/api/v1/diag/supabase/route.ts,
/api/v1/governance/cases,GET|POST,other,authenticated_tenant,,supabase_session,server_derived,ctx.tenantId,no,membership_required,n/a,denied_or_n/a,no,no,not_applicable,none,forbidden_middleware_403,yes,n/a,no_or_middleware_only,no,/api/v1/governance/cases,app/api/v1/governance/cases/route.test.ts,partial_see_test,no,no,PROVEN,,apps/web/app/api/v1/governance/cases/route.ts,
/api/v1/governance/cases/:id,GET|PATCH,other,authenticated_tenant,,supabase_session,server_derived,ctx.tenantId,no,membership_required,n/a,denied_or_n/a,no,no,not_applicable,none,forbidden_middleware_403,yes,n/a,no_or_middleware_only,no,/api/v1/governance/cases/:id,,none_route_level,no,no,PROVEN,,apps/web/app/api/v1/governance/cases/[id]/route.ts,
/api/v1/health,GET,health,public,health_config,none,none_or_delegated,n/a_or_delegated,no,n/a,n/a,n/a,no,no,not_applicable,none,forbidden_middleware_403,no,n/a,no_or_middleware_only,no,/api/v1/health,app/api/v1/health/route.test.ts,partial_see_test,no,no,PROVEN,,apps/web/app/api/v1/health/route.ts,
/api/v1/health/auth,GET,health,public_debug_gated,debug_host_gated,debug_host_flag,none_or_delegated,n/a_or_delegated,no,n/a,n/a,denied_or_n/a,no,no,not_applicable,none,forbidden_middleware_403,no,n/a,no_or_middleware_only,no,/api/v1/health/auth,app/api/v1/health/auth/route.test.ts,partial_see_test,no,no,PROVEN,,apps/web/app/api/v1/health/auth/route.ts,
/api/v1/help/assistant,POST,help,public,other_proven_static_help_kb,none,none_or_delegated,n/a_or_delegated,no,n/a,n/a,denied_or_n/a,no,no,not_applicable,none,allowed_write,yes,GAP_missing_requireLiteIdempotency,GAP_missing,no,/api/v1/help/assistant,,none_route_level,no,no,GAP,P1,apps/web/app/api/v1/help/assistant/route.ts;unauthenticated help POST allowed for lite; static KB only,2C_lite_idempotency_rate_limits
/api/v1/help/assistant/events,POST,help,authenticated_tenant,,supabase_session,server_derived,ctx.tenantId,no,membership_required,n/a,denied_or_n/a,no,no,not_applicable,none,allowed_write,yes,GAP_missing_requireLiteIdempotency,no_or_middleware_only,no,/api/v1/help/assistant/events,,none_route_level,no,no,GAP,P1,apps/web/app/api/v1/help/assistant/events/route.ts;help/assistant/events lacks requireLiteIdempotency,2C_lite_idempotency_rate_limits
/api/v1/help/assistant/metrics,GET,help,authenticated_tenant_or_admin,,supabase_session,server_derived,ctx.tenantId,no,membership_required,n/a,denied_or_n/a,no,no,not_applicable,none,forbidden_middleware_403,no,n/a,no_or_middleware_only,no,/api/v1/help/assistant/metrics,,none_route_level,no,no,PROVEN,,apps/web/app/api/v1/help/assistant/metrics/route.ts;not on lite allow-list; blocked for lite clients,
/api/v1/help/hints,POST,help,public,other_proven_static_help_kb,none,none_or_delegated,n/a_or_delegated,no,n/a,n/a,denied_or_n/a,no,no,not_applicable,none,allowed_write,yes,GAP_missing_requireLiteIdempotency,GAP_missing,no,/api/v1/help/hints,,none_route_level,no,no,GAP,P1,apps/web/app/api/v1/help/hints/route.ts;unauthenticated help POST allowed for lite; static KB only,2C_lite_idempotency_rate_limits
/api/v1/help/query,POST,help,authenticated_tenant_or_admin,,supabase_session,none_or_delegated,n/a_or_delegated,no,membership_required,n/a,denied_or_n/a,no,no,not_applicable,none,forbidden_middleware_403,yes,n/a,no_or_middleware_only,no,/api/v1/help/query,,none_route_level,no,no,PROVEN,,apps/web/app/api/v1/help/query/route.ts;not on lite allow-list; blocked for lite clients,
/api/v1/integrations/telegram/link,DELETE|GET|POST,integrations,authenticated_tenant,,supabase_session,server_derived,ctx.tenantId,yes,membership_required,n/a,denied_or_n/a,no,no,not_applicable,none,forbidden_middleware_403,yes,n/a,no_or_middleware_only,no,/api/v1/integrations/telegram/link,,none_route_level,no,no,PROVEN,,apps/web/app/api/v1/integrations/telegram/link/route.ts,
/api/v1/integrations/telegram/webhook,POST,integrations,public_webhook,signed_webhook,webhook_signature_or_secret,none_or_delegated,n/a_or_delegated,yes_webhook,n/a,n/a,denied_or_n/a,no,no,not_applicable,none,forbidden_middleware_403,yes,n/a,no_or_middleware_only,no,/api/v1/integrations/telegram/webhook,app/api/v1/integrations/telegram/webhook/route.test.ts,partial_see_test|unauth|roles,no,no,PROVEN,,apps/web/app/api/v1/integrations/telegram/webhook/route.ts,
/api/v1/jobs/process,POST,jobs,authenticated_tenant,,supabase_session,server_derived,ctx.tenantId,yes,membership_required,n/a,denied_or_n/a,no,no,not_applicable,none,forbidden_middleware_403,yes,n/a,yes,no,/api/v1/jobs/process,app/api/v1/jobs/process/route.test.ts,partial_see_test|unauth|roles,no,no,PROVEN,,apps/web/app/api/v1/jobs/process/route.ts;requireTenant+authorize before process,
/api/v1/me,GET,other,authenticated_tenant,,supabase_session,server_derived,ctx.tenantId,no,membership_required,n/a,denied_or_n/a,no,no,not_applicable,none,forbidden_middleware_403,no,n/a,no_or_middleware_only,no,/api/v1/me,,none_route_level,no,no,PROVEN,,apps/web/app/api/v1/me/route.ts,
/api/v1/media/:mediaId/annotations,POST,media,authenticated_tenant,,supabase_session,server_derived,ctx.tenantId,yes,membership_required,n/a,denied_or_n/a,no,no,not_applicable,none,forbidden_middleware_403,yes,n/a,no_or_middleware_only,no,/api/v1/media/:mediaId/annotations,,none_route_level,no,no,PROVEN,,apps/web/app/api/v1/media/[mediaId]/annotations/route.ts,
/api/v1/media/:mediaId/annotations/:id,PATCH,media,authenticated_tenant,,supabase_session,server_derived,ctx.tenantId,yes,membership_required,n/a,denied_or_n/a,no,no,not_applicable,none,forbidden_middleware_403,yes,n/a,no_or_middleware_only,no,/api/v1/media/:mediaId/annotations/:id,,none_route_level,no,no,PROVEN,,apps/web/app/api/v1/media/[mediaId]/annotations/[id]/route.ts,
/api/v1/media/:mediaId/collab,GET,media,authenticated_tenant,,supabase_session,server_derived,ctx.tenantId,no,membership_required,n/a,denied_or_n/a,no,no,not_applicable,none,forbidden_middleware_403,no,n/a,no_or_middleware_only,no,/api/v1/media/:mediaId/collab,,none_route_level,no,no,PROVEN,,apps/web/app/api/v1/media/[mediaId]/collab/route.ts,
/api/v1/media/:mediaId/comments,POST,media,authenticated_tenant,,supabase_session,server_derived,ctx.tenantId,yes,membership_required,n/a,denied_or_n/a,no,no,not_applicable,none,forbidden_middleware_403,yes,n/a,no_or_middleware_only,no,/api/v1/media/:mediaId/comments,,none_route_level,no,no,PROVEN,,apps/web/app/api/v1/media/[mediaId]/comments/route.ts,
/api/v1/media/upload-sessions,GET|POST,media,authenticated_tenant,,supabase_session,server_derived,ctx.tenantId,no,membership_required,n/a,denied_or_n/a,no,no,not_applicable,none,allowed_read,yes,requireLiteIdempotency,no_or_middleware_only,no,/api/v1/media/upload-sessions,app/api/v1/media/upload-sessions/route.test.ts,partial_see_test|unauth|roles|lite,no,no,GAP,P1,apps/web/app/api/v1/media/upload-sessions/route.ts;GET listForManager exposed to lite via prefix allow-list,2C_lite_read_scope
/api/v1/media/upload-sessions/:id/finalize,POST,media,authenticated_tenant,,supabase_session,server_derived,ctx.tenantId,yes,membership_required,n/a,denied_or_n/a,no,no,not_applicable,none,allowed_write,yes,requireLiteIdempotency,yes,no,/api/v1/media/upload-sessions/:id/finalize,app/api/v1/media/upload-sessions/[id]/finalize/route.test.ts,partial_see_test|roles|lite,no,no,PROVEN,,apps/web/app/api/v1/media/upload-sessions/[id]/finalize/route.ts,
/api/v1/mobile-links,GET,ops_other,authenticated_tenant,,supabase_session,none_or_delegated,n/a_or_delegated,no,membership_required,n/a,denied_or_n/a,no,no,not_applicable,none,forbidden_middleware_403,no,n/a,no_or_middleware_only,no,/api/v1/mobile-links,,none_route_level,no,no,PROVEN,,apps/web/app/api/v1/mobile-links/route.ts,
/api/v1/notifications,GET,other,authenticated_tenant,,supabase_session,server_derived,ctx.tenantId,no,membership_required,n/a,denied_or_n/a,no,no,not_applicable,none,forbidden_middleware_403,no,n/a,no_or_middleware_only,no,/api/v1/notifications,,none_route_level,no,no,PROVEN,,apps/web/app/api/v1/notifications/route.ts,
/api/v1/notifications/:id/read,PATCH,other,authenticated_tenant,,supabase_session,server_derived,ctx.tenantId,no,membership_required,n/a,denied_or_n/a,no,no,not_applicable,none,forbidden_middleware_403,yes,n/a,no_or_middleware_only,no,/api/v1/notifications/:id/read,,none_route_level,no,no,PROVEN,,apps/web/app/api/v1/notifications/[id]/read/route.ts,
/api/v1/notifications/read-all,PATCH,other,authenticated_tenant,,supabase_session,server_derived,ctx.tenantId,no,membership_required,n/a,denied_or_n/a,no,no,not_applicable,none,forbidden_middleware_403,yes,n/a,no_or_middleware_only,no,/api/v1/notifications/read-all,,none_route_level,no,no,PROVEN,,apps/web/app/api/v1/notifications/read-all/route.ts,
/api/v1/notifications/unread-count,GET,other,authenticated_tenant,,supabase_session,server_derived,ctx.tenantId,no,membership_required,n/a,denied_or_n/a,no,no,not_applicable,none,forbidden_middleware_403,no,n/a,no_or_middleware_only,no,/api/v1/notifications/unread-count,,none_route_level,no,no,PROVEN,,apps/web/app/api/v1/notifications/unread-count/route.ts,
/api/v1/onboarding/complete,POST,activation,authenticated_tenant,,supabase_session,none_or_delegated,n/a_or_delegated,no,membership_required,n/a,denied_or_n/a,no,no,not_applicable,none,forbidden_middleware_403,yes,n/a,no_or_middleware_only,no,/api/v1/onboarding/complete,,none_route_level,no,no,PROVEN,,apps/web/app/api/v1/onboarding/complete/route.ts,
/api/v1/onboarding/status,GET,activation,authenticated_tenant,,supabase_session,none_or_delegated,n/a_or_delegated,no,membership_required,n/a,denied_or_n/a,no,no,not_applicable,none,forbidden_middleware_403,no,n/a,no_or_middleware_only,no,/api/v1/onboarding/status,,none_route_level,no,no,PROVEN,,apps/web/app/api/v1/onboarding/status/route.ts,
/api/v1/ops/metrics,GET,ops_other,authenticated_tenant,,supabase_session,server_derived,ctx.tenantId,yes,membership_required,n/a,denied_or_n/a,no,no,not_applicable,none,forbidden_middleware_403,no,n/a,no_or_middleware_only,no,/api/v1/ops/metrics,app/api/v1/ops/metrics/route.test.ts,partial_see_test|unauth|roles,no,no,PROVEN,,apps/web/app/api/v1/ops/metrics/route.ts,
/api/v1/ops/overview,GET,ops_other,authenticated_tenant,,supabase_session,server_derived,ctx.tenantId,no,membership_required,n/a,denied_or_n/a,no,no,not_applicable,none,forbidden_middleware_403,no,n/a,no_or_middleware_only,no,/api/v1/ops/overview,,none_route_level,no,no,PROVEN,,apps/web/app/api/v1/ops/overview/route.ts,
/api/v1/org/metrics/overview,GET,ops_other,authenticated_tenant,,supabase_session,none_or_delegated,n/a_or_delegated,no,membership_required,n/a,denied_or_n/a,no,no,not_applicable,none,forbidden_middleware_403,no,n/a,no_or_middleware_only,no,/api/v1/org/metrics/overview,,none_route_level,no,no,PROVEN,,apps/web/app/api/v1/org/metrics/overview/route.ts,
/api/v1/org/tenants,GET,ops_other,authenticated_tenant,,supabase_session,none_or_delegated,n/a_or_delegated,no,membership_required,n/a,denied_or_n/a,no,no,not_applicable,none,forbidden_middleware_403,no,n/a,no_or_middleware_only,no,/api/v1/org/tenants,,none_route_level,no,no,PROVEN,,apps/web/app/api/v1/org/tenants/route.ts,
/api/v1/owner/audit,GET,owner_legacy,platform_owner,,platform_owner_grants+middleware,cross_tenant_platform,platform_scope,no,platform_owner_grant_not_tenant_admin,n/a,denied,yes,no,not_applicable,none,forbidden_middleware_403,no,n/a,no_or_middleware_only,yes,/api/v1/platform/audit,,none_route_level,no,no,PROVEN,,apps/web/app/api/v1/owner/audit/route.ts,
/api/v1/owner/critical/echo,POST,owner_legacy,platform_owner,,platform_owner_grants+middleware,cross_tenant_platform,platform_scope,no,platform_owner_critical+step_up,n/a,denied,yes,no,not_applicable,none,forbidden_middleware_403,yes,n/a,no_or_middleware_only,yes,/api/v1/platform/critical/echo,,none_route_level,no,no,PROVEN,,apps/web/app/api/v1/owner/critical/echo/route.ts,
/api/v1/owner/diagnostics,GET,owner_legacy,platform_owner,,platform_owner_grants+middleware,cross_tenant_platform,platform_scope,no,platform_owner_grant_not_tenant_admin,n/a,denied,yes,no,not_applicable,none,forbidden_middleware_403,no,n/a,no_or_middleware_only,yes,/api/v1/platform/diagnostics,,none_route_level,no,no,PROVEN,,apps/web/app/api/v1/owner/diagnostics/route.ts,
/api/v1/owner/health,GET,owner_legacy,platform_owner,,platform_owner_grants+middleware,cross_tenant_platform,platform_scope,no,platform_owner_grant_not_tenant_admin,n/a,denied,yes,no,not_applicable,none,forbidden_middleware_403,no,n/a,no_or_middleware_only,yes,/api/v1/platform/health,,none_route_level,no,no,PROVEN,,apps/web/app/api/v1/owner/health/route.ts,
/api/v1/owner/overview,GET,owner_legacy,platform_owner,,platform_owner_grants+middleware,cross_tenant_platform,platform_scope,no,platform_owner_grant_not_tenant_admin,n/a,denied,yes,no,not_applicable,none,forbidden_middleware_403,no,n/a,no_or_middleware_only,yes,/api/v1/platform/overview,,none_route_level,no,no,PROVEN,,apps/web/app/api/v1/owner/overview/route.ts,
/api/v1/owner/support/tickets,GET|PATCH,owner_legacy,platform_owner,,platform_owner_grants+middleware,cross_tenant_platform,platform_scope,no,platform_owner_grant_not_tenant_admin,n/a,denied,yes,no,not_applicable,none,forbidden_middleware_403,yes,n/a,no_or_middleware_only,yes,/api/v1/platform/support/tickets,,none_route_level,no,no,PROVEN,,apps/web/app/api/v1/owner/support/tickets/route.ts,
/api/v1/owner/support/tickets/:ticketId/messages,GET|POST,owner_legacy,platform_owner,,platform_owner_grants+middleware,cross_tenant_platform,platform_scope,no,platform_owner_grant_not_tenant_admin,n/a,denied,yes,no,not_applicable,none,forbidden_middleware_403,yes,n/a,no_or_middleware_only,yes,/api/v1/platform/support/tickets/:ticketId/messages,,none_route_level,no,no,PROVEN,,apps/web/app/api/v1/owner/support/tickets/[ticketId]/messages/route.ts,
/api/v1/owner/tenants,GET,owner_legacy,platform_owner,,platform_owner_grants+middleware,cross_tenant_platform,platform_scope,no,platform_owner_grant_not_tenant_admin,n/a,denied,yes,no,not_applicable,none,forbidden_middleware_403,no,n/a,no_or_middleware_only,yes,/api/v1/platform/tenants,,none_route_level,no,no,PROVEN,,apps/web/app/api/v1/owner/tenants/route.ts,
/api/v1/owner/tenants/:tenantId,GET,owner_legacy,platform_owner,,platform_owner_grants+middleware,cross_tenant_platform,platform_scope,no,platform_owner_grant_not_tenant_admin,n/a,denied,yes,no,not_applicable,none,forbidden_middleware_403,no,n/a,no_or_middleware_only,yes,/api/v1/platform/tenants/:tenantId,,none_route_level,no,no,PROVEN,,apps/web/app/api/v1/owner/tenants/[tenantId]/route.ts,
/api/v1/owner/users,GET,owner_legacy,platform_owner,,platform_owner_grants+middleware,cross_tenant_platform,platform_scope,no,platform_owner_grant_not_tenant_admin,n/a,denied,yes,no,not_applicable,none,forbidden_middleware_403,no,n/a,no_or_middleware_only,yes,/api/v1/platform/users,,none_route_level,no,no,PROVEN,,apps/web/app/api/v1/owner/users/route.ts,
/api/v1/plan-fit/current,GET,other,authenticated_tenant,,supabase_session,server_derived,ctx.tenantId,no,membership_required,n/a,denied_or_n/a,no,no,not_applicable,none,forbidden_middleware_403,no,n/a,no_or_middleware_only,no,/api/v1/plan-fit/current,,none_route_level,no,no,PROVEN,,apps/web/app/api/v1/plan-fit/current/route.ts,
/api/v1/plan-fit/orchestration,GET,other,authenticated_tenant,,supabase_session,server_derived,ctx.tenantId,no,membership_required,n/a,denied_or_n/a,no,no,not_applicable,none,forbidden_middleware_403,no,n/a,no_or_middleware_only,no,/api/v1/plan-fit/orchestration,,none_route_level,no,no,PROVEN,,apps/web/app/api/v1/plan-fit/orchestration/route.ts,
/api/v1/plan-fit/recommend,POST,other,authenticated_tenant,,supabase_session,server_derived,ctx.tenantId,no,membership_required,n/a,denied_or_n/a,no,no,not_applicable,none,forbidden_middleware_403,yes,n/a,no_or_middleware_only,no,/api/v1/plan-fit/recommend,,none_route_level,no,no,PROVEN,,apps/web/app/api/v1/plan-fit/recommend/route.ts,
/api/v1/plan-fit/recommend/latest,GET,other,authenticated_tenant,,supabase_session,server_derived,ctx.tenantId,no,membership_required,n/a,denied_or_n/a,no,no,not_applicable,none,forbidden_middleware_403,no,n/a,no_or_middleware_only,no,/api/v1/plan-fit/recommend/latest,,none_route_level,no,no,PROVEN,,apps/web/app/api/v1/plan-fit/recommend/latest/route.ts,
/api/v1/plan-fit/select,POST,other,authenticated_tenant,,supabase_session,server_derived,ctx.tenantId,no,membership_required,n/a,denied_or_n/a,no,no,not_applicable,none,forbidden_middleware_403,yes,n/a,no_or_middleware_only,no,/api/v1/plan-fit/select,,none_route_level,no,no,PROVEN,,apps/web/app/api/v1/plan-fit/select/route.ts,
/api/v1/plan-fit/surface,GET,other,authenticated_tenant,,supabase_session,server_derived,ctx.tenantId,no,membership_required,n/a,denied_or_n/a,no,no,not_applicable,none,forbidden_middleware_403,no,n/a,no_or_middleware_only,no,/api/v1/plan-fit/surface,app/api/v1/plan-fit/surface/route.test.ts,partial_see_test|unauth|roles,no,no,PROVEN,,apps/web/app/api/v1/plan-fit/surface/route.ts,
/api/v1/platform/audit,GET,platform,platform_owner,,platform_owner_grants+middleware,cross_tenant_platform,platform_scope,yes,platform_owner_grant_not_tenant_admin,n/a,denied,yes,no,not_applicable,none,forbidden_middleware_403,no,n/a,no_or_middleware_only,no,/api/v1/platform/audit,,none_route_level,no,no,GAP,P1,apps/web/app/api/v1/platform/audit/route.ts;no platform/*/route.test.ts,2B_platform_negative_tests
/api/v1/platform/billing/pilot-status,GET,platform,platform_owner,,platform_owner_grants+middleware,cross_tenant_platform,platform_scope,yes,platform_owner_grant_not_tenant_admin,n/a,denied,yes,no,not_applicable,none,forbidden_middleware_403,no,n/a,no_or_middleware_only,no,/api/v1/platform/billing/pilot-status,,none_route_level,no,no,GAP,P1,apps/web/app/api/v1/platform/billing/pilot-status/route.ts;no platform/*/route.test.ts,2B_platform_negative_tests
/api/v1/platform/billing/pilot-workspaces,GET|POST,platform,platform_owner,,platform_owner_grants+middleware,cross_tenant_platform,platform_scope,yes,platform_owner_grant_not_tenant_admin,n/a,denied,yes,no,not_applicable,none,forbidden_middleware_403,yes,n/a,no_or_middleware_only,no,/api/v1/platform/billing/pilot-workspaces,,none_route_level,no,no,GAP,P1,apps/web/app/api/v1/platform/billing/pilot-workspaces/route.ts;no platform/*/route.test.ts,2B_platform_negative_tests
/api/v1/platform/billing/pilot-workspaces/:workspaceId,DELETE,platform,platform_owner,,platform_owner_grants+middleware,cross_tenant_platform,platform_scope,yes,platform_owner_grant_not_tenant_admin,n/a,denied,yes,no,not_applicable,none,forbidden_middleware_403,yes,n/a,no_or_middleware_only,no,/api/v1/platform/billing/pilot-workspaces/:workspaceId,,none_route_level,no,no,GAP,P1,apps/web/app/api/v1/platform/billing/pilot-workspaces/[workspaceId]/route.ts;no platform/*/route.test.ts,2B_platform_negative_tests
/api/v1/platform/billing/process-pending-events,POST,platform,platform_owner,,platform_owner_grants+middleware,cross_tenant_platform,platform_scope,yes,platform_owner_grant_not_tenant_admin,n/a,denied,yes,no,not_applicable,none,forbidden_middleware_403,yes,n/a,no_or_middleware_only,no,/api/v1/platform/billing/process-pending-events,,none_route_level,no,no,GAP,P1,apps/web/app/api/v1/platform/billing/process-pending-events/route.ts;no platform/*/route.test.ts,2B_platform_negative_tests
/api/v1/platform/billing/provider-status,GET,platform,platform_owner,,platform_owner_grants+middleware,cross_tenant_platform,platform_scope,no,platform_owner_grant_not_tenant_admin,n/a,denied,yes,no,not_applicable,none,forbidden_middleware_403,no,n/a,no_or_middleware_only,no,/api/v1/platform/billing/provider-status,,none_route_level,no,no,GAP,P1,apps/web/app/api/v1/platform/billing/provider-status/route.ts;no platform/*/route.test.ts,2B_platform_negative_tests
/api/v1/platform/billing/reprocess-event,POST,platform,platform_owner,,platform_owner_grants+middleware,cross_tenant_platform,platform_scope,yes,platform_owner_grant_not_tenant_admin,n/a,denied,yes,no,not_applicable,none,forbidden_middleware_403,yes,n/a,no_or_middleware_only,no,/api/v1/platform/billing/reprocess-event,,none_route_level,no,no,GAP,P1,apps/web/app/api/v1/platform/billing/reprocess-event/route.ts;no platform/*/route.test.ts,2B_platform_negative_tests
/api/v1/platform/billing/reprocess-workspace-events,POST,platform,platform_owner,,platform_owner_grants+middleware,cross_tenant_platform,platform_scope,yes,platform_owner_grant_not_tenant_admin,n/a,denied,yes,no,not_applicable,none,forbidden_middleware_403,yes,n/a,no_or_middleware_only,no,/api/v1/platform/billing/reprocess-workspace-events,,none_route_level,no,no,GAP,P1,apps/web/app/api/v1/platform/billing/reprocess-workspace-events/route.ts;no platform/*/route.test.ts,2B_platform_negative_tests
/api/v1/platform/billing/workspace-status,GET,platform,platform_owner,,platform_owner_grants+middleware,cross_tenant_platform,platform_scope,yes,platform_owner_grant_not_tenant_admin,n/a,denied,yes,no,not_applicable,none,forbidden_middleware_403,no,n/a,no_or_middleware_only,no,/api/v1/platform/billing/workspace-status,,none_route_level,no,no,GAP,P1,apps/web/app/api/v1/platform/billing/workspace-status/route.ts;no platform/*/route.test.ts,2B_platform_negative_tests
/api/v1/platform/critical/echo,POST,platform,platform_owner,,platform_owner_grants+middleware,cross_tenant_platform,platform_scope,no,platform_owner_critical+step_up,n/a,denied,yes,no,not_applicable,none,forbidden_middleware_403,yes,n/a,no_or_middleware_only,no,/api/v1/platform/critical/echo,,none_route_level,no,no,GAP,P1,apps/web/app/api/v1/platform/critical/echo/route.ts;no platform/*/route.test.ts,2B_platform_negative_tests
/api/v1/platform/diagnostics,GET,platform,platform_owner,,platform_owner_grants+middleware,cross_tenant_platform,platform_scope,yes,platform_owner_grant_not_tenant_admin,n/a,denied,yes,no,not_applicable,none,forbidden_middleware_403,no,n/a,no_or_middleware_only,no,/api/v1/platform/diagnostics,,none_route_level,no,no,GAP,P1,apps/web/app/api/v1/platform/diagnostics/route.ts;no platform/*/route.test.ts,2B_platform_negative_tests
/api/v1/platform/health,GET,platform,platform_owner,,platform_owner_grants+middleware,cross_tenant_platform,platform_scope,no,platform_owner_grant_not_tenant_admin,n/a,denied,yes,no,not_applicable,none,forbidden_middleware_403,no,n/a,no_or_middleware_only,no,/api/v1/platform/health,,none_route_level,no,no,GAP,P1,apps/web/app/api/v1/platform/health/route.ts;no platform/*/route.test.ts,2B_platform_negative_tests
/api/v1/platform/leads,GET,platform,platform_owner,,platform_owner_grants+middleware,cross_tenant_platform,platform_scope,yes,platform_owner_grant_not_tenant_admin,n/a,denied,yes,no,not_applicable,none,forbidden_middleware_403,no,n/a,no_or_middleware_only,no,/api/v1/platform/leads,,none_route_level,no,no,GAP,P1,apps/web/app/api/v1/platform/leads/route.ts;no platform/*/route.test.ts,2B_platform_negative_tests
/api/v1/platform/leads/:id,GET|PATCH,platform,platform_owner,,platform_owner_grants+middleware,cross_tenant_platform,platform_scope,yes,platform_owner_grant_not_tenant_admin,n/a,denied,yes,no,not_applicable,none,forbidden_middleware_403,yes,n/a,no_or_middleware_only,no,/api/v1/platform/leads/:id,,none_route_level,no,no,GAP,P1,apps/web/app/api/v1/platform/leads/[id]/route.ts;no platform/*/route.test.ts,2B_platform_negative_tests
/api/v1/platform/leads/bulk,PATCH,platform,platform_owner,,platform_owner_grants+middleware,cross_tenant_platform,platform_scope,yes,platform_owner_grant_not_tenant_admin,n/a,denied,yes,no,not_applicable,none,forbidden_middleware_403,yes,n/a,no_or_middleware_only,no,/api/v1/platform/leads/bulk,,none_route_level,no,no,GAP,P1,apps/web/app/api/v1/platform/leads/bulk/route.ts;no platform/*/route.test.ts,2B_platform_negative_tests
/api/v1/platform/overview,GET,platform,platform_owner,,platform_owner_grants+middleware,cross_tenant_platform,platform_scope,yes,platform_owner_grant_not_tenant_admin,n/a,denied,yes,no,not_applicable,none,forbidden_middleware_403,no,n/a,no_or_middleware_only,no,/api/v1/platform/overview,,none_route_level,no,no,GAP,P1,apps/web/app/api/v1/platform/overview/route.ts;no platform/*/route.test.ts,2B_platform_negative_tests
/api/v1/platform/support/tickets,GET|PATCH,platform,platform_owner,,platform_owner_grants+middleware,cross_tenant_platform,platform_scope,yes,platform_owner_grant_not_tenant_admin,n/a,denied,yes,no,not_applicable,none,forbidden_middleware_403,yes,n/a,no_or_middleware_only,no,/api/v1/platform/support/tickets,,none_route_level,no,no,GAP,P1,apps/web/app/api/v1/platform/support/tickets/route.ts;no platform/*/route.test.ts,2B_platform_negative_tests
/api/v1/platform/support/tickets/:ticketId/messages,GET|POST,platform,platform_owner,,platform_owner_grants+middleware,cross_tenant_platform,platform_scope,yes,platform_owner_grant_not_tenant_admin,n/a,denied,yes,no,not_applicable,none,forbidden_middleware_403,yes,n/a,no_or_middleware_only,no,/api/v1/platform/support/tickets/:ticketId/messages,,none_route_level,no,no,GAP,P1,apps/web/app/api/v1/platform/support/tickets/[ticketId]/messages/route.ts;no platform/*/route.test.ts,2B_platform_negative_tests
/api/v1/platform/tenants,GET,platform,platform_owner,,platform_owner_grants+middleware,cross_tenant_platform,platform_scope,yes,platform_owner_grant_not_tenant_admin,n/a,denied,yes,no,not_applicable,none,forbidden_middleware_403,no,n/a,no_or_middleware_only,no,/api/v1/platform/tenants,,none_route_level,no,no,GAP,P1,apps/web/app/api/v1/platform/tenants/route.ts;no platform/*/route.test.ts,2B_platform_negative_tests
/api/v1/platform/tenants/:tenantId,GET,platform,platform_owner,,platform_owner_grants+middleware,cross_tenant_platform,platform_scope,yes,platform_owner_grant_not_tenant_admin,n/a,denied,yes,no,not_applicable,none,forbidden_middleware_403,no,n/a,no_or_middleware_only,no,/api/v1/platform/tenants/:tenantId,,none_route_level,no,no,GAP,P1,apps/web/app/api/v1/platform/tenants/[tenantId]/route.ts;no platform/*/route.test.ts,2B_platform_negative_tests
/api/v1/platform/testing/quality,GET,platform,platform_owner,,platform_owner_grants+middleware,cross_tenant_platform,platform_scope,no,platform_owner_grant_not_tenant_admin,n/a,denied,yes,no,not_applicable,none,forbidden_middleware_403,no,n/a,no_or_middleware_only,no,/api/v1/platform/testing/quality,,none_route_level,no,no,GAP,P1,apps/web/app/api/v1/platform/testing/quality/route.ts;no platform/*/route.test.ts,2B_platform_negative_tests
/api/v1/platform/testing/safe-audit/refresh,POST,platform,platform_owner,,platform_owner_grants+middleware,cross_tenant_platform,platform_scope,no,platform_owner_grant_not_tenant_admin,n/a,denied,yes,no,not_applicable,none,forbidden_middleware_403,yes,n/a,no_or_middleware_only,no,/api/v1/platform/testing/safe-audit/refresh,,none_route_level,no,no,GAP,P1,apps/web/app/api/v1/platform/testing/safe-audit/refresh/route.ts;no platform/*/route.test.ts,2B_platform_negative_tests
/api/v1/platform/testing/safe-audit/runs,GET,platform,platform_owner,,platform_owner_grants+middleware,cross_tenant_platform,platform_scope,yes,platform_owner_grant_not_tenant_admin,n/a,denied,yes,no,not_applicable,none,forbidden_middleware_403,no,n/a,no_or_middleware_only,no,/api/v1/platform/testing/safe-audit/runs,,none_route_level,no,no,GAP,P1,apps/web/app/api/v1/platform/testing/safe-audit/runs/route.ts;no platform/*/route.test.ts,2B_platform_negative_tests
/api/v1/platform/testing/safe-audit/save,POST,platform,platform_owner,,platform_owner_grants+middleware,cross_tenant_platform,platform_scope,yes,platform_owner_grant_not_tenant_admin,n/a,denied,yes,no,not_applicable,none,forbidden_middleware_403,yes,n/a,no_or_middleware_only,no,/api/v1/platform/testing/safe-audit/save,,none_route_level,no,no,GAP,P1,apps/web/app/api/v1/platform/testing/safe-audit/save/route.ts;no platform/*/route.test.ts,2B_platform_negative_tests
/api/v1/platform/users,GET,platform,platform_owner,,platform_owner_grants+middleware,cross_tenant_platform,platform_scope,yes,platform_owner_grant_not_tenant_admin,n/a,denied,yes,no,not_applicable,none,forbidden_middleware_403,no,n/a,no_or_middleware_only,no,/api/v1/platform/users,,none_route_level,no,no,GAP,P1,apps/web/app/api/v1/platform/users/route.ts;no platform/*/route.test.ts,2B_platform_negative_tests
/api/v1/portal/projects,GET,portal,authenticated_tenant,,supabase_session,server_derived,ctx.tenantId,no,membership_required,n/a,portal_or_stakeholder_allowed,no,yes,safe_dto_projection_only,low_projection,forbidden_middleware_403,no,n/a,no_or_middleware_only,no,/api/v1/portal/projects,app/api/v1/portal/projects/route.test.ts,partial_see_test|roles,no,no,GAP,P2,apps/web/app/api/v1/portal/projects/route.ts;no assertCustomerFinanceSafePayload at route; relies on service DTO,2B_customer_finance_guard_coverage
/api/v1/portal/projects/:id,GET,portal,authenticated_tenant,,supabase_session,server_derived,ctx.tenantId,no,membership_required,n/a,portal_or_stakeholder_allowed,no,yes,yes_assertCustomerFinanceSafePayload,none,forbidden_middleware_403,no,n/a,no_or_middleware_only,no,/api/v1/portal/projects/:id,app/api/v1/portal/projects/[id]/route.test.ts,partial_see_test|roles,no,yes,PROVEN,,apps/web/app/api/v1/portal/projects/[id]/route.ts,
/api/v1/portal/projects/:id/change-orders,GET,portal,authenticated_tenant,,supabase_session,server_derived,ctx.tenantId,no,membership_required,n/a,portal_or_stakeholder_allowed,no,yes,yes_assertCustomerFinanceSafePayload,none,forbidden_middleware_403,no,n/a,no_or_middleware_only,no,/api/v1/portal/projects/:id/change-orders,app/api/v1/portal/projects/[id]/change-orders/route.test.ts,partial_see_test|roles,no,yes,PROVEN,,apps/web/app/api/v1/portal/projects/[id]/change-orders/route.ts,
/api/v1/portal/projects/:id/change-orders/:changeOrderId,GET,portal,authenticated_tenant,,supabase_session,none_or_delegated,n/a_or_delegated,no,membership_required,n/a,portal_or_stakeholder_allowed,no,yes,safe_dto_projection_only,possible_without_route_guard,forbidden_middleware_403,no,n/a,no_or_middleware_only,no,/api/v1/portal/projects/:id/change-orders/:changeOrderId,,none_route_level,no,no,GAP,P1,apps/web/app/api/v1/portal/projects/[id]/change-orders/[changeOrderId]/route.ts;no assertCustomerFinanceSafePayload at route; relies on service DTO;portal re-export of projects handler; manager may get full row via alias,2B_customer_finance_guard_coverage
/api/v1/portal/projects/:id/change-orders/:changeOrderId/respond,POST,portal,authenticated_tenant,,supabase_session,none_or_delegated,n/a_or_delegated,no,membership_required,n/a,portal_or_stakeholder_allowed,no,yes,safe_dto_projection_only,possible_without_route_guard,forbidden_middleware_403,yes,n/a,no_or_middleware_only,no,/api/v1/portal/projects/:id/change-orders/:changeOrderId/respond,,none_route_level,no,no,GAP,P1,apps/web/app/api/v1/portal/projects/[id]/change-orders/[changeOrderId]/respond/route.ts;no assertCustomerFinanceSafePayload at route; relies on service DTO;portal re-export of projects handler; manager may get full row via alias,2B_customer_finance_guard_coverage
/api/v1/portal/projects/:id/decisions,GET,portal,authenticated_tenant,,supabase_session,server_derived,ctx.tenantId,no,membership_required,n/a,portal_or_stakeholder_allowed,no,yes,yes_assertCustomerFinanceSafePayload,none,forbidden_middleware_403,no,n/a,no_or_middleware_only,no,/api/v1/portal/projects/:id/decisions,app/api/v1/portal/projects/[id]/decisions/route.test.ts,partial_see_test|roles,no,yes,PROVEN,,apps/web/app/api/v1/portal/projects/[id]/decisions/route.ts,
/api/v1/portal/projects/:id/decisions/:requestId/respond,POST,portal,authenticated_tenant,,supabase_session,none_or_delegated,n/a_or_delegated,no,membership_required,n/a,portal_or_stakeholder_allowed,no,yes,safe_dto_projection_only,low_projection,forbidden_middleware_403,yes,n/a,no_or_middleware_only,no,/api/v1/portal/projects/:id/decisions/:requestId/respond,app/api/v1/portal/projects/[id]/decisions/[requestId]/respond/route.test.ts,partial_see_test|roles,no,no,GAP,P2,apps/web/app/api/v1/portal/projects/[id]/decisions/[requestId]/respond/route.ts;no assertCustomerFinanceSafePayload at route; relies on service DTO,2B_customer_finance_guard_coverage
/api/v1/portal/projects/:id/documents,GET,portal,authenticated_tenant,,supabase_session,server_derived,ctx.tenantId,no,membership_required,n/a,portal_or_stakeholder_allowed,no,yes,yes_assertCustomerFinanceSafePayload,none,forbidden_middleware_403,no,n/a,no_or_middleware_only,no,/api/v1/portal/projects/:id/documents,app/api/v1/portal/projects/[id]/documents/route.test.ts,partial_see_test|roles,no,yes,PROVEN,,apps/web/app/api/v1/portal/projects/[id]/documents/route.ts,
/api/v1/portal/projects/:id/estimates,GET,portal,authenticated_tenant,,supabase_session,server_derived,ctx.tenantId,no,membership_required,n/a,portal_or_stakeholder_allowed,no,yes,yes_assertCustomerFinanceSafePayload,none,forbidden_middleware_403,no,n/a,no_or_middleware_only,no,/api/v1/portal/projects/:id/estimates,app/api/v1/portal/projects/[id]/estimates/route.test.ts,partial_see_test|roles,no,yes,PROVEN,,apps/web/app/api/v1/portal/projects/[id]/estimates/route.ts,
/api/v1/portal/projects/:id/progress,GET,portal,authenticated_tenant,,supabase_session,server_derived,ctx.tenantId,no,membership_required,n/a,portal_or_stakeholder_allowed,no,yes,yes_assertCustomerFinanceSafePayload,none,forbidden_middleware_403,no,n/a,no_or_middleware_only,no,/api/v1/portal/projects/:id/progress,app/api/v1/portal/projects/[id]/progress/route.test.ts,partial_see_test|roles,no,yes,PROVEN,,apps/web/app/api/v1/portal/projects/[id]/progress/route.ts,
/api/v1/portal/projects/:id/proof,GET,portal,authenticated_tenant,,supabase_session,server_derived,ctx.tenantId,no,membership_required,n/a,portal_or_stakeholder_allowed,no,yes,yes_assertCustomerFinanceSafePayload,none,forbidden_middleware_403,no,n/a,no_or_middleware_only,no,/api/v1/portal/projects/:id/proof,app/api/v1/portal/projects/[id]/proof/route.test.ts,partial_see_test|roles,no,yes,PROVEN,,apps/web/app/api/v1/portal/projects/[id]/proof/route.ts,
/api/v1/portfolio/control,GET,other,authenticated_tenant,,supabase_session,server_derived,ctx.tenantId,no,membership_required,n/a,denied_or_n/a,no,no,not_applicable,none,forbidden_middleware_403,no,n/a,no_or_middleware_only,no,/api/v1/portfolio/control,app/api/v1/portfolio/control/route.test.ts,partial_see_test,no,no,PROVEN,,apps/web/app/api/v1/portfolio/control/route.ts,
/api/v1/portfolio/review-pack,GET,other,authenticated_tenant,,supabase_session,server_derived,ctx.tenantId,no,membership_required,n/a,denied_or_n/a,no,no,not_applicable,none,forbidden_middleware_403,no,n/a,no_or_middleware_only,no,/api/v1/portfolio/review-pack,,none_route_level,no,no,PROVEN,,apps/web/app/api/v1/portfolio/review-pack/route.ts,
/api/v1/portfolio/summary,GET,other,authenticated_tenant,,supabase_session,server_derived,ctx.tenantId,no,membership_required,n/a,denied_or_n/a,no,no,not_applicable,none,forbidden_middleware_403,no,n/a,no_or_middleware_only,no,/api/v1/portfolio/summary,,none_route_level,no,no,PROVEN,,apps/web/app/api/v1/portfolio/summary/route.ts,
/api/v1/projects,GET|POST,projects,authenticated_tenant,,supabase_session,none_or_delegated,n/a_or_delegated,no,membership_required,n/a,denied_or_n/a,no,no,not_applicable,none,forbidden_middleware_403,yes,n/a,no_or_middleware_only,no,/api/v1/projects,,none_route_level,no,no,PROVEN,,apps/web/app/api/v1/projects/route.ts,
/api/v1/projects/:id,GET,projects,authenticated_tenant,,supabase_session,server_derived,ctx.tenantId,no,membership_required,n/a,denied_or_n/a,no,no,not_applicable,none,forbidden_middleware_403,no,n/a,no_or_middleware_only,no,/api/v1/projects/:id,,none_route_level,no,no,PROVEN,,apps/web/app/api/v1/projects/[id]/route.ts,
/api/v1/projects/:id/ai,GET,projects,authenticated_tenant,,supabase_session,server_derived,ctx.tenantId,no,membership_required,n/a,denied_or_n/a,no,no,not_applicable,none,forbidden_middleware_403,no,n/a,no_or_middleware_only,no,/api/v1/projects/:id/ai,,none_route_level,no,no,PROVEN,,apps/web/app/api/v1/projects/[id]/ai/route.ts,
/api/v1/projects/:id/attention,GET,projects,authenticated_tenant,,supabase_session,server_derived,ctx.tenantId,no,membership_required,n/a,denied_or_n/a,no,no,not_applicable,none,forbidden_middleware_403,no,n/a,no_or_middleware_only,no,/api/v1/projects/:id/attention,,none_route_level,no,no,PROVEN,,apps/web/app/api/v1/projects/[id]/attention/route.ts,
/api/v1/projects/:id/change-orders,GET|POST,projects,authenticated_tenant,,supabase_session,server_derived,ctx.tenantId,no,membership_required,n/a,portal_or_stakeholder_allowed,no,yes,safe_dto_projection_only,low_projection,forbidden_middleware_403,yes,n/a,no_or_middleware_only,no,/api/v1/projects/:id/change-orders,,none_route_level,no,no,GAP,P2,apps/web/app/api/v1/projects/[id]/change-orders/route.ts;no assertCustomerFinanceSafePayload at route; relies on service DTO,2B_customer_finance_guard_coverage
/api/v1/projects/:id/change-orders/:changeOrderId,GET|PATCH,projects,authenticated_tenant,,supabase_session,server_derived,ctx.tenantId,no,membership_required,n/a,portal_or_stakeholder_allowed,no,yes,safe_dto_projection_only,possible_without_route_guard,forbidden_middleware_403,yes,n/a,no_or_middleware_only,no,/api/v1/projects/:id/change-orders/:changeOrderId,,none_route_level,no,no,GAP,P2,apps/web/app/api/v1/projects/[id]/change-orders/[changeOrderId]/route.ts;no assertCustomerFinanceSafePayload at route; relies on service DTO,2B_customer_finance_guard_coverage
/api/v1/projects/:id/change-orders/:changeOrderId/respond,POST,projects,authenticated_tenant,,supabase_session,server_derived,ctx.tenantId,no,membership_required,n/a,portal_or_stakeholder_allowed,no,yes,safe_dto_projection_only,possible_without_route_guard,forbidden_middleware_403,yes,n/a,no_or_middleware_only,no,/api/v1/projects/:id/change-orders/:changeOrderId/respond,,none_route_level,no,no,GAP,P2,apps/web/app/api/v1/projects/[id]/change-orders/[changeOrderId]/respond/route.ts;no assertCustomerFinanceSafePayload at route; relies on service DTO,2B_customer_finance_guard_coverage
/api/v1/projects/:id/change-orders/:changeOrderId/send,POST,projects,authenticated_tenant,,supabase_session,server_derived,ctx.tenantId,no,membership_required,n/a,denied_or_n/a,no,no,not_applicable,none,forbidden_middleware_403,yes,n/a,no_or_middleware_only,no,/api/v1/projects/:id/change-orders/:changeOrderId/send,,none_route_level,no,no,PROVEN,,apps/web/app/api/v1/projects/[id]/change-orders/[changeOrderId]/send/route.ts,
/api/v1/projects/:id/change-orders/:changeOrderId/transition,POST,projects,authenticated_tenant,,supabase_session,server_derived,ctx.tenantId,no,membership_required,n/a,denied_or_n/a,no,no,not_applicable,none,forbidden_middleware_403,yes,n/a,no_or_middleware_only,no,/api/v1/projects/:id/change-orders/:changeOrderId/transition,,none_route_level,no,no,PROVEN,,apps/web/app/api/v1/projects/[id]/change-orders/[changeOrderId]/transition/route.ts,
/api/v1/projects/:id/client-portal,PATCH,projects,authenticated_tenant,,supabase_session,server_derived,ctx.tenantId,no,membership_required,n/a,portal_or_stakeholder_allowed,no,yes,safe_dto_projection_only,low_projection,forbidden_middleware_403,yes,n/a,no_or_middleware_only,no,/api/v1/projects/:id/client-portal,app/api/v1/projects/[id]/client-portal/route.test.ts,partial_see_test|roles,no,no,GAP,P2,apps/web/app/api/v1/projects/[id]/client-portal/route.ts;no assertCustomerFinanceSafePayload at route; relies on service DTO,2B_customer_finance_guard_coverage
/api/v1/projects/:id/client-requests,GET|POST,projects,authenticated_tenant,,supabase_session,server_derived,ctx.tenantId,yes,membership_required,n/a,portal_or_stakeholder_allowed,no,yes,safe_dto_projection_only,low_projection,forbidden_middleware_403,yes,n/a,no_or_middleware_only,no,/api/v1/projects/:id/client-requests,app/api/v1/projects/[id]/client-requests/route.test.ts,partial_see_test|roles,no,no,GAP,P2,apps/web/app/api/v1/projects/[id]/client-requests/route.ts;no assertCustomerFinanceSafePayload at route; relies on service DTO,2B_customer_finance_guard_coverage
/api/v1/projects/:id/client-requests/:requestId,GET|PATCH,projects,authenticated_tenant,,supabase_session,server_derived,ctx.tenantId,no,membership_required,n/a,portal_or_stakeholder_allowed,no,yes,safe_dto_projection_only,low_projection,forbidden_middleware_403,yes,n/a,no_or_middleware_only,no,/api/v1/projects/:id/client-requests/:requestId,,none_route_level,no,no,GAP,P2,apps/web/app/api/v1/projects/[id]/client-requests/[requestId]/route.ts;no assertCustomerFinanceSafePayload at route; relies on service DTO,2B_customer_finance_guard_coverage
/api/v1/projects/:id/client-requests/:requestId/respond,POST,projects,authenticated_tenant,,supabase_session,server_derived,ctx.tenantId,yes,membership_required,n/a,portal_or_stakeholder_allowed,no,yes,safe_dto_projection_only,low_projection,forbidden_middleware_403,yes,n/a,no_or_middleware_only,no,/api/v1/projects/:id/client-requests/:requestId/respond,,none_route_level,no,no,GAP,P2,apps/web/app/api/v1/projects/[id]/client-requests/[requestId]/respond/route.ts;no assertCustomerFinanceSafePayload at route; relies on service DTO,2B_customer_finance_guard_coverage
/api/v1/projects/:id/client-view,GET,projects,authenticated_tenant,,supabase_session,server_derived,ctx.tenantId,no,membership_required,n/a,portal_or_stakeholder_allowed,no,yes,safe_dto_projection_only,possible_without_route_guard,forbidden_middleware_403,no,n/a,no_or_middleware_only,no,/api/v1/projects/:id/client-view,app/api/v1/projects/[id]/client-view/route.test.ts,partial_see_test|roles,no,no,GAP,P1,apps/web/app/api/v1/projects/[id]/client-view/route.ts;no assertCustomerFinanceSafePayload at route; relies on service DTO,2B_customer_finance_guard_coverage
/api/v1/projects/:id/commercial-items,GET|POST,projects,authenticated_tenant,,supabase_session,server_derived,ctx.tenantId,no,membership_required,n/a,denied_or_n/a,no,no,not_applicable,none,forbidden_middleware_403,yes,n/a,no_or_middleware_only,no,/api/v1/projects/:id/commercial-items,app/api/v1/projects/[id]/commercial-items/route.test.ts,partial_see_test|roles|lite,no,no,PROVEN,,apps/web/app/api/v1/projects/[id]/commercial-items/route.ts,
/api/v1/projects/:id/commercial-items/:itemId,GET|PATCH,projects,authenticated_tenant,,supabase_session,server_derived,ctx.tenantId,no,membership_required,n/a,denied_or_n/a,no,no,not_applicable,none,forbidden_middleware_403,yes,n/a,no_or_middleware_only,no,/api/v1/projects/:id/commercial-items/:itemId,,none_route_level,no,no,PROVEN,,apps/web/app/api/v1/projects/[id]/commercial-items/[itemId]/route.ts,
/api/v1/projects/:id/copilot,GET,projects,authenticated_tenant,,supabase_session,server_derived,ctx.tenantId,yes,membership_required,n/a,denied_or_n/a,no,no,not_applicable,none,forbidden_middleware_403,no,n/a,no_or_middleware_only,no,/api/v1/projects/:id/copilot,app/api/v1/projects/[id]/copilot/route.test.ts,partial_see_test|roles,no,no,PROVEN,,apps/web/app/api/v1/projects/[id]/copilot/route.ts,
/api/v1/projects/:id/copilot/chat/stream,POST,projects,authenticated_tenant,,supabase_session,server_derived,ctx.tenantId,yes,membership_required,n/a,denied_or_n/a,no,no,not_applicable,none,forbidden_middleware_403,yes,n/a,no_or_middleware_only,no,/api/v1/projects/:id/copilot/chat/stream,app/api/v1/projects/[id]/copilot/chat/stream/route.test.ts,partial_see_test|roles,no,no,PROVEN,,apps/web/app/api/v1/projects/[id]/copilot/chat/stream/route.ts,
/api/v1/projects/:id/costs,GET|POST,projects,authenticated_tenant,,supabase_session,server_derived,ctx.tenantId,no,membership_required,n/a,denied_or_n/a,no,no,not_applicable,none,forbidden_middleware_403,yes,n/a,no_or_middleware_only,no,/api/v1/projects/:id/costs,app/api/v1/projects/[id]/costs/route.test.ts,partial_see_test|roles,no,yes,PROVEN,,apps/web/app/api/v1/projects/[id]/costs/route.ts,
/api/v1/projects/:id/costs/:costItemId,GET|PATCH,projects,authenticated_tenant,,supabase_session,server_derived,ctx.tenantId,no,membership_required,n/a,denied_or_n/a,no,no,not_applicable,none,forbidden_middleware_403,yes,n/a,no_or_middleware_only,no,/api/v1/projects/:id/costs/:costItemId,app/api/v1/projects/[id]/costs/[costItemId]/route.test.ts,partial_see_test|roles,yes,yes,PROVEN,,apps/web/app/api/v1/projects/[id]/costs/[costItemId]/route.ts,
/api/v1/projects/:id/daily-digest,GET,projects,authenticated_tenant,,supabase_session,server_derived,ctx.tenantId,no,membership_required,n/a,denied_or_n/a,no,no,not_applicable,none,forbidden_middleware_403,no,n/a,no_or_middleware_only,no,/api/v1/projects/:id/daily-digest,,none_route_level,no,no,PROVEN,,apps/web/app/api/v1/projects/[id]/daily-digest/route.ts,
/api/v1/projects/:id/decision-requests,GET|POST,projects,authenticated_tenant,,supabase_session,server_derived,ctx.tenantId,no,membership_required,n/a,denied_or_n/a,no,no,not_applicable,none,forbidden_middleware_403,yes,n/a,no_or_middleware_only,no,/api/v1/projects/:id/decision-requests,app/api/v1/projects/[id]/decision-requests/route.test.ts,partial_see_test|roles,no,no,PROVEN,,apps/web/app/api/v1/projects/[id]/decision-requests/route.ts,
/api/v1/projects/:id/decision-requests/:requestId,GET|PATCH,projects,authenticated_tenant,,supabase_session,server_derived,ctx.tenantId,no,membership_required,n/a,denied_or_n/a,no,no,not_applicable,none,forbidden_middleware_403,yes,n/a,no_or_middleware_only,no,/api/v1/projects/:id/decision-requests/:requestId,,none_route_level,no,no,PROVEN,,apps/web/app/api/v1/projects/[id]/decision-requests/[requestId]/route.ts,
/api/v1/projects/:id/decisions,GET,projects,authenticated_tenant,,supabase_session,server_derived,ctx.tenantId,no,membership_required,n/a,portal_or_stakeholder_allowed,no,yes,safe_dto_projection_only,low_projection,forbidden_middleware_403,no,n/a,no_or_middleware_only,no,/api/v1/projects/:id/decisions,,none_route_level,no,no,GAP,P2,apps/web/app/api/v1/projects/[id]/decisions/route.ts;no assertCustomerFinanceSafePayload at route; relies on service DTO,2B_customer_finance_guard_coverage
/api/v1/projects/:id/decisions/:requestId/respond,POST,projects,authenticated_tenant,,supabase_session,none_or_delegated,n/a_or_delegated,no,membership_required,n/a,denied_or_n/a,no,no,not_applicable,none,forbidden_middleware_403,yes,n/a,no_or_middleware_only,no,/api/v1/projects/:id/decisions/:requestId/respond,,none_route_level,no,no,PROVEN,,apps/web/app/api/v1/projects/[id]/decisions/[requestId]/respond/route.ts,
/api/v1/projects/:id/defects,GET|POST,projects,authenticated_tenant,,supabase_session,server_derived,ctx.tenantId,no,membership_required,n/a,denied_or_n/a,no,no,not_applicable,none,forbidden_middleware_403,yes,n/a,no_or_middleware_only,no,/api/v1/projects/:id/defects,app/api/v1/projects/[id]/defects/route.test.ts,partial_see_test|roles,no,no,PROVEN,,apps/web/app/api/v1/projects/[id]/defects/route.ts,
/api/v1/projects/:id/defects/:defectId,GET|PATCH,projects,authenticated_tenant,,supabase_session,server_derived,ctx.tenantId,no,membership_required,n/a,denied_or_n/a,no,no,not_applicable,none,forbidden_middleware_403,yes,n/a,no_or_middleware_only,no,/api/v1/projects/:id/defects/:defectId,,none_route_level,no,no,PROVEN,,apps/web/app/api/v1/projects/[id]/defects/[defectId]/route.ts,
/api/v1/projects/:id/defects/:defectId/transition,POST,projects,authenticated_tenant,,supabase_session,server_derived,ctx.tenantId,no,membership_required,n/a,denied_or_n/a,no,no,not_applicable,none,forbidden_middleware_403,yes,n/a,no_or_middleware_only,no,/api/v1/projects/:id/defects/:defectId/transition,,none_route_level,no,no,PROVEN,,apps/web/app/api/v1/projects/[id]/defects/[defectId]/transition/route.ts,
/api/v1/projects/:id/documents,GET|POST,projects,authenticated_tenant,,supabase_session,server_derived,ctx.tenantId,no,membership_required,n/a,denied_or_n/a,no,no,not_applicable,none,forbidden_middleware_403,yes,n/a,no_or_middleware_only,no,/api/v1/projects/:id/documents,app/api/v1/projects/[id]/documents/route.test.ts,partial_see_test|roles,no,no,PROVEN,,apps/web/app/api/v1/projects/[id]/documents/route.ts,
/api/v1/projects/:id/documents/:documentId,GET|PATCH,projects,authenticated_tenant,,supabase_session,server_derived,ctx.tenantId,no,membership_required,n/a,denied_or_n/a,no,no,not_applicable,none,forbidden_middleware_403,yes,n/a,no_or_middleware_only,no,/api/v1/projects/:id/documents/:documentId,,none_route_level,no,no,PROVEN,,apps/web/app/api/v1/projects/[id]/documents/[documentId]/route.ts,
/api/v1/projects/:id/documents/:documentId/approval-history,GET,projects,authenticated_tenant,,supabase_session,server_derived,ctx.tenantId,no,membership_required,n/a,denied_or_n/a,no,no,not_applicable,none,forbidden_middleware_403,no,n/a,no_or_middleware_only,no,/api/v1/projects/:id/documents/:documentId/approval-history,,none_route_level,no,no,PROVEN,,apps/web/app/api/v1/projects/[id]/documents/[documentId]/approval-history/route.ts,
/api/v1/projects/:id/documents/:documentId/decision,POST,projects,authenticated_tenant,,supabase_session,server_derived,ctx.tenantId,no,membership_required,n/a,denied_or_n/a,no,no,not_applicable,none,forbidden_middleware_403,yes,n/a,no_or_middleware_only,no,/api/v1/projects/:id/documents/:documentId/decision,,none_route_level,no,no,PROVEN,,apps/web/app/api/v1/projects/[id]/documents/[documentId]/decision/route.ts,
/api/v1/projects/:id/documents/:documentId/upload,POST,projects,authenticated_tenant,,supabase_session,server_derived,ctx.tenantId,no,membership_required,n/a,denied_or_n/a,no,no,not_applicable,none,forbidden_middleware_403,yes,n/a,no_or_middleware_only,no,/api/v1/projects/:id/documents/:documentId/upload,app/api/v1/projects/[id]/documents/[documentId]/upload/route.test.ts,partial_see_test|roles,no,no,PROVEN,,apps/web/app/api/v1/projects/[id]/documents/[documentId]/upload/route.ts,
/api/v1/projects/:id/documents/decisions,POST,projects,authenticated_tenant,,supabase_session,server_derived,ctx.tenantId,no,membership_required,n/a,denied_or_n/a,no,no,not_applicable,none,forbidden_middleware_403,yes,n/a,no_or_middleware_only,no,/api/v1/projects/:id/documents/decisions,app/api/v1/projects/[id]/documents/decisions/route.test.ts,partial_see_test|unauth|roles,no,no,PROVEN,,apps/web/app/api/v1/projects/[id]/documents/decisions/route.ts,
/api/v1/projects/:id/estimate,GET,projects,authenticated_tenant,,supabase_session,server_derived,ctx.tenantId,no,membership_required,n/a,denied_or_n/a,no,no,not_applicable,none,forbidden_middleware_403,no,n/a,no_or_middleware_only,no,/api/v1/projects/:id/estimate,app/api/v1/projects/[id]/estimate/route.test.ts,partial_see_test|roles,no,no,PROVEN,,apps/web/app/api/v1/projects/[id]/estimate/route.ts,
/api/v1/projects/:id/estimate/from-image,POST,projects,authenticated_tenant,,supabase_session,server_derived,ctx.tenantId,yes,membership_required,n/a,denied_or_n/a,no,no,not_applicable,none,forbidden_middleware_403,yes,n/a,no_or_middleware_only,no,/api/v1/projects/:id/estimate/from-image,,none_route_level,no,no,PROVEN,,apps/web/app/api/v1/projects/[id]/estimate/from-image/route.ts,
/api/v1/projects/:id/estimates,GET|POST,projects,authenticated_tenant,,supabase_session,server_derived,ctx.tenantId,no,membership_required,n/a,portal_or_stakeholder_allowed,no,yes,safe_dto_projection_only,low_projection,forbidden_middleware_403,yes,n/a,no_or_middleware_only,no,/api/v1/projects/:id/estimates,,none_route_level,no,no,GAP,P2,apps/web/app/api/v1/projects/[id]/estimates/route.ts;no assertCustomerFinanceSafePayload at route; relies on service DTO,2B_customer_finance_guard_coverage
/api/v1/projects/:id/estimates/:estimateId,PATCH,projects,authenticated_tenant,,supabase_session,server_derived,ctx.tenantId,no,membership_required,n/a,denied_or_n/a,no,no,not_applicable,none,forbidden_middleware_403,yes,n/a,no_or_middleware_only,no,/api/v1/projects/:id/estimates/:estimateId,,none_route_level,no,no,PROVEN,,apps/web/app/api/v1/projects/[id]/estimates/[estimateId]/route.ts,
/api/v1/projects/:id/estimates/:estimateId/respond,POST,projects,authenticated_tenant,,supabase_session,server_derived,ctx.tenantId,no,membership_required,n/a,portal_or_stakeholder_allowed,no,yes,safe_dto_projection_only,low_projection,forbidden_middleware_403,yes,n/a,no_or_middleware_only,no,/api/v1/projects/:id/estimates/:estimateId/respond,,none_route_level,no,no,GAP,P2,apps/web/app/api/v1/projects/[id]/estimates/[estimateId]/respond/route.ts;no assertCustomerFinanceSafePayload at route; relies on service DTO,2B_customer_finance_guard_coverage
/api/v1/projects/:id/estimates/:estimateId/send,POST,projects,authenticated_tenant,,supabase_session,server_derived,ctx.tenantId,no,membership_required,n/a,denied_or_n/a,no,no,not_applicable,none,forbidden_middleware_403,yes,n/a,no_or_middleware_only,no,/api/v1/projects/:id/estimates/:estimateId/send,,none_route_level,no,no,PROVEN,,apps/web/app/api/v1/projects/[id]/estimates/[estimateId]/send/route.ts,
/api/v1/projects/:id/handover,GET,projects,authenticated_tenant,,supabase_session,server_derived,ctx.tenantId,no,membership_required,n/a,portal_or_stakeholder_allowed,no,yes,safe_dto_projection_only,low_projection,forbidden_middleware_403,no,n/a,no_or_middleware_only,no,/api/v1/projects/:id/handover,,none_route_level,no,no,GAP,P2,apps/web/app/api/v1/projects/[id]/handover/route.ts;no assertCustomerFinanceSafePayload at route; relies on service DTO,2B_customer_finance_guard_coverage
/api/v1/projects/:id/handover/pack,GET,projects,authenticated_tenant,,supabase_session,server_derived,ctx.tenantId,no,membership_required,n/a,portal_or_stakeholder_allowed,no,yes,safe_dto_projection_only,low_projection,forbidden_middleware_403,no,n/a,no_or_middleware_only,no,/api/v1/projects/:id/handover/pack,,none_route_level,no,no,GAP,P2,apps/web/app/api/v1/projects/[id]/handover/pack/route.ts;no assertCustomerFinanceSafePayload at route; relies on service DTO,2B_customer_finance_guard_coverage
/api/v1/projects/:id/handover/transition,POST,projects,authenticated_tenant,,supabase_session,server_derived,ctx.tenantId,no,membership_required,n/a,denied_or_n/a,no,no,not_applicable,none,forbidden_middleware_403,yes,n/a,no_or_middleware_only,no,/api/v1/projects/:id/handover/transition,,none_route_level,no,no,PROVEN,,apps/web/app/api/v1/projects/[id]/handover/transition/route.ts,
/api/v1/projects/:id/insights,GET,projects,authenticated_tenant,,supabase_session,server_derived,ctx.tenantId,no,membership_required,n/a,denied_or_n/a,no,no,not_applicable,none,forbidden_middleware_403,no,n/a,no_or_middleware_only,no,/api/v1/projects/:id/insights,,none_route_level,no,no,PROVEN,,apps/web/app/api/v1/projects/[id]/insights/route.ts,
/api/v1/projects/:id/intelligence,GET,projects,authenticated_tenant,,supabase_session,server_derived,ctx.tenantId,no,membership_required,n/a,denied_or_n/a,no,no,not_applicable,none,forbidden_middleware_403,no,n/a,no_or_middleware_only,no,/api/v1/projects/:id/intelligence,app/api/v1/projects/[id]/intelligence/route.test.ts,partial_see_test|roles,no,no,PROVEN,,apps/web/app/api/v1/projects/[id]/intelligence/route.ts,
/api/v1/projects/:id/issues,GET|POST,projects,authenticated_tenant,,supabase_session,server_derived,ctx.tenantId,no,membership_required,n/a,denied_or_n/a,no,no,not_applicable,none,forbidden_middleware_403,yes,n/a,no_or_middleware_only,no,/api/v1/projects/:id/issues,,none_route_level,no,no,PROVEN,,apps/web/app/api/v1/projects/[id]/issues/route.ts,
/api/v1/projects/:id/issues/:issueId,GET|PATCH,projects,authenticated_tenant,,supabase_session,server_derived,ctx.tenantId,no,membership_required,n/a,denied_or_n/a,no,no,not_applicable,none,forbidden_middleware_403,yes,n/a,no_or_middleware_only,no,/api/v1/projects/:id/issues/:issueId,,none_route_level,no,no,PROVEN,,apps/web/app/api/v1/projects/[id]/issues/[issueId]/route.ts,
/api/v1/projects/:id/jobs/:jobId/trigger,POST,projects,authenticated_tenant,,supabase_session,none_or_delegated,n/a_or_delegated,yes,membership_required,n/a,denied_or_n/a,no,no,not_applicable,none,forbidden_middleware_403,yes,n/a,no_or_middleware_only,no,/api/v1/projects/:id/jobs/:jobId/trigger,,none_route_level,no,no,PROVEN,,apps/web/app/api/v1/projects/[id]/jobs/[jobId]/trigger/route.ts,
/api/v1/projects/:id/media,GET,projects,authenticated_tenant,,supabase_session,server_derived,ctx.tenantId,no,membership_required,n/a,denied_or_n/a,no,no,not_applicable,none,forbidden_middleware_403,no,n/a,no_or_middleware_only,no,/api/v1/projects/:id/media,,none_route_level,no,no,PROVEN,,apps/web/app/api/v1/projects/[id]/media/route.ts,
/api/v1/projects/:id/media/:mediaId/trigger,POST,projects,authenticated_tenant,,supabase_session,none_or_delegated,n/a_or_delegated,no,membership_required,n/a,denied_or_n/a,no,no,not_applicable,none,forbidden_middleware_403,yes,n/a,no_or_middleware_only,no,/api/v1/projects/:id/media/:mediaId/trigger,,none_route_level,no,no,PROVEN,,apps/web/app/api/v1/projects/[id]/media/[mediaId]/trigger/route.ts,
/api/v1/projects/:id/milestones,GET|POST,projects,authenticated_tenant,,supabase_session,server_derived,ctx.tenantId,no,membership_required,n/a,denied_or_n/a,no,no,not_applicable,none,forbidden_middleware_403,yes,n/a,no_or_middleware_only,no,/api/v1/projects/:id/milestones,,none_route_level,no,no,PROVEN,,apps/web/app/api/v1/projects/[id]/milestones/route.ts,
/api/v1/projects/:id/milestones/:milestoneId,GET|PATCH,projects,authenticated_tenant,,supabase_session,server_derived,ctx.tenantId,no,membership_required,n/a,denied_or_n/a,no,no,not_applicable,none,forbidden_middleware_403,yes,n/a,no_or_middleware_only,no,/api/v1/projects/:id/milestones/:milestoneId,,none_route_level,no,no,PROVEN,,apps/web/app/api/v1/projects/[id]/milestones/[milestoneId]/route.ts,
/api/v1/projects/:id/poll-status,GET,projects,authenticated_tenant,,supabase_session,none_or_delegated,n/a_or_delegated,no,membership_required,n/a,denied_or_n/a,no,no,not_applicable,none,forbidden_middleware_403,no,n/a,no_or_middleware_only,no,/api/v1/projects/:id/poll-status,,none_route_level,no,no,PROVEN,,apps/web/app/api/v1/projects/[id]/poll-status/route.ts,
/api/v1/projects/:id/proof-pack,GET|POST,projects,authenticated_tenant,,supabase_session,server_derived,ctx.tenantId,no,membership_required,n/a,denied_or_n/a,no,no,not_applicable,none,forbidden_middleware_403,yes,n/a,no_or_middleware_only,no,/api/v1/projects/:id/proof-pack,,none_route_level,no,no,PROVEN,,apps/web/app/api/v1/projects/[id]/proof-pack/route.ts,
/api/v1/projects/:id/proof-pack/shares/:token,DELETE,projects,authenticated_tenant,,supabase_session,server_derived,ctx.tenantId,no,membership_required,n/a,denied_or_n/a,no,no,not_applicable,none,forbidden_middleware_403,yes,n/a,no_or_middleware_only,no,/api/v1/projects/:id/proof-pack/shares/:token,,none_route_level,no,no,PROVEN,,apps/web/app/api/v1/projects/[id]/proof-pack/shares/[token]/route.ts,
/api/v1/projects/:id/reports,GET,projects,authenticated_tenant,,supabase_session,server_derived,ctx.tenantId,no,membership_required,n/a,denied_or_n/a,no,no,not_applicable,none,forbidden_middleware_403,no,n/a,no_or_middleware_only,no,/api/v1/projects/:id/reports,,none_route_level,no,no,PROVEN,,apps/web/app/api/v1/projects/[id]/reports/route.ts,
/api/v1/projects/:id/review-pack,GET,projects,authenticated_tenant,,supabase_session,server_derived,ctx.tenantId,no,membership_required,n/a,denied_or_n/a,no,no,not_applicable,none,forbidden_middleware_403,no,n/a,no_or_middleware_only,no,/api/v1/projects/:id/review-pack,,none_route_level,no,no,PROVEN,,apps/web/app/api/v1/projects/[id]/review-pack/route.ts,
/api/v1/projects/:id/service-requests,GET|POST,projects,authenticated_tenant,,supabase_session,server_derived,ctx.tenantId,no,membership_required,n/a,denied_or_n/a,no,no,not_applicable,none,forbidden_middleware_403,yes,n/a,no_or_middleware_only,no,/api/v1/projects/:id/service-requests,app/api/v1/projects/[id]/service-requests/route.test.ts,partial_see_test|roles,no,no,PROVEN,,apps/web/app/api/v1/projects/[id]/service-requests/route.ts,
/api/v1/projects/:id/service-requests/:requestId,GET|PATCH,projects,authenticated_tenant,,supabase_session,server_derived,ctx.tenantId,no,membership_required,n/a,denied_or_n/a,no,no,not_applicable,none,forbidden_middleware_403,yes,n/a,no_or_middleware_only,no,/api/v1/projects/:id/service-requests/:requestId,,none_route_level,no,no,PROVEN,,apps/web/app/api/v1/projects/[id]/service-requests/[requestId]/route.ts,
/api/v1/projects/:id/service-requests/:requestId/transition,POST,projects,authenticated_tenant,,supabase_session,server_derived,ctx.tenantId,no,membership_required,n/a,denied_or_n/a,no,no,not_applicable,none,forbidden_middleware_403,yes,n/a,no_or_middleware_only,no,/api/v1/projects/:id/service-requests/:requestId/transition,,none_route_level,no,no,PROVEN,,apps/web/app/api/v1/projects/[id]/service-requests/[requestId]/transition/route.ts,
/api/v1/projects/:id/stakeholder-activity,GET,projects,authenticated_tenant,,supabase_session,server_derived,ctx.tenantId,no,membership_required,n/a,portal_or_stakeholder_allowed,no,yes,safe_dto_projection_only,low_projection,forbidden_middleware_403,no,n/a,no_or_middleware_only,no,/api/v1/projects/:id/stakeholder-activity,app/api/v1/projects/[id]/stakeholder-activity/route.test.ts,partial_see_test|roles,no,no,GAP,P2,apps/web/app/api/v1/projects/[id]/stakeholder-activity/route.ts;no assertCustomerFinanceSafePayload at route; relies on service DTO,2B_customer_finance_guard_coverage
/api/v1/projects/:id/stakeholder-delivery,GET,projects,authenticated_tenant,,supabase_session,server_derived,ctx.tenantId,no,membership_required,n/a,denied_or_n/a,no,no,not_applicable,none,forbidden_middleware_403,no,n/a,no_or_middleware_only,no,/api/v1/projects/:id/stakeholder-delivery,,none_route_level,no,no,PROVEN,,apps/web/app/api/v1/projects/[id]/stakeholder-delivery/route.ts,
/api/v1/projects/:id/stakeholder-discussions,GET|POST,projects,authenticated_tenant,,supabase_session,server_derived,ctx.tenantId,no,membership_required,n/a,denied_or_n/a,no,no,not_applicable,none,forbidden_middleware_403,yes,n/a,no_or_middleware_only,no,/api/v1/projects/:id/stakeholder-discussions,,none_route_level,no,no,PROVEN,,apps/web/app/api/v1/projects/[id]/stakeholder-discussions/route.ts,
/api/v1/projects/:id/stakeholder-discussions/:discussionId,GET,projects,authenticated_tenant,,supabase_session,server_derived,ctx.tenantId,no,membership_required,n/a,denied_or_n/a,no,no,not_applicable,none,forbidden_middleware_403,no,n/a,no_or_middleware_only,no,/api/v1/projects/:id/stakeholder-discussions/:discussionId,,none_route_level,no,no,PROVEN,,apps/web/app/api/v1/projects/[id]/stakeholder-discussions/[discussionId]/route.ts,
/api/v1/projects/:id/stakeholder-discussions/:discussionId/close,POST,projects,authenticated_tenant,,supabase_session,server_derived,ctx.tenantId,no,membership_required,n/a,denied_or_n/a,no,no,not_applicable,none,forbidden_middleware_403,yes,n/a,no_or_middleware_only,no,/api/v1/projects/:id/stakeholder-discussions/:discussionId/close,,none_route_level,no,no,PROVEN,,apps/web/app/api/v1/projects/[id]/stakeholder-discussions/[discussionId]/close/route.ts,
/api/v1/projects/:id/stakeholder-discussions/:discussionId/entries,POST,projects,authenticated_tenant,,supabase_session,server_derived,ctx.tenantId,yes,membership_required,n/a,denied_or_n/a,no,no,not_applicable,none,forbidden_middleware_403,yes,n/a,no_or_middleware_only,no,/api/v1/projects/:id/stakeholder-discussions/:discussionId/entries,,none_route_level,no,no,PROVEN,,apps/web/app/api/v1/projects/[id]/stakeholder-discussions/[discussionId]/entries/route.ts,
/api/v1/projects/:id/stakeholder-discussions/:discussionId/resolve,POST,projects,authenticated_tenant,,supabase_session,server_derived,ctx.tenantId,no,membership_required,n/a,denied_or_n/a,no,no,not_applicable,none,forbidden_middleware_403,yes,n/a,no_or_middleware_only,no,/api/v1/projects/:id/stakeholder-discussions/:discussionId/resolve,,none_route_level,no,no,PROVEN,,apps/web/app/api/v1/projects/[id]/stakeholder-discussions/[discussionId]/resolve/route.ts,
/api/v1/projects/:id/stakeholder-notifications,GET,projects,authenticated_tenant,,supabase_session,server_derived,ctx.tenantId,no,membership_required,n/a,portal_or_stakeholder_allowed,no,yes,safe_dto_projection_only,low_projection,forbidden_middleware_403,no,n/a,no_or_middleware_only,no,/api/v1/projects/:id/stakeholder-notifications,,none_route_level,no,no,GAP,P2,apps/web/app/api/v1/projects/[id]/stakeholder-notifications/route.ts;no assertCustomerFinanceSafePayload at route; relies on service DTO,2B_customer_finance_guard_coverage
/api/v1/projects/:id/stakeholder-notifications/:notificationId/read,POST,projects,authenticated_tenant,,supabase_session,server_derived,ctx.tenantId,no,membership_required,n/a,denied_or_n/a,no,no,not_applicable,none,forbidden_middleware_403,yes,n/a,no_or_middleware_only,no,/api/v1/projects/:id/stakeholder-notifications/:notificationId/read,,none_route_level,no,no,PROVEN,,apps/web/app/api/v1/projects/[id]/stakeholder-notifications/[notificationId]/read/route.ts,
/api/v1/projects/:id/stakeholders,GET|POST,projects,authenticated_tenant,,supabase_session,server_derived,ctx.tenantId,yes,membership_required,n/a,denied_or_n/a,no,no,not_applicable,none,forbidden_middleware_403,yes,n/a,no_or_middleware_only,no,/api/v1/projects/:id/stakeholders,,none_route_level,no,no,PROVEN,,apps/web/app/api/v1/projects/[id]/stakeholders/route.ts,
/api/v1/projects/:id/stakeholders/:stakeholderId,PATCH,projects,authenticated_tenant,,supabase_session,server_derived,ctx.tenantId,yes,membership_required,n/a,denied_or_n/a,no,no,not_applicable,none,forbidden_middleware_403,yes,n/a,no_or_middleware_only,no,/api/v1/projects/:id/stakeholders/:stakeholderId,,none_route_level,no,no,PROVEN,,apps/web/app/api/v1/projects/[id]/stakeholders/[stakeholderId]/route.ts,
/api/v1/projects/:id/summary,GET,projects,authenticated_tenant,,supabase_session,server_derived,ctx.tenantId,no,membership_required,n/a,denied_or_n/a,no,no,not_applicable,none,forbidden_middleware_403,no,n/a,no_or_middleware_only,no,/api/v1/projects/:id/summary,,none_route_level,no,no,PROVEN,,apps/web/app/api/v1/projects/[id]/summary/route.ts,
/api/v1/projects/:id/timeline,GET,projects,authenticated_tenant,,supabase_session,server_derived,ctx.tenantId,no,membership_required,n/a,denied_or_n/a,no,no,not_applicable,none,forbidden_middleware_403,no,n/a,no_or_middleware_only,no,/api/v1/projects/:id/timeline,,none_route_level,no,no,PROVEN,,apps/web/app/api/v1/projects/[id]/timeline/route.ts,
/api/v1/projects/:id/traceability,GET,projects,authenticated_tenant,,supabase_session,server_derived,ctx.tenantId,no,membership_required,n/a,denied_or_n/a,no,no,not_applicable,none,forbidden_middleware_403,no,n/a,no_or_middleware_only,no,/api/v1/projects/:id/traceability,app/api/v1/projects/[id]/traceability/route.test.ts,partial_see_test|roles,no,no,PROVEN,,apps/web/app/api/v1/projects/[id]/traceability/route.ts,
/api/v1/projects/:id/upload,POST,projects,authenticated_tenant,,supabase_session,none_or_delegated,n/a_or_delegated,yes,membership_required,n/a,denied_or_n/a,no,no,not_applicable,none,forbidden_middleware_403,yes,n/a,no_or_middleware_only,no,/api/v1/projects/:id/upload,,none_route_level,no,no,PROVEN,,apps/web/app/api/v1/projects/[id]/upload/route.ts,
/api/v1/projects/:id/uploads,GET,projects,authenticated_tenant,,supabase_session,server_derived,ctx.tenantId,no,membership_required,n/a,denied_or_n/a,no,no,not_applicable,none,forbidden_middleware_403,no,n/a,no_or_middleware_only,no,/api/v1/projects/:id/uploads,,none_route_level,no,no,PROVEN,,apps/web/app/api/v1/projects/[id]/uploads/route.ts,
/api/v1/projects/:id/workers,GET,projects,authenticated_tenant,,supabase_session,server_derived,ctx.tenantId,no,membership_required,n/a,denied_or_n/a,no,no,not_applicable,none,forbidden_middleware_403,no,n/a,no_or_middleware_only,no,/api/v1/projects/:id/workers,,none_route_level,no,no,PROVEN,,apps/web/app/api/v1/projects/[id]/workers/route.ts,
/api/v1/recurring-operations/rules,GET,other,authenticated_tenant,,supabase_session,server_derived,ctx.tenantId,no,membership_required,n/a,denied_or_n/a,no,no,not_applicable,none,forbidden_middleware_403,no,n/a,no_or_middleware_only,no,/api/v1/recurring-operations/rules,,none_route_level,no,no,PROVEN,,apps/web/app/api/v1/recurring-operations/rules/route.ts,
/api/v1/recurring-operations/rules/:id,PATCH,other,authenticated_tenant,,supabase_session,server_derived,ctx.tenantId,no,membership_required,n/a,denied_or_n/a,no,no,not_applicable,none,forbidden_middleware_403,yes,n/a,no_or_middleware_only,no,/api/v1/recurring-operations/rules/:id,,none_route_level,no,no,PROVEN,,apps/web/app/api/v1/recurring-operations/rules/[id]/route.ts,
/api/v1/reports,GET,projects,authenticated_tenant,,supabase_session,server_derived,ctx.tenantId,no,membership_required,n/a,denied_or_n/a,no,no,not_applicable,none,forbidden_middleware_403,no,n/a,no_or_middleware_only,no,/api/v1/reports,,none_route_level,no,no,PROVEN,,apps/web/app/api/v1/reports/route.ts,
/api/v1/reports/:id,GET|PATCH,projects,authenticated_tenant,,supabase_session,server_derived,ctx.tenantId,no,membership_required,n/a,denied_or_n/a,no,no,not_applicable,none,allowed_write_prefix,yes,check_handler,no_or_middleware_only,no,/api/v1/reports/:id,app/api/v1/reports/[id]/route.test.ts,partial_see_test|unauth|roles|lite,yes,no,PROVEN,,apps/web/app/api/v1/reports/[id]/route.ts,
/api/v1/reports/:id/analysis-status,GET,projects,authenticated_tenant,,supabase_session,server_derived,ctx.tenantId,yes,membership_required,n/a,denied_or_n/a,no,no,not_applicable,none,allowed_read,no,n/a,no_or_middleware_only,no,/api/v1/reports/:id/analysis-status,,none_route_level,no,no,GAP,P1,apps/web/app/api/v1/reports/[id]/analysis-status/route.ts;analysis-status lacks own-report check unlike reports/:id,2C_lite_read_scope
/api/v1/reports/:id/approval-history,GET,projects,authenticated_tenant,,supabase_session,server_derived,ctx.tenantId,no,membership_required,n/a,denied_or_n/a,no,no,not_applicable,none,forbidden_middleware_403,no,n/a,no_or_middleware_only,no,/api/v1/reports/:id/approval-history,,none_route_level,no,no,PROVEN,,apps/web/app/api/v1/reports/[id]/approval-history/route.ts,
/api/v1/reports/export,GET,projects,authenticated_tenant,,supabase_session,server_derived,ctx.tenantId,no,membership_required,n/a,denied_or_n/a,no,no,not_applicable,none,forbidden_middleware_403,no,n/a,no_or_middleware_only,no,/api/v1/reports/export,app/api/v1/reports/export/route.test.ts,partial_see_test|unauth|roles|lite,no,no,PROVEN,,apps/web/app/api/v1/reports/export/route.ts,
/api/v1/scim/:path,DELETE|GET|PATCH|POST,other,authenticated_tenant,,supabase_session,none_or_delegated,n/a_or_delegated,no,membership_required,n/a,denied_or_n/a,no,no,not_applicable,none,forbidden_middleware_403,yes,n/a,no_or_middleware_only,no,/api/v1/scim/:path,,none_route_level,no,no,PROVEN,,apps/web/app/api/v1/scim/[...path]/route.ts,
/api/v1/share/proof/:token,GET,share,public_tokenized,tokenized_share,share_token,none_or_delegated,n/a_or_delegated,yes_token_lookup,n/a,n/a,portal_or_stakeholder_allowed,no,yes,yes_assertCustomerFinanceSafePayload,none,forbidden_middleware_403,no,n/a,no_or_middleware_only,no,/api/v1/share/proof/:token,app/api/v1/share/proof/[token]/route.test.ts,partial_see_test|roles,no,yes,PROVEN,,apps/web/app/api/v1/share/proof/[token]/route.ts,
/api/v1/stakeholder-invites/accept,POST,tenant,authenticated_tenant,,supabase_session,none_or_delegated,n/a_or_delegated,yes,membership_required,n/a,portal_or_stakeholder_allowed,no,yes,safe_dto_projection_only,low_projection,forbidden_middleware_403,yes,n/a,no_or_middleware_only,no,/api/v1/stakeholder-invites/accept,,none_route_level,no,no,GAP,P2,apps/web/app/api/v1/stakeholder-invites/accept/route.ts;no assertCustomerFinanceSafePayload at route; relies on service DTO,2B_customer_finance_guard_coverage
/api/v1/support/tickets,GET|POST,other,authenticated_tenant,,supabase_session,none_or_delegated,n/a_or_delegated,no,membership_required,n/a,denied_or_n/a,no,no,not_applicable,none,forbidden_middleware_403,yes,n/a,no_or_middleware_only,no,/api/v1/support/tickets,,none_route_level,no,no,PROVEN,,apps/web/app/api/v1/support/tickets/route.ts,
/api/v1/support/tickets/:ticketId/messages,GET|POST,other,authenticated_tenant,,supabase_session,none_or_delegated,n/a_or_delegated,no,membership_required,n/a,denied_or_n/a,no,no,not_applicable,none,forbidden_middleware_403,yes,n/a,no_or_middleware_only,no,/api/v1/support/tickets/:ticketId/messages,,none_route_level,no,no,PROVEN,,apps/web/app/api/v1/support/tickets/[ticketId]/messages/route.ts,
/api/v1/sync/ack,POST,sync,authenticated_tenant,,supabase_session,server_derived,ctx.tenantId,yes,membership_required,n/a,denied_or_n/a,no,no,not_applicable,none,allowed_write,yes,requireLiteIdempotency,yes,no,/api/v1/sync/ack,app/api/v1/sync/ack/route.test.ts,partial_see_test|roles|lite,no,no,PROVEN,,apps/web/app/api/v1/sync/ack/route.ts,
/api/v1/sync/bootstrap,GET,sync,authenticated_tenant,,supabase_session,server_derived,ctx.tenantId,no,membership_required,n/a,denied_or_n/a,no,no,not_applicable,none,allowed_read,no,n/a,no_or_middleware_only,no,/api/v1/sync/bootstrap,app/api/v1/sync/bootstrap/route.test.ts,partial_see_test|unauth|roles|lite,no,no,PROVEN,,apps/web/app/api/v1/sync/bootstrap/route.ts,
/api/v1/sync/changes,GET,sync,authenticated_tenant,,supabase_session,server_derived,ctx.tenantId,yes,membership_required,n/a,denied_or_n/a,no,no,not_applicable,none,allowed_read,no,n/a,yes,no,/api/v1/sync/changes,app/api/v1/sync/changes/route.test.ts,partial_see_test|roles,no,no,PROVEN,,apps/web/app/api/v1/sync/changes/route.ts,
/api/v1/system/health,GET,health,authenticated_tenant,,supabase_session,none_or_delegated,n/a_or_delegated,no,membership_required,n/a,denied_or_n/a,no,no,not_applicable,none,forbidden_middleware_403,no,n/a,no_or_middleware_only,no,/api/v1/system/health,app/api/v1/system/health/route.test.ts,partial_see_test|unauth,no,no,PROVEN,,apps/web/app/api/v1/system/health/route.ts,
/api/v1/system/metrics,GET,health,authenticated_tenant,,supabase_session,none_or_delegated,n/a_or_delegated,no,membership_required,n/a,denied_or_n/a,no,no,not_applicable,none,forbidden_middleware_403,no,n/a,no_or_middleware_only,no,/api/v1/system/metrics,,none_route_level,no,no,PROVEN,,apps/web/app/api/v1/system/metrics/route.ts,
/api/v1/tasks,GET|POST,projects,authenticated_tenant,,supabase_session,server_derived,ctx.tenantId,yes,membership_required,n/a,denied_or_n/a,no,no,not_applicable,none,forbidden_middleware_403,yes,n/a,no_or_middleware_only,no,/api/v1/tasks,,none_route_level,no,no,PROVEN,,apps/web/app/api/v1/tasks/route.ts,
/api/v1/tasks/:id,GET|PATCH,projects,authenticated_tenant,,supabase_session,server_derived,ctx.tenantId,yes,membership_required,n/a,denied_or_n/a,no,no,not_applicable,none,allowed_write_prefix,yes,check_handler,no_or_middleware_only,no,/api/v1/tasks/:id,,none_route_level,no,no,PROVEN,,apps/web/app/api/v1/tasks/[id]/route.ts,
/api/v1/tasks/:id/assign,POST,projects,authenticated_tenant,,supabase_session,server_derived,ctx.tenantId,yes,membership_required,n/a,denied_or_n/a,no,no,not_applicable,none,forbidden_middleware_403,yes,n/a,no_or_middleware_only,no,/api/v1/tasks/:id/assign,,none_route_level,no,no,PROVEN,,apps/web/app/api/v1/tasks/[id]/assign/route.ts,
/api/v1/tenant/accept-invite,POST,tenant,authenticated_tenant,,supabase_session,none_or_delegated,n/a_or_delegated,no,membership_required,n/a,denied_or_n/a,no,no,not_applicable,none,forbidden_middleware_403,yes,n/a,no_or_middleware_only,no,/api/v1/tenant/accept-invite,app/api/v1/tenant/accept-invite/route.test.ts,partial_see_test,no,no,PROVEN,,apps/web/app/api/v1/tenant/accept-invite/route.ts,
/api/v1/tenant/invitations,GET,tenant,authenticated_tenant,,supabase_session,none_or_delegated,n/a_or_delegated,no,membership_required,n/a,denied_or_n/a,no,no,not_applicable,none,forbidden_middleware_403,no,n/a,no_or_middleware_only,no,/api/v1/tenant/invitations,,none_route_level,no,no,PROVEN,,apps/web/app/api/v1/tenant/invitations/route.ts,
/api/v1/tenant/invite,POST,tenant,authenticated_tenant,,supabase_session,server_derived,ctx.tenantId,no,membership_required,n/a,denied_or_n/a,no,no,not_applicable,none,forbidden_middleware_403,yes,n/a,no_or_middleware_only,no,/api/v1/tenant/invite,app/api/v1/tenant/invite/route.test.ts,partial_see_test|roles,no,no,PROVEN,,apps/web/app/api/v1/tenant/invite/route.ts,
/api/v1/tenant/invite-preview,GET,tenant,authenticated_tenant,,supabase_session,none_or_delegated,n/a_or_delegated,no,membership_required,n/a,denied_or_n/a,no,no,not_applicable,none,forbidden_middleware_403,no,n/a,no_or_middleware_only,no,/api/v1/tenant/invite-preview,,none_route_level,no,no,PROVEN,,apps/web/app/api/v1/tenant/invite-preview/route.ts,
/api/v1/tenant/members,GET,tenant,authenticated_tenant,,supabase_session,server_derived,ctx.tenantId,no,membership_required,n/a,denied_or_n/a,no,no,not_applicable,none,forbidden_middleware_403,no,n/a,no_or_middleware_only,no,/api/v1/tenant/members,,none_route_level,no,no,PROVEN,,apps/web/app/api/v1/tenant/members/route.ts,
/api/v1/tenant/profile,PATCH,tenant,authenticated_tenant,,supabase_session,server_derived,ctx.tenantId,no,membership_required,n/a,denied_or_n/a,no,no,not_applicable,none,forbidden_middleware_403,yes,n/a,no_or_middleware_only,no,/api/v1/tenant/profile,,none_route_level,no,no,PROVEN,,apps/web/app/api/v1/tenant/profile/route.ts,
/api/v1/tenant/revoke,POST,tenant,authenticated_tenant,,supabase_session,none_or_delegated,n/a_or_delegated,no,membership_required,n/a,denied_or_n/a,no,no,not_applicable,none,forbidden_middleware_403,yes,n/a,no_or_middleware_only,no,/api/v1/tenant/revoke,,none_route_level,no,no,PROVEN,,apps/web/app/api/v1/tenant/revoke/route.ts,
/api/v1/users,GET,other,authenticated_tenant,,supabase_session,none_or_delegated,n/a_or_delegated,no,membership_required,n/a,denied_or_n/a,no,no,not_applicable,none,forbidden_middleware_403,no,n/a,no_or_middleware_only,no,/api/v1/users,,none_route_level,no,no,PROVEN,,apps/web/app/api/v1/users/route.ts,
/api/v1/webhooks/incoming,POST,integrations,public_webhook,signed_webhook,webhook_signature_or_secret,none_or_delegated,n/a_or_delegated,no,n/a,n/a,denied_or_n/a,no,no,not_applicable,none,forbidden_middleware_403,yes,n/a,no_or_middleware_only,no,/api/v1/webhooks/incoming,app/api/v1/webhooks/incoming/route.test.ts,partial_see_test,no,no,PROVEN,,apps/web/app/api/v1/webhooks/incoming/route.ts,
/api/v1/worker,GET|POST,worker,public_discovery,health_config,none,none_or_delegated,n/a_or_delegated,no,n/a,n/a,denied_or_n/a,no,no,not_applicable,none,allowed_write_prefix,yes,check_handler,no_or_middleware_only,no,/api/v1/worker,app/api/v1/worker/route.test.ts,partial_see_test,no,no,PROVEN,,apps/web/app/api/v1/worker/route.ts,
/api/v1/worker/day/end,POST,worker,authenticated_tenant,,supabase_session,server_derived,ctx.tenantId,no,membership_required,n/a,denied_or_n/a,no,no,not_applicable,none,allowed_write,yes,requireLiteIdempotency,no_or_middleware_only,no,/api/v1/worker/day/end,,none_route_level,no,no,PROVEN,,apps/web/app/api/v1/worker/day/end/route.ts,
/api/v1/worker/day/start,POST,worker,authenticated_tenant,,supabase_session,server_derived,ctx.tenantId,no,membership_required,n/a,denied_or_n/a,no,no,not_applicable,none,allowed_write,yes,requireLiteIdempotency,no_or_middleware_only,no,/api/v1/worker/day/start,,none_route_level,no,no,PROVEN,,apps/web/app/api/v1/worker/day/start/route.ts,
/api/v1/worker/report/add-media,POST,worker,authenticated_tenant,,supabase_session,server_derived,ctx.tenantId,no,membership_required,n/a,denied_or_n/a,no,no,not_applicable,none,allowed_write,yes,requireLiteIdempotency,no_or_middleware_only,no,/api/v1/worker/report/add-media,,none_route_level,no,no,PROVEN,,apps/web/app/api/v1/worker/report/add-media/route.ts,
/api/v1/worker/report/create,POST,worker,authenticated_tenant,,supabase_session,server_derived,ctx.tenantId,no,membership_required,n/a,denied_or_n/a,no,no,not_applicable,none,allowed_write,yes,requireLiteIdempotency,no_or_middleware_only,no,/api/v1/worker/report/create,,none_route_level,no,no,PROVEN,,apps/web/app/api/v1/worker/report/create/route.ts,
/api/v1/worker/report/submit,POST,worker,authenticated_tenant,,supabase_session,server_derived,ctx.tenantId,no,membership_required,n/a,denied_or_n/a,no,no,not_applicable,none,allowed_write,yes,requireLiteIdempotency,no_or_middleware_only,no,/api/v1/worker/report/submit,app/api/v1/worker/report/submit/route.test.ts,partial_see_test|roles|lite,no,no,PROVEN,,apps/web/app/api/v1/worker/report/submit/route.ts,
/api/v1/worker/sync,GET,worker,authenticated_tenant,,supabase_session,server_derived,ctx.tenantId,no,membership_required,n/a,denied_or_n/a,no,no,not_applicable,none,allowed_read,no,n/a,no_or_middleware_only,no,/api/v1/worker/sync,,none_route_level,no,no,PROVEN,,apps/web/app/api/v1/worker/sync/route.ts,
/api/v1/worker/tasks/today,GET,worker,authenticated_tenant,,supabase_session,server_derived,ctx.tenantId,no,membership_required,n/a,denied_or_n/a,no,no,not_applicable,none,allowed_read,no,n/a,no_or_middleware_only,no,/api/v1/worker/tasks/today,,none_route_level,no,no,PROVEN,,apps/web/app/api/v1/worker/tasks/today/route.ts,
/api/v1/workers,GET,worker,authenticated_tenant,,supabase_session,server_derived,ctx.tenantId,no,membership_required,n/a,denied_or_n/a,no,no,not_applicable,none,allowed_read,no,n/a,no_or_middleware_only,no,/api/v1/workers,,none_route_level,no,no,GAP,P2,apps/web/app/api/v1/workers/route.ts;startsWith prefix allows sibling paths like worker-evil,2C_lite_prefix_boundary
/api/v1/workers/:userId/days,GET,worker,authenticated_tenant,,supabase_session,server_derived,ctx.tenantId,no,membership_required,n/a,denied_or_n/a,no,no,not_applicable,none,allowed_read,no,n/a,no_or_middleware_only,no,/api/v1/workers/:userId/days,,none_route_level,no,no,GAP,P2,apps/web/app/api/v1/workers/[userId]/days/route.ts;startsWith prefix allows sibling paths like worker-evil,2C_lite_prefix_boundary
/api/v1/workers/:userId/summary,GET,worker,authenticated_tenant,,supabase_session,server_derived,ctx.tenantId,no,membership_required,n/a,denied_or_n/a,no,no,not_applicable,none,allowed_read,no,n/a,no_or_middleware_only,no,/api/v1/workers/:userId/summary,,none_route_level,no,no,GAP,P2,apps/web/app/api/v1/workers/[userId]/summary/route.ts;startsWith prefix allows sibling paths like worker-evil,2C_lite_prefix_boundary
/api/v1/workload,GET,other,authenticated_tenant,,supabase_session,server_derived,ctx.tenantId,no,membership_required,n/a,denied_or_n/a,no,no,not_applicable,none,forbidden_middleware_403,no,n/a,no_or_middleware_only,no,/api/v1/workload,app/api/v1/workload/route.test.ts,partial_see_test|roles,no,no,PROVEN,,apps/web/app/api/v1/workload/route.ts,
/api/webhooks/incoming,POST,legacy,public_webhook,signed_webhook,webhook_signature_or_secret,none_or_delegated,n/a_or_delegated,no,n/a,n/a,denied_or_n/a,no,no,not_applicable,none,BYPASS_legacy_not_under_v1_middleware,yes,n/a,no_or_middleware_only,yes,/api/v1/webhooks/incoming,,none_route_level,no,no,PROVEN,P3,apps/web/app/api/webhooks/incoming/route.ts;re_export to /api/v1/webhooks/incoming,2D_legacy_cleanup
