id,kind,labelText,pageRoute,target,sourceFile,line,notes
generated.apps.web.app.locale.dashboard.admin.ai.page.tsx.16,Link,Security events →,/{locale}/admin/ai,/admin/ai/security,apps/web/app/[locale]/(dashboard)/admin/ai/page.tsx,16,generated id; no data-testid
generated.apps.web.app.locale.dashboard.admin.ai.page.tsx.19,Link,Request ID explorer →,/{locale}/admin/ai,/admin/ai/requests,apps/web/app/[locale]/(dashboard)/admin/ai/page.tsx,19,generated id; no data-testid
generated.apps.web.app.locale.dashboard.admin.ai.requests.page.tsx.16,Link,← Overview,/{locale}/admin/ai/requests,/admin/ai,apps/web/app/[locale]/(dashboard)/admin/ai/requests/page.tsx,16,generated id; no data-testid
generated.apps.web.app.locale.dashboard.admin.ai.security.page.tsx.16,Link,← Overview,/{locale}/admin/ai/security,/admin/ai,apps/web/app/[locale]/(dashboard)/admin/ai/security/page.tsx,16,generated id; no data-testid
generated.apps.web.app.locale.dashboard.admin.billing.pilot.AdminBillingPilotClient.tsx.128,button,tDetail(lookup),/{locale}/admin/billing-pilot,() => lookupId && fetchDiagnostics(lookupId),apps/web/app/[locale]/(dashboard)/admin/billing-pilot/AdminBillingPilotClient.tsx,128,generated id; no data-testid
generated.apps.web.app.locale.dashboard.admin.billing.pilot.AdminBillingPilotClient.tsx.fallback.130,button,,/{locale}/admin/billing-pilot,onClick=,apps/web/app/[locale]/(dashboard)/admin/billing-pilot/AdminBillingPilotClient.tsx,130,fallback text scan
generated.apps.web.app.locale.dashboard.admin.billing.pilot.AdminBillingPilotClient.tsx.194,button,tDetail(reprocessEvents),/{locale}/admin/billing-pilot,() => reprocessWorkspaceEvents(diagnostics.workspaceId),apps/web/app/[locale]/(dashboard)/admin/billing-pilot/AdminBillingPilotClient.tsx,194,generated id; no data-testid
generated.apps.web.app.locale.dashboard.admin.billing.pilot.AdminBillingPilotClient.tsx.fallback.196,button,,/{locale}/admin/billing-pilot,onClick=,apps/web/app/[locale]/(dashboard)/admin/billing-pilot/AdminBillingPilotClient.tsx,196,fallback text scan
generated.apps.web.app.locale.dashboard.admin.billing.pilot.AdminBillingPilotClient.tsx.203,button,tDetail(removeFromPilot),/{locale}/admin/billing-pilot,() => removeFromPilot(diagnostics.workspaceId),apps/web/app/[locale]/(dashboard)/admin/billing-pilot/AdminBillingPilotClient.tsx,203,generated id; no data-testid
generated.apps.web.app.locale.dashboard.admin.billing.pilot.AdminBillingPilotClient.tsx.fallback.205,button,,/{locale}/admin/billing-pilot,onClick=,apps/web/app/[locale]/(dashboard)/admin/billing-pilot/AdminBillingPilotClient.tsx,205,fallback text scan
generated.apps.web.app.locale.dashboard.admin.billing.pilot.AdminBillingPilotClient.tsx.212,button,tDetail(addToPilot),/{locale}/admin/billing-pilot,() => addToPilot(diagnostics.workspaceId),apps/web/app/[locale]/(dashboard)/admin/billing-pilot/AdminBillingPilotClient.tsx,212,generated id; no data-testid
generated.apps.web.app.locale.dashboard.admin.billing.pilot.AdminBillingPilotClient.tsx.fallback.214,button,,/{locale}/admin/billing-pilot,onClick=,apps/web/app/[locale]/(dashboard)/admin/billing-pilot/AdminBillingPilotClient.tsx,214,fallback text scan
generated.apps.web.app.locale.dashboard.admin.billing.pilot.page.tsx.15,Link,← Admin,/{locale}/admin/billing-pilot,/admin,apps/web/app/[locale]/(dashboard)/admin/billing-pilot/page.tsx,15,generated id; no data-testid
generated.apps.web.app.locale.dashboard.admin.governance.CurrentCalibration.tsx.63,button,showExplain ? tDetail(hide) : tDetail(whyTheseThresholds),/{locale}/admin/governance,() => setShowExplain((v) => !v),apps/web/app/[locale]/(dashboard)/admin/governance/CurrentCalibration.tsx,63,generated id; no data-testid
generated.apps.web.app.locale.dashboard.admin.governance.GovernanceAlerts.tsx.73,iconButton,$tDetail(markReviewed): $ev.event_type,/{locale}/admin/governance,() => handleAck(ev.id),apps/web/app/[locale]/(dashboard)/admin/governance/GovernanceAlerts.tsx,73,generated id; no data-testid
generated.apps.web.app.locale.dashboard.admin.governance.GovernanceAlerts.tsx.fallback.77,button,,/{locale}/admin/governance,onClick=,apps/web/app/[locale]/(dashboard)/admin/governance/GovernanceAlerts.tsx,77,fallback text scan
generated.apps.web.app.locale.dashboard.admin.governance.page.tsx.68,Link,tPage(backToAdmin),/{locale}/admin/governance,/admin,apps/web/app/[locale]/(dashboard)/admin/governance/page.tsx,68,generated id; no data-testid
generated.apps.web.app.locale.dashboard.admin.jobs.AdminJobsClient.tsx.97,button,tDetail(exportCsv),/{locale}/admin/jobs,exportCsv,apps/web/app/[locale]/(dashboard)/admin/jobs/AdminJobsClient.tsx,97,generated id; no data-testid
generated.apps.web.app.locale.dashboard.admin.jobs.AdminJobsClient.tsx.134,button,r.id,/{locale}/admin/jobs,() => navigator.clipboard.writeText(r.id),apps/web/app/[locale]/(dashboard)/admin/jobs/AdminJobsClient.tsx,134,generated id; no data-testid
generated.apps.web.app.locale.dashboard.admin.jobs.AdminJobsClient.tsx.fallback.136,button,,/{locale}/admin/jobs,onClick=,apps/web/app/[locale]/(dashboard)/admin/jobs/AdminJobsClient.tsx,136,fallback text scan
generated.apps.web.app.locale.dashboard.admin.leads.id.AdminLeadDetailClient.tsx.96,Link,tDetail(backToLeads),/{locale}/admin/leads/:id,/admin/leads,apps/web/app/[locale]/(dashboard)/admin/leads/[id]/AdminLeadDetailClient.tsx,96,generated id; no data-testid
generated.apps.web.app.locale.dashboard.admin.leads.id.AdminLeadDetailClient.tsx.113,Link,tDetail(backToLeads),/{locale}/admin/leads/:id,/admin/leads,apps/web/app/[locale]/(dashboard)/admin/leads/[id]/AdminLeadDetailClient.tsx,113,generated id; no data-testid
generated.apps.web.app.locale.dashboard.admin.leads.id.AdminLeadDetailClient.tsx.175,button,tDetail(save),/{locale}/admin/leads/:id,handleSave,apps/web/app/[locale]/(dashboard)/admin/leads/[id]/AdminLeadDetailClient.tsx,175,generated id; no data-testid
generated.apps.web.app.locale.dashboard.admin.leads.AdminLeadsClient.tsx.131,Link,tDetail(view),/{locale}/admin/leads,`/admin/leads/${row.id}`,apps/web/app/[locale]/(dashboard)/admin/leads/AdminLeadsClient.tsx,131,generated id; no data-testid
generated.apps.web.app.locale.dashboard.admin.leads.page.tsx.12,Link,tPage(backToAdmin),/{locale}/admin/leads,/admin,apps/web/app/[locale]/(dashboard)/admin/leads/page.tsx,12,generated id; no data-testid
generated.apps.web.app.locale.dashboard.admin.page.tsx.57,Link,tDetail(contactLeadsArrow),/{locale}/admin,/admin/leads,apps/web/app/[locale]/(dashboard)/admin/page.tsx,57,generated id; no data-testid
generated.apps.web.app.locale.dashboard.admin.page.tsx.58,Link,tDetail(aiGovernanceAuditArrow),/{locale}/admin,/admin/governance,apps/web/app/[locale]/(dashboard)/admin/page.tsx,58,generated id; no data-testid
generated.apps.web.app.locale.dashboard.admin.page.tsx.59,Link,tDetail(aiTrustDashboardArrow),/{locale}/admin,/admin/trust,apps/web/app/[locale]/(dashboard)/admin/page.tsx,59,generated id; no data-testid
generated.apps.web.app.locale.dashboard.admin.push.AdminPushOutboxClient.tsx.104,button,tDetail(exportCsv),/{locale}/admin/push,exportCsv,apps/web/app/[locale]/(dashboard)/admin/push/AdminPushOutboxClient.tsx,104,generated id; no data-testid
generated.apps.web.app.locale.dashboard.admin.push.AdminPushOutboxClient.tsx.147,button,"r.id.slice(0, 8) …",/{locale}/admin/push,() => navigator.clipboard.writeText(r.id),apps/web/app/[locale]/(dashboard)/admin/push/AdminPushOutboxClient.tsx,147,generated id; no data-testid
generated.apps.web.app.locale.dashboard.admin.push.AdminPushOutboxClient.tsx.fallback.149,button,,/{locale}/admin/push,onClick=,apps/web/app/[locale]/(dashboard)/admin/push/AdminPushOutboxClient.tsx,149,fallback text scan
generated.apps.web.app.locale.dashboard.admin.system.page.tsx.22,Link,tDetail(backToAdminShort),/{locale}/admin/system,/admin,apps/web/app/[locale]/(dashboard)/admin/system/page.tsx,22,generated id; no data-testid
generated.apps.web.app.locale.dashboard.admin.system.page.tsx.39,Link,tDetail(backToAdminShort),/{locale}/admin/system,/admin,apps/web/app/[locale]/(dashboard)/admin/system/page.tsx,39,generated id; no data-testid
generated.apps.web.app.locale.dashboard.admin.trust.page.tsx.58,Link,tDetail(backToAdminShort),/{locale}/admin/trust,/admin,apps/web/app/[locale]/(dashboard)/admin/trust/page.tsx,58,generated id; no data-testid
generated.apps.web.app.locale.dashboard.admin.trust.TrustActions.tsx.14,Link,tDetail(openGovernance),/{locale}/admin/trust,/admin/governance,apps/web/app/[locale]/(dashboard)/admin/trust/TrustActions.tsx,14,generated id; no data-testid
generated.apps.web.app.locale.dashboard.admin.trust.TrustActions.tsx.22,Link,tDetail(openOrgPortfolioDashboard),/{locale}/admin/trust,/portfolio,apps/web/app/[locale]/(dashboard)/admin/trust/TrustActions.tsx,22,generated id; no data-testid
generated.apps.web.app.locale.dashboard.billing.cancel.page.tsx.20,Link,← Back to Billing,/{locale}/billing/cancel,copy.backHref,apps/web/app/[locale]/(dashboard)/billing/cancel/page.tsx,20,generated id; no data-testid
generated.apps.web.app.locale.dashboard.billing.return.page.tsx.21,Link,← Back to Billing,/{locale}/billing/return,copy.backHref,apps/web/app/[locale]/(dashboard)/billing/return/page.tsx,21,generated id; no data-testid
generated.apps.web.app.locale.dashboard.dashboard.ai.id.page.tsx.40,button,copied ? copiedLabel : label,/{locale}/dashboard/ai/:id,copy,apps/web/app/[locale]/(dashboard)/dashboard/ai/[id]/page.tsx,40,generated id; no data-testid
generated.apps.web.app.locale.dashboard.dashboard.ai.id.page.tsx.97,Link,tDetail(backToAi),/{locale}/dashboard/ai/:id,/dashboard/ai,apps/web/app/[locale]/(dashboard)/dashboard/ai/[id]/page.tsx,97,generated id; no data-testid
generated.apps.web.app.locale.dashboard.dashboard.ai.id.page.tsx.106,Link,tDetail(aiShort),/{locale}/dashboard/ai/:id,/dashboard/ai,apps/web/app/[locale]/(dashboard)/dashboard/ai/[id]/page.tsx,106,generated id; no data-testid
generated.apps.web.app.locale.dashboard.dashboard.ai.DashboardAIClient.tsx.154,button,tDetail(exportCsv),/{locale}/dashboard/ai,exportCsv,apps/web/app/[locale]/(dashboard)/dashboard/ai/DashboardAIClient.tsx,154,generated id; no data-testid
generated.apps.web.app.locale.dashboard.dashboard.ai.DashboardAIClient.tsx.182,Link,tDetail(view),/{locale}/dashboard/ai,`/dashboard/ai/${r.id}`,apps/web/app/[locale]/(dashboard)/dashboard/ai/DashboardAIClient.tsx,182,generated id; no data-testid
generated.apps.web.app.locale.dashboard.dashboard.alerts.DashboardAlertsClient.tsx.router-push.35,button,,/{locale}/dashboard/alerts,"router.push(setTimeout(() => {
          const hash = window.location.hash;
          if (!hash.startsWith(""#alert-"")) return;
          const el = document.getElementById(hash.slice(1));
          if (el) {
            el.scrollIntoView({ behavior: ""smooth"", block: ""start"" });
            scrolledRef.current = true;
          }
        }, ms))",apps/web/app/[locale]/(dashboard)/dashboard/alerts/DashboardAlertsClient.tsx,35,fallback router.push call; source CTA may be nearby
generated.apps.web.app.locale.dashboard.dashboard.approvals.DashboardApprovalsClient.tsx.72,Link,tDetail(viewAllReportsArrow),/{locale}/dashboard/approvals,/dashboard/reports,apps/web/app/[locale]/(dashboard)/dashboard/approvals/DashboardApprovalsClient.tsx,72,generated id; no data-testid
generated.apps.web.app.locale.dashboard.dashboard.approvals.DashboardApprovalsClient.tsx.91,Link,,/{locale}/dashboard/approvals,"item.kind === ""report""
                  ? `/dashboard/reports/${item.id}`
                  : `/dashboard/projects/${item.project_id ?? """"}?tab=documents`",apps/web/app/[locale]/(dashboard)/dashboard/approvals/DashboardApprovalsClient.tsx,91,generated id; no data-testid
generated.apps.web.app.locale.dashboard.dashboard.approvals.DashboardApprovalsClient.tsx.130,Link,tDetail(viewAllReportsArrow),/{locale}/dashboard/approvals,/dashboard/reports,apps/web/app/[locale]/(dashboard)/dashboard/approvals/DashboardApprovalsClient.tsx,130,generated id; no data-testid
generated.apps.web.app.locale.dashboard.dashboard.daily.reports.id.page.tsx.47,button,copied ? copiedLabel : label,/{locale}/dashboard/daily-reports/:id,copy,apps/web/app/[locale]/(dashboard)/dashboard/daily-reports/[id]/page.tsx,47,generated id; no data-testid
generated.apps.web.app.locale.dashboard.dashboard.daily.reports.id.page.tsx.113,Link,tDetail(backToReports),/{locale}/dashboard/daily-reports/:id,/dashboard/daily-reports,apps/web/app/[locale]/(dashboard)/dashboard/daily-reports/[id]/page.tsx,113,generated id; no data-testid
generated.apps.web.app.locale.dashboard.dashboard.daily.reports.id.page.tsx.122,Link,tDetail(reports),/{locale}/dashboard/daily-reports/:id,/dashboard/daily-reports,apps/web/app/[locale]/(dashboard)/dashboard/daily-reports/[id]/page.tsx,122,generated id; no data-testid
generated.apps.web.app.locale.dashboard.dashboard.daily.reports.id.page.tsx.158,Link,"data.user_id.slice(0, 8) …",/{locale}/dashboard/daily-reports/:id,`/dashboard/workers/${data.user_id}`,apps/web/app/[locale]/(dashboard)/dashboard/daily-reports/[id]/page.tsx,158,generated id; no data-testid
generated.apps.web.app.locale.dashboard.dashboard.daily.reports.id.page.tsx.212,Link,"tDetail(media) m.media_id.slice(0, 8) …",/{locale}/dashboard/daily-reports/:id,/dashboard/uploads,apps/web/app/[locale]/(dashboard)/dashboard/daily-reports/[id]/page.tsx,212,generated id; no data-testid
generated.apps.web.app.locale.dashboard.dashboard.daily.reports.DashboardReportsClient.tsx.175,button,tDetail(exportCsv),/{locale}/dashboard/daily-reports,exportCsv,apps/web/app/[locale]/(dashboard)/dashboard/daily-reports/DashboardReportsClient.tsx,175,generated id; no data-testid
generated.apps.web.app.locale.dashboard.dashboard.daily.reports.DashboardReportsClient.tsx.194,Link,r.id,/{locale}/dashboard/daily-reports,`${basePath}/${r.id}`,apps/web/app/[locale]/(dashboard)/dashboard/daily-reports/DashboardReportsClient.tsx,194,generated id; no data-testid
generated.apps.web.app.locale.dashboard.dashboard.daily.reports.DashboardReportsClient.tsx.214,Link,r.user_id,/{locale}/dashboard/daily-reports,`/dashboard/workers/${r.user_id}`,apps/web/app/[locale]/(dashboard)/dashboard/daily-reports/DashboardReportsClient.tsx,214,generated id; no data-testid
generated.apps.web.app.locale.dashboard.dashboard.daily.reports.DashboardReportsClient.tsx.220,Link,r.project_id,/{locale}/dashboard/daily-reports,`/dashboard/projects/${r.project_id}`,apps/web/app/[locale]/(dashboard)/dashboard/daily-reports/DashboardReportsClient.tsx,220,generated id; no data-testid
generated.apps.web.app.locale.dashboard.dashboard.daily.reports.DashboardReportsClient.tsx.237,Link,tDetail(view),/{locale}/dashboard/daily-reports,`${basePath}/${r.id}`,apps/web/app/[locale]/(dashboard)/dashboard/daily-reports/DashboardReportsClient.tsx,237,generated id; no data-testid
generated.apps.web.app.locale.dashboard.dashboard.DashboardAIOperatingCenterClient.tsx.70,Link,k.tasks_overdue ?? 0,/{locale}/dashboard,/dashboard/tasks?status=pending,apps/web/app/[locale]/(dashboard)/dashboard/DashboardAIOperatingCenterClient.tsx,70,generated id; no data-testid
generated.apps.web.app.locale.dashboard.dashboard.DashboardAIOperatingCenterClient.tsx.79,Link,k.tasks_open_today ?? 0,/{locale}/dashboard,/dashboard/tasks,apps/web/app/[locale]/(dashboard)/dashboard/DashboardAIOperatingCenterClient.tsx,79,generated id; no data-testid
generated.apps.web.app.locale.dashboard.dashboard.DashboardAIOperatingCenterClient.tsx.88,Link,pendingReports,/{locale}/dashboard,/dashboard/approvals,apps/web/app/[locale]/(dashboard)/dashboard/DashboardAIOperatingCenterClient.tsx,88,generated id; no data-testid
generated.apps.web.app.locale.dashboard.dashboard.DashboardAIOperatingCenterClient.tsx.102,Link,"tDetail(overduePrefix) t.title.slice(0, 35) t.title.length > 35 ? … :",/{locale}/dashboard,`/dashboard/tasks/${t.id}`,apps/web/app/[locale]/(dashboard)/dashboard/DashboardAIOperatingCenterClient.tsx,102,generated id; no data-testid
generated.apps.web.app.locale.dashboard.dashboard.DashboardAIOperatingCenterClient.tsx.112,Link,"tDetail(dueTodayPrefix) t.title.slice(0, 30) t.title.length > 30 ? … :",/{locale}/dashboard,`/dashboard/tasks/${t.id}`,apps/web/app/[locale]/(dashboard)/dashboard/DashboardAIOperatingCenterClient.tsx,112,generated id; no data-testid
generated.apps.web.app.locale.dashboard.dashboard.DashboardAIOperatingCenterClient.tsx.122,Link,tDetail(viewAllTasksArrow),/{locale}/dashboard,/dashboard/tasks,apps/web/app/[locale]/(dashboard)/dashboard/DashboardAIOperatingCenterClient.tsx,122,generated id; no data-testid
generated.apps.web.app.locale.dashboard.dashboard.DashboardAIOperatingCenterClient.tsx.191,Link,tDetail(openFullIntelligence),/{locale}/dashboard,`/dashboard/projects/${effectiveFocus}?tab=intelligence`,apps/web/app/[locale]/(dashboard)/dashboard/DashboardAIOperatingCenterClient.tsx,191,generated id; no data-testid
generated.apps.web.app.locale.dashboard.dashboard.DashboardAIOperatingCenterClient.tsx.205,Link,tDetail(browseProjectsArrow),/{locale}/dashboard,/dashboard/projects,apps/web/app/[locale]/(dashboard)/dashboard/DashboardAIOperatingCenterClient.tsx,205,generated id; no data-testid
generated.apps.web.app.locale.dashboard.dashboard.DashboardAIOperatingCenterClient.tsx.276,Link,tDetail(openRelated),/{locale}/dashboard,href,apps/web/app/[locale]/(dashboard)/dashboard/DashboardAIOperatingCenterClient.tsx,276,generated id; no data-testid
generated.apps.web.app.locale.dashboard.dashboard.DashboardAIOperatingCenterClient.tsx.285,Link,tDetail(fullRiskRadar),/{locale}/dashboard,"effectiveFocus ? `/dashboard/projects/${effectiveFocus}?tab=intelligence` : ""#""",apps/web/app/[locale]/(dashboard)/dashboard/DashboardAIOperatingCenterClient.tsx,285,generated id; no data-testid
generated.apps.web.app.locale.dashboard.dashboard.DashboardAIOperatingCenterClient.tsx.305,Link,tDetail(openIntelligence),/{locale}/dashboard,`/dashboard/projects/${effectiveFocus}?tab=intelligence`,apps/web/app/[locale]/(dashboard)/dashboard/DashboardAIOperatingCenterClient.tsx,305,generated id; no data-testid
generated.apps.web.app.locale.dashboard.dashboard.DashboardIntelligenceSectionClient.tsx.31,Link,t(openProjectIntelligenceTab),/{locale}/dashboard,/dashboard/projects,apps/web/app/[locale]/(dashboard)/dashboard/DashboardIntelligenceSectionClient.tsx,31,generated id; no data-testid
generated.apps.web.app.locale.dashboard.dashboard.DashboardOpsOverviewClient.tsx.105,Link,value,/{locale}/dashboard,href,apps/web/app/[locale]/(dashboard)/dashboard/DashboardOpsOverviewClient.tsx,105,generated id; no data-testid
generated.apps.web.app.locale.dashboard.dashboard.DashboardOpsOverviewClient.tsx.128,Link,"r.id.slice(0, 8) …",/{locale}/dashboard,`/dashboard/reports/${r.id}`,apps/web/app/[locale]/(dashboard)/dashboard/DashboardOpsOverviewClient.tsx,128,generated id; no data-testid
generated.apps.web.app.locale.dashboard.dashboard.DashboardOpsOverviewClient.tsx.138,Link,t(viewAll) →,/{locale}/dashboard,/dashboard/approvals,apps/web/app/[locale]/(dashboard)/dashboard/DashboardOpsOverviewClient.tsx,138,generated id; no data-testid
generated.apps.web.app.locale.dashboard.dashboard.DashboardOpsOverviewClient.tsx.156,Link,"u.id.slice(0, 8) …",/{locale}/dashboard,/dashboard/uploads,apps/web/app/[locale]/(dashboard)/dashboard/DashboardOpsOverviewClient.tsx,156,generated id; no data-testid
generated.apps.web.app.locale.dashboard.dashboard.DashboardOpsOverviewClient.tsx.166,Link,t(viewAll) →,/{locale}/dashboard,/dashboard/uploads?stuck=1,apps/web/app/[locale]/(dashboard)/dashboard/DashboardOpsOverviewClient.tsx,166,generated id; no data-testid
generated.apps.web.app.locale.dashboard.dashboard.DashboardOpsOverviewClient.tsx.184,Link,"w.user_id.slice(0, 8) … ( w.day_date )",/{locale}/dashboard,`/dashboard/workers/${w.user_id}`,apps/web/app/[locale]/(dashboard)/dashboard/DashboardOpsOverviewClient.tsx,184,generated id; no data-testid
generated.apps.web.app.locale.dashboard.dashboard.DashboardOpsOverviewClient.tsx.194,Link,t(viewAll) →,/{locale}/dashboard,/dashboard/workers,apps/web/app/[locale]/(dashboard)/dashboard/DashboardOpsOverviewClient.tsx,194,generated id; no data-testid
generated.apps.web.app.locale.dashboard.dashboard.DashboardOpsOverviewClient.tsx.212,Link,"w.user_id.slice(0, 8) … ( w.day_date )",/{locale}/dashboard,`/dashboard/workers/${w.user_id}`,apps/web/app/[locale]/(dashboard)/dashboard/DashboardOpsOverviewClient.tsx,212,generated id; no data-testid
generated.apps.web.app.locale.dashboard.dashboard.DashboardOpsOverviewClient.tsx.222,Link,t(viewAll) →,/{locale}/dashboard,/dashboard/workers,apps/web/app/[locale]/(dashboard)/dashboard/DashboardOpsOverviewClient.tsx,222,generated id; no data-testid
generated.apps.web.app.locale.dashboard.dashboard.DashboardOpsOverviewClient.tsx.240,Link,"a.id.slice(0, 8) … ( a.status )",/{locale}/dashboard,/dashboard/ai?status=failed,apps/web/app/[locale]/(dashboard)/dashboard/DashboardOpsOverviewClient.tsx,240,generated id; no data-testid
generated.apps.web.app.locale.dashboard.dashboard.DashboardOpsOverviewClient.tsx.250,Link,t(viewAll) →,/{locale}/dashboard,/dashboard/ai?status=failed,apps/web/app/[locale]/(dashboard)/dashboard/DashboardOpsOverviewClient.tsx,250,generated id; no data-testid
generated.apps.web.app.locale.dashboard.dashboard.DashboardOpsOverviewClient.tsx.268,Link,"task.title.slice(0, 30) task.title.length > 30 ? … :",/{locale}/dashboard,`/dashboard/tasks/${task.id}`,apps/web/app/[locale]/(dashboard)/dashboard/DashboardOpsOverviewClient.tsx,268,generated id; no data-testid
generated.apps.web.app.locale.dashboard.dashboard.DashboardOpsOverviewClient.tsx.278,Link,t(viewAll) →,/{locale}/dashboard,`/dashboard/tasks?from=${today}&to=${today}`,apps/web/app/[locale]/(dashboard)/dashboard/DashboardOpsOverviewClient.tsx,278,generated id; no data-testid
generated.apps.web.app.locale.dashboard.dashboard.DashboardOpsOverviewClient.tsx.296,Link,"task.title.slice(0, 30) task.title.length > 30 ? … :  ( task.due_date )",/{locale}/dashboard,`/dashboard/tasks/${task.id}`,apps/web/app/[locale]/(dashboard)/dashboard/DashboardOpsOverviewClient.tsx,296,generated id; no data-testid
generated.apps.web.app.locale.dashboard.dashboard.DashboardOpsOverviewClient.tsx.306,Link,t(viewAll) →,/{locale}/dashboard,/dashboard/tasks?status=pending,apps/web/app/[locale]/(dashboard)/dashboard/DashboardOpsOverviewClient.tsx,306,generated id; no data-testid
generated.apps.web.app.locale.dashboard.dashboard.DashboardOpsOverviewClient.tsx.324,Link,"p.id.slice(0, 8) … ( p.attempts )",/{locale}/dashboard,/admin/push?status=failed,apps/web/app/[locale]/(dashboard)/dashboard/DashboardOpsOverviewClient.tsx,324,generated id; no data-testid
generated.apps.web.app.locale.dashboard.dashboard.DashboardOpsOverviewClient.tsx.334,Link,t(viewAll) →,/{locale}/dashboard,/admin/push?status=failed,apps/web/app/[locale]/(dashboard)/dashboard/DashboardOpsOverviewClient.tsx,334,generated id; no data-testid
generated.apps.web.app.locale.dashboard.dashboard.DashboardPriorityActionsClient.tsx.74,Link,t(browseProjectsArrow),/{locale}/dashboard,/dashboard/projects,apps/web/app/[locale]/(dashboard)/dashboard/DashboardPriorityActionsClient.tsx,74,generated id; no data-testid
generated.apps.web.app.locale.dashboard.dashboard.DashboardPriorityActionsClient.tsx.98,Link,t(actArrow),/{locale}/dashboard,item.href,apps/web/app/[locale]/(dashboard)/dashboard/DashboardPriorityActionsClient.tsx,98,generated id; no data-testid
generated.apps.web.app.locale.dashboard.dashboard.DashboardRecentProjectsClient.tsx.34,Link,,/{locale}/dashboard,/projects/new,apps/web/app/[locale]/(dashboard)/dashboard/DashboardRecentProjectsClient.tsx,34,generated id; no data-testid
generated.apps.web.app.locale.dashboard.dashboard.DashboardRecentProjectsClient.tsx.35,button,t(createOne),/{locale}/dashboard,,apps/web/app/[locale]/(dashboard)/dashboard/DashboardRecentProjectsClient.tsx,35,generated id; no data-testid
generated.apps.web.app.locale.dashboard.dashboard.DashboardRecentProjectsClient.tsx.76,Link,tProjects(open),/{locale}/dashboard,`/projects/${p.id}`,apps/web/app/[locale]/(dashboard)/dashboard/DashboardRecentProjectsClient.tsx,76,generated id; no data-testid
generated.apps.web.app.locale.dashboard.dashboard.DashboardRecentProjectsClient.tsx.94,Link,,/{locale}/dashboard,/projects/new,apps/web/app/[locale]/(dashboard)/dashboard/DashboardRecentProjectsClient.tsx,94,generated id; no data-testid
generated.apps.web.app.locale.dashboard.dashboard.DashboardRecentProjectsClient.tsx.95,button,t(createOne),/{locale}/dashboard,,apps/web/app/[locale]/(dashboard)/dashboard/DashboardRecentProjectsClient.tsx,95,generated id; no data-testid
generated.apps.web.app.locale.dashboard.dashboard.devices.DashboardDevicesClient.tsx.147,button,tDetail(exportCsv),/{locale}/dashboard/devices,exportCsv,apps/web/app/[locale]/(dashboard)/dashboard/devices/DashboardDevicesClient.tsx,147,generated id; no data-testid
generated.apps.web.app.locale.dashboard.dashboard.devices.DashboardDevicesClient.tsx.166,Link,r.user_id,/{locale}/dashboard/devices,`/dashboard/workers/${r.user_id}`,apps/web/app/[locale]/(dashboard)/dashboard/devices/DashboardDevicesClient.tsx,166,generated id; no data-testid
generated.apps.web.app.locale.dashboard.dashboard.governance.id.GovernanceCaseDetailClient.tsx.81,Link,t(backToCases),/{locale}/dashboard/governance/:id,/dashboard/governance,apps/web/app/[locale]/(dashboard)/dashboard/governance/[id]/GovernanceCaseDetailClient.tsx,81,generated id; no data-testid
generated.apps.web.app.locale.dashboard.dashboard.governance.id.GovernanceCaseDetailClient.tsx.108,Link,p.project_name,/{locale}/dashboard/governance/:id,`/dashboard/projects/${p.project_id}`,apps/web/app/[locale]/(dashboard)/dashboard/governance/[id]/GovernanceCaseDetailClient.tsx,108,generated id; no data-testid
generated.apps.web.app.locale.dashboard.dashboard.governance.id.GovernanceCaseDetailClient.tsx.158,button,updateMut.isPending ? t(saving) : t(save),/{locale}/dashboard/governance/:id,"() => {
            updateMut.mutate({
              status,
              decision_outcome: outcome.trim() || null,
            });
          }",apps/web/app/[locale]/(dashboard)/dashboard/governance/[id]/GovernanceCaseDetailClient.tsx,158,generated id; no data-testid
generated.apps.web.app.locale.dashboard.dashboard.governance.id.GovernanceCaseDetailClient.tsx.fallback.162,button,,/{locale}/dashboard/governance/:id,onClick=,apps/web/app/[locale]/(dashboard)/dashboard/governance/[id]/GovernanceCaseDetailClient.tsx,162,fallback text scan
generated.apps.web.app.locale.dashboard.dashboard.governance.GovernanceCasesClient.tsx.140,button,showCreate ? t(cancelCreate) : t(newCase),/{locale}/dashboard/governance,() => setShowCreate((s) => !s),apps/web/app/[locale]/(dashboard)/dashboard/governance/GovernanceCasesClient.tsx,140,generated id; no data-testid
generated.apps.web.app.locale.dashboard.dashboard.governance.GovernanceCasesClient.tsx.222,button,createMut.isPending ? t(creatingCase) : t(createCase),/{locale}/dashboard/governance,() => createMut.mutate(),apps/web/app/[locale]/(dashboard)/dashboard/governance/GovernanceCasesClient.tsx,222,generated id; no data-testid
generated.apps.web.app.locale.dashboard.dashboard.governance.GovernanceCasesClient.tsx.fallback.226,button,,/{locale}/dashboard/governance,onClick=,apps/web/app/[locale]/(dashboard)/dashboard/governance/GovernanceCasesClient.tsx,226,fallback text scan
generated.apps.web.app.locale.dashboard.dashboard.governance.GovernanceCasesClient.tsx.255,Link,c.title,/{locale}/dashboard/governance,`/dashboard/governance/${c.id}`,apps/web/app/[locale]/(dashboard)/dashboard/governance/GovernanceCasesClient.tsx,255,generated id; no data-testid
generated.apps.web.app.locale.dashboard.dashboard.governance.GovernanceCasesClient.tsx.269,Link,p.project_name,/{locale}/dashboard/governance,`/dashboard/projects/${p.project_id}`,apps/web/app/[locale]/(dashboard)/dashboard/governance/GovernanceCasesClient.tsx,269,generated id; no data-testid
generated.apps.web.app.locale.dashboard.dashboard.notifications.NotificationsClient.tsx.111,button,tCommon(retry),/{locale}/dashboard/notifications,"() => queryClient.invalidateQueries({ queryKey: [""notifications""] })",apps/web/app/[locale]/(dashboard)/dashboard/notifications/NotificationsClient.tsx,111,generated id; no data-testid
generated.apps.web.app.locale.dashboard.dashboard.notifications.NotificationsClient.tsx.132,button,t(markAllRead),/{locale}/dashboard/notifications,() => markAllMutation.mutate(),apps/web/app/[locale]/(dashboard)/dashboard/notifications/NotificationsClient.tsx,132,generated id; no data-testid
generated.apps.web.app.locale.dashboard.dashboard.notifications.NotificationsClient.tsx.fallback.135,button,,/{locale}/dashboard/notifications,onClick=,apps/web/app/[locale]/(dashboard)/dashboard/notifications/NotificationsClient.tsx,135,fallback text scan
generated.apps.web.app.locale.dashboard.dashboard.notifications.NotificationsClient.tsx.165,Link,n.title,/{locale}/dashboard/notifications,buildNotificationUrl(n),apps/web/app/[locale]/(dashboard)/dashboard/notifications/NotificationsClient.tsx,165,generated id; no data-testid
generated.apps.web.app.locale.dashboard.dashboard.notifications.NotificationsClient.tsx.181,button,t(markRead),/{locale}/dashboard/notifications,() => markReadMutation.mutate(n.id),apps/web/app/[locale]/(dashboard)/dashboard/notifications/NotificationsClient.tsx,181,generated id; no data-testid
generated.apps.web.app.locale.dashboard.dashboard.notifications.NotificationsClient.tsx.fallback.184,button,,/{locale}/dashboard/notifications,onClick=,apps/web/app/[locale]/(dashboard)/dashboard/notifications/NotificationsClient.tsx,184,fallback text scan
generated.apps.web.app.locale.dashboard.dashboard.notifications.NotificationsClient.tsx.190,Link,t(view),/{locale}/dashboard/notifications,buildNotificationUrl(n),apps/web/app/[locale]/(dashboard)/dashboard/notifications/NotificationsClient.tsx,190,generated id; no data-testid
cta.dashboard.projects.viewAll,Link,t(allProjects) →,/{locale}/dashboard,/dashboard/projects,apps/web/app/[locale]/(dashboard)/dashboard/page.tsx,58,
generated.apps.web.app.locale.dashboard.dashboard.page.tsx.fallback.60,button,,/{locale}/dashboard,data-testid=,apps/web/app/[locale]/(dashboard)/dashboard/page.tsx,60,fallback text scan
generated.apps.web.app.locale.dashboard.dashboard.projects.id.change.orders.changeOrderId.ManagerChangeOrderDetailClient.tsx.185,Link,tDetail(backToProject),/{locale}/dashboard/projects/:id/change-orders/:changeOrderId,`/dashboard/projects/${projectId}`,apps/web/app/[locale]/(dashboard)/dashboard/projects/[id]/change-orders/[changeOrderId]/ManagerChangeOrderDetailClient.tsx,185,generated id; no data-testid
generated.apps.web.app.locale.dashboard.dashboard.projects.id.change.orders.changeOrderId.ManagerChangeOrderDetailClient.tsx.282,button,patchMutation.isPending ? tDetail(saving) : tDetail(saveChanges),/{locale}/dashboard/projects/:id/change-orders/:changeOrderId,() => patchMutation.mutate(),apps/web/app/[locale]/(dashboard)/dashboard/projects/[id]/change-orders/[changeOrderId]/ManagerChangeOrderDetailClient.tsx,282,generated id; no data-testid
generated.apps.web.app.locale.dashboard.dashboard.projects.id.change.orders.changeOrderId.ManagerChangeOrderDetailClient.tsx.337,button,transitionMutation.isPending ? tDetail(applying) : tDetail(applyTransition),/{locale}/dashboard/projects/:id/change-orders/:changeOrderId,() => transitionMutation.mutate(),apps/web/app/[locale]/(dashboard)/dashboard/projects/[id]/change-orders/[changeOrderId]/ManagerChangeOrderDetailClient.tsx,337,generated id; no data-testid
generated.apps.web.app.locale.dashboard.dashboard.projects.id.change.orders.changeOrderId.ManagerChangeOrderDetailClient.tsx.fallback.340,button,,/{locale}/dashboard/projects/:id/change-orders/:changeOrderId,onClick=,apps/web/app/[locale]/(dashboard)/dashboard/projects/[id]/change-orders/[changeOrderId]/ManagerChangeOrderDetailClient.tsx,340,fallback text scan
generated.apps.web.app.locale.dashboard.dashboard.projects.id.ChangeOrdersManagerPanel.tsx.92,button,open ? tDetail(close) : tDetail(newChangeOrder),/{locale}/dashboard/projects/:id,() => setOpen((o) => !o),apps/web/app/[locale]/(dashboard)/dashboard/projects/[id]/ChangeOrdersManagerPanel.tsx,92,generated id; no data-testid
generated.apps.web.app.locale.dashboard.dashboard.projects.id.ChangeOrdersManagerPanel.tsx.186,button,createMutation.isPending ? tDetail(creating) : tDetail(create),/{locale}/dashboard/projects/:id,() => createMutation.mutate(),apps/web/app/[locale]/(dashboard)/dashboard/projects/[id]/ChangeOrdersManagerPanel.tsx,186,generated id; no data-testid
generated.apps.web.app.locale.dashboard.dashboard.projects.id.ChangeOrdersManagerPanel.tsx.fallback.190,button,,/{locale}/dashboard/projects/:id,onClick=,apps/web/app/[locale]/(dashboard)/dashboard/projects/[id]/ChangeOrdersManagerPanel.tsx,190,fallback text scan
generated.apps.web.app.locale.dashboard.dashboard.projects.id.ChangeOrdersManagerPanel.tsx.213,Link,r.title,/{locale}/dashboard/projects/:id,`/dashboard/projects/${projectId}/change-orders/${r.id}`,apps/web/app/[locale]/(dashboard)/dashboard/projects/[id]/ChangeOrdersManagerPanel.tsx,213,generated id; no data-testid
generated.apps.web.app.locale.dashboard.dashboard.projects.id.client.change.orders.changeOrderId.ClientPortalChangeOrderDetailClient.tsx.86,Link,tDetail(backToChangeOrders),/{locale}/dashboard/projects/:id/client/change-orders/:changeOrderId,`/dashboard/projects/${projectId}/client/change-orders`,apps/web/app/[locale]/(dashboard)/dashboard/projects/[id]/client/change-orders/[changeOrderId]/ClientPortalChangeOrderDetailClient.tsx,86,generated id; no data-testid
generated.apps.web.app.locale.dashboard.dashboard.projects.id.client.change.orders.ClientPortalChangeOrdersListClient.tsx.55,Link,tDetail(backToClientPortal),/{locale}/dashboard/projects/:id/client/change-orders,`/dashboard/projects/${projectId}/client`,apps/web/app/[locale]/(dashboard)/dashboard/projects/[id]/client/change-orders/ClientPortalChangeOrdersListClient.tsx,55,generated id; no data-testid
generated.apps.web.app.locale.dashboard.dashboard.projects.id.client.change.orders.ClientPortalChangeOrdersListClient.tsx.69,Link,,/{locale}/dashboard/projects/:id/client/change-orders,`/dashboard/projects/${projectId}/client/change-orders/${r.id}`,apps/web/app/[locale]/(dashboard)/dashboard/projects/[id]/client/change-orders/ClientPortalChangeOrdersListClient.tsx,69,generated id; no data-testid
generated.apps.web.app.locale.dashboard.dashboard.projects.id.client.ClientPortalNotificationsSection.tsx.86,button,tDetail(markAsRead),/{locale}/dashboard/projects/:id/client,() => markRead.mutate(n.id),apps/web/app/[locale]/(dashboard)/dashboard/projects/[id]/client/ClientPortalNotificationsSection.tsx,86,generated id; no data-testid
generated.apps.web.app.locale.dashboard.dashboard.projects.id.client.ClientPortalNotificationsSection.tsx.fallback.92,button,,/{locale}/dashboard/projects/:id/client,onClick=,apps/web/app/[locale]/(dashboard)/dashboard/projects/[id]/client/ClientPortalNotificationsSection.tsx,92,fallback text scan
generated.apps.web.app.locale.dashboard.dashboard.projects.id.client.ClientPortalRequestsSection.tsx.102,button,tDetail(approve),/{locale}/dashboard/projects/:id/client,"() =>
                          respondMutation.mutate({ requestId: r.id, body: { decision: ""approve"", note: note || null } })",apps/web/app/[locale]/(dashboard)/dashboard/projects/[id]/client/ClientPortalRequestsSection.tsx,102,generated id; no data-testid
generated.apps.web.app.locale.dashboard.dashboard.projects.id.client.ClientPortalRequestsSection.tsx.fallback.107,button,,/{locale}/dashboard/projects/:id/client,onClick=,apps/web/app/[locale]/(dashboard)/dashboard/projects/[id]/client/ClientPortalRequestsSection.tsx,107,fallback text scan
generated.apps.web.app.locale.dashboard.dashboard.projects.id.client.ClientPortalRequestsSection.tsx.113,button,tDetail(reject),/{locale}/dashboard/projects/:id/client,"() =>
                          respondMutation.mutate({ requestId: r.id, body: { decision: ""reject"", note: note || null } })",apps/web/app/[locale]/(dashboard)/dashboard/projects/[id]/client/ClientPortalRequestsSection.tsx,113,generated id; no data-testid
generated.apps.web.app.locale.dashboard.dashboard.projects.id.client.ClientPortalRequestsSection.tsx.fallback.118,button,,/{locale}/dashboard/projects/:id/client,onClick=,apps/web/app/[locale]/(dashboard)/dashboard/projects/[id]/client/ClientPortalRequestsSection.tsx,118,fallback text scan
generated.apps.web.app.locale.dashboard.dashboard.projects.id.client.ClientPortalRequestsSection.tsx.135,button,tDetail(submitFeedback),/{locale}/dashboard/projects/:id/client,"() =>
                          respondMutation.mutate({
                            requestId: r.id,
                            body: { feedback_text: feedbackText.trim(), note: note || null },
                          })",apps/web/app/[locale]/(dashboard)/dashboard/projects/[id]/client/ClientPortalRequestsSection.tsx,135,generated id; no data-testid
generated.apps.web.app.locale.dashboard.dashboard.projects.id.client.ClientPortalRequestsSection.tsx.fallback.140,button,,/{locale}/dashboard/projects/:id/client,onClick=,apps/web/app/[locale]/(dashboard)/dashboard/projects/[id]/client/ClientPortalRequestsSection.tsx,140,fallback text scan
generated.apps.web.app.locale.dashboard.dashboard.projects.id.client.ClientPortalRequestsSection.tsx.152,button,tDetail(iAcknowledge),/{locale}/dashboard/projects/:id/client,"() =>
                        respondMutation.mutate({ requestId: r.id, body: { acknowledged: true, note: note || null } })",apps/web/app/[locale]/(dashboard)/dashboard/projects/[id]/client/ClientPortalRequestsSection.tsx,152,generated id; no data-testid
generated.apps.web.app.locale.dashboard.dashboard.projects.id.client.ClientPortalRequestsSection.tsx.fallback.156,button,,/{locale}/dashboard/projects/:id/client,onClick=,apps/web/app/[locale]/(dashboard)/dashboard/projects/[id]/client/ClientPortalRequestsSection.tsx,156,fallback text scan
generated.apps.web.app.locale.dashboard.dashboard.projects.id.client.ClientPortalRequestsSection.tsx.176,button,tDetail(submitChoice),/{locale}/dashboard/projects/:id/client,"() =>
                          respondMutation.mutate({
                            requestId: r.id,
                            body: { choice_index: choiceIdx!, note: note || null },
                          })",apps/web/app/[locale]/(dashboard)/dashboard/projects/[id]/client/ClientPortalRequestsSection.tsx,176,generated id; no data-testid
generated.apps.web.app.locale.dashboard.dashboard.projects.id.client.ClientPortalRequestsSection.tsx.fallback.180,button,,/{locale}/dashboard/projects/:id/client,onClick=,apps/web/app/[locale]/(dashboard)/dashboard/projects/[id]/client/ClientPortalRequestsSection.tsx,180,fallback text scan
generated.apps.web.app.locale.dashboard.dashboard.projects.id.client.ClientPortalRequestsSection.tsx.192,button,tDetail(confirmReview),/{locale}/dashboard/projects/:id/client,"() =>
                        respondMutation.mutate({
                          requestId: r.id,
                          body: { document_review_confirmed: true, note: note || null },
                        })",apps/web/app/[locale]/(dashboard)/dashboard/projects/[id]/client/ClientPortalRequestsSection.tsx,192,generated id; no data-testid
generated.apps.web.app.locale.dashboard.dashboard.projects.id.client.ClientPortalRequestsSection.tsx.fallback.196,button,,/{locale}/dashboard/projects/:id/client,onClick=,apps/web/app/[locale]/(dashboard)/dashboard/projects/[id]/client/ClientPortalRequestsSection.tsx,196,fallback text scan
generated.apps.web.app.locale.dashboard.dashboard.projects.id.client.ClientPortalRequestsSection.tsx.216,button,tDetail(cancel),/{locale}/dashboard/projects/:id/client,() => setExpandedId(null),apps/web/app/[locale]/(dashboard)/dashboard/projects/[id]/client/ClientPortalRequestsSection.tsx,216,generated id; no data-testid
generated.apps.web.app.locale.dashboard.dashboard.projects.id.client.ClientPortalRequestsSection.tsx.221,button,tDetail(respond),/{locale}/dashboard/projects/:id/client,() => setExpandedId(r.id),apps/web/app/[locale]/(dashboard)/dashboard/projects/[id]/client/ClientPortalRequestsSection.tsx,221,generated id; no data-testid
generated.apps.web.app.locale.dashboard.dashboard.projects.id.client.ClientPortalViewClient.tsx.52,Link,tDetail(backToProject),/{locale}/dashboard/projects/:id/client,`/dashboard/projects/${projectId}`,apps/web/app/[locale]/(dashboard)/dashboard/projects/[id]/client/ClientPortalViewClient.tsx,52,generated id; no data-testid
generated.apps.web.app.locale.dashboard.dashboard.projects.id.client.ClientPortalViewClient.tsx.66,Link,tDetail(backToProjectOverview),/{locale}/dashboard/projects/:id/client,`/dashboard/projects/${projectId}`,apps/web/app/[locale]/(dashboard)/dashboard/projects/[id]/client/ClientPortalViewClient.tsx,66,generated id; no data-testid
generated.apps.web.app.locale.dashboard.dashboard.projects.id.client.ClientPortalViewClient.tsx.92,Link,tDetail(openDiscussions),/{locale}/dashboard/projects/:id/client,`/dashboard/projects/${projectId}/client/discussions`,apps/web/app/[locale]/(dashboard)/dashboard/projects/[id]/client/ClientPortalViewClient.tsx,92,generated id; no data-testid
generated.apps.web.app.locale.dashboard.dashboard.projects.id.client.ClientPortalViewClient.tsx.105,Link,tDetail(viewPunchList),/{locale}/dashboard/projects/:id/client,`/dashboard/projects/${projectId}/client/defects`,apps/web/app/[locale]/(dashboard)/dashboard/projects/[id]/client/ClientPortalViewClient.tsx,105,generated id; no data-testid
generated.apps.web.app.locale.dashboard.dashboard.projects.id.client.ClientPortalViewClient.tsx.118,Link,tDetail(openAftercare),/{locale}/dashboard/projects/:id/client,`/dashboard/projects/${projectId}/client/service-requests`,apps/web/app/[locale]/(dashboard)/dashboard/projects/[id]/client/ClientPortalViewClient.tsx,118,generated id; no data-testid
generated.apps.web.app.locale.dashboard.dashboard.projects.id.client.ClientPortalViewClient.tsx.131,Link,tDetail(viewChangeOrders),/{locale}/dashboard/projects/:id/client,`/dashboard/projects/${projectId}/client/change-orders`,apps/web/app/[locale]/(dashboard)/dashboard/projects/[id]/client/ClientPortalViewClient.tsx,131,generated id; no data-testid
generated.apps.web.app.locale.dashboard.dashboard.projects.id.client.ClientPortalViewClient.tsx.205,Link,Open owner workspace →,/{locale}/dashboard/projects/:id/client,`/dashboard/projects/${projectId}/owner`,apps/web/app/[locale]/(dashboard)/dashboard/projects/[id]/client/ClientPortalViewClient.tsx,205,generated id; no data-testid
generated.apps.web.app.locale.dashboard.dashboard.projects.id.client.ClientPortalWorkloadSection.tsx.64,Link,tDetail(takeAction),/{locale}/dashboard/projects/:id/client,w.action_url,apps/web/app/[locale]/(dashboard)/dashboard/projects/[id]/client/ClientPortalWorkloadSection.tsx,64,generated id; no data-testid
generated.apps.web.app.locale.dashboard.dashboard.projects.id.client.defects.defectId.ClientPortalDefectDetailClient.tsx.64,Link,tDetail(backToPunchList),/{locale}/dashboard/projects/:id/client/defects/:defectId,`/dashboard/projects/${projectId}/client/defects`,apps/web/app/[locale]/(dashboard)/dashboard/projects/[id]/client/defects/[defectId]/ClientPortalDefectDetailClient.tsx,64,generated id; no data-testid
generated.apps.web.app.locale.dashboard.dashboard.projects.id.client.defects.ClientPortalDefectsListClient.tsx.90,Link,tDetail(backToClientPortal),/{locale}/dashboard/projects/:id/client/defects,`/dashboard/projects/${projectId}/client`,apps/web/app/[locale]/(dashboard)/dashboard/projects/[id]/client/defects/ClientPortalDefectsListClient.tsx,90,generated id; no data-testid
generated.apps.web.app.locale.dashboard.dashboard.projects.id.client.defects.ClientPortalDefectsListClient.tsx.98,button,open ? tDetail(cancel) : tDetail(reportAnItem),/{locale}/dashboard/projects/:id/client/defects,() => setOpen((o) => !o),apps/web/app/[locale]/(dashboard)/dashboard/projects/[id]/client/defects/ClientPortalDefectsListClient.tsx,98,generated id; no data-testid
generated.apps.web.app.locale.dashboard.dashboard.projects.id.client.defects.ClientPortalDefectsListClient.tsx.120,button,createMutation.isPending ? tDetail(submitting) : tDetail(submit),/{locale}/dashboard/projects/:id/client/defects,() => createMutation.mutate(),apps/web/app/[locale]/(dashboard)/dashboard/projects/[id]/client/defects/ClientPortalDefectsListClient.tsx,120,generated id; no data-testid
generated.apps.web.app.locale.dashboard.dashboard.projects.id.client.defects.ClientPortalDefectsListClient.tsx.128,Link,,/{locale}/dashboard/projects/:id/client/defects,`/dashboard/projects/${projectId}/client/defects/${r.id}`,apps/web/app/[locale]/(dashboard)/dashboard/projects/[id]/client/defects/ClientPortalDefectsListClient.tsx,128,generated id; no data-testid
generated.apps.web.app.locale.dashboard.dashboard.projects.id.client.discussions.discussionId.ClientPortalDiscussionDetailClient.tsx.99,Link,tDetail(backToAllDiscussions),/{locale}/dashboard/projects/:id/client/discussions/:discussionId,`/dashboard/projects/${projectId}/client/discussions`,apps/web/app/[locale]/(dashboard)/dashboard/projects/[id]/client/discussions/[discussionId]/ClientPortalDiscussionDetailClient.tsx,99,generated id; no data-testid
generated.apps.web.app.locale.dashboard.dashboard.projects.id.client.discussions.discussionId.ClientPortalDiscussionDetailClient.tsx.165,button,tDetail(submitResponse),/{locale}/dashboard/projects/:id/client/discussions/:discussionId,() => addMutation.mutate(),apps/web/app/[locale]/(dashboard)/dashboard/projects/[id]/client/discussions/[discussionId]/ClientPortalDiscussionDetailClient.tsx,165,generated id; no data-testid
generated.apps.web.app.locale.dashboard.dashboard.projects.id.client.discussions.discussionId.ClientPortalDiscussionDetailClient.tsx.fallback.171,button,,/{locale}/dashboard/projects/:id/client/discussions/:discussionId,onClick=,apps/web/app/[locale]/(dashboard)/dashboard/projects/[id]/client/discussions/[discussionId]/ClientPortalDiscussionDetailClient.tsx,171,fallback text scan
generated.apps.web.app.locale.dashboard.dashboard.projects.id.client.discussions.ClientPortalDiscussionsListClient.tsx.60,Link,tDetail(backToClientPortal),/{locale}/dashboard/projects/:id/client/discussions,`/dashboard/projects/${projectId}/client`,apps/web/app/[locale]/(dashboard)/dashboard/projects/[id]/client/discussions/ClientPortalDiscussionsListClient.tsx,60,generated id; no data-testid
generated.apps.web.app.locale.dashboard.dashboard.projects.id.client.discussions.ClientPortalDiscussionsListClient.tsx.77,Link,r.title,/{locale}/dashboard/projects/:id/client/discussions,`/dashboard/projects/${projectId}/client/discussions/${r.id}`,apps/web/app/[locale]/(dashboard)/dashboard/projects/[id]/client/discussions/ClientPortalDiscussionsListClient.tsx,77,generated id; no data-testid
generated.apps.web.app.locale.dashboard.dashboard.projects.id.client.service.requests.requestId.ClientPortalServiceRequestDetailClient.tsx.77,Link,tDetail(backToAftercare),/{locale}/dashboard/projects/:id/client/service-requests/:requestId,`/dashboard/projects/${projectId}/client/service-requests`,apps/web/app/[locale]/(dashboard)/dashboard/projects/[id]/client/service-requests/[requestId]/ClientPortalServiceRequestDetailClient.tsx,77,generated id; no data-testid
generated.apps.web.app.locale.dashboard.dashboard.projects.id.client.service.requests.requestId.ClientPortalServiceRequestDetailClient.tsx.95,Link,tDetail(relatedPunchListItem),/{locale}/dashboard/projects/:id/client/service-requests/:requestId,`/dashboard/projects/${projectId}/client/defects/${d.linked_defect_id}`,apps/web/app/[locale]/(dashboard)/dashboard/projects/[id]/client/service-requests/[requestId]/ClientPortalServiceRequestDetailClient.tsx,95,generated id; no data-testid
generated.apps.web.app.locale.dashboard.dashboard.projects.id.client.service.requests.requestId.ClientPortalServiceRequestDetailClient.tsx.105,Link,tDetail(relatedDiscussion),/{locale}/dashboard/projects/:id/client/service-requests/:requestId,`/dashboard/projects/${projectId}/client/discussions/${d.linked_discussion_id}`,apps/web/app/[locale]/(dashboard)/dashboard/projects/[id]/client/service-requests/[requestId]/ClientPortalServiceRequestDetailClient.tsx,105,generated id; no data-testid
generated.apps.web.app.locale.dashboard.dashboard.projects.id.client.service.requests.ClientPortalServiceRequestsListClient.tsx.93,Link,tDetail(backToClientView),/{locale}/dashboard/projects/:id/client/service-requests,`/dashboard/projects/${projectId}/client`,apps/web/app/[locale]/(dashboard)/dashboard/projects/[id]/client/service-requests/ClientPortalServiceRequestsListClient.tsx,93,generated id; no data-testid
generated.apps.web.app.locale.dashboard.dashboard.projects.id.client.service.requests.ClientPortalServiceRequestsListClient.tsx.102,button,open ? tDetail(cancel) : tDetail(reportAnIssue),/{locale}/dashboard/projects/:id/client/service-requests,() => setOpen((o) => !o),apps/web/app/[locale]/(dashboard)/dashboard/projects/[id]/client/service-requests/ClientPortalServiceRequestsListClient.tsx,102,generated id; no data-testid
generated.apps.web.app.locale.dashboard.dashboard.projects.id.client.service.requests.ClientPortalServiceRequestsListClient.tsx.121,button,createMutation.isPending ? tDetail(submitting) : tDetail(submit),/{locale}/dashboard/projects/:id/client/service-requests,() => createMutation.mutate(),apps/web/app/[locale]/(dashboard)/dashboard/projects/[id]/client/service-requests/ClientPortalServiceRequestsListClient.tsx,121,generated id; no data-testid
generated.apps.web.app.locale.dashboard.dashboard.projects.id.client.service.requests.ClientPortalServiceRequestsListClient.tsx.143,Link,r.title,/{locale}/dashboard/projects/:id/client/service-requests,`/dashboard/projects/${projectId}/client/service-requests/${r.id}`,apps/web/app/[locale]/(dashboard)/dashboard/projects/[id]/client/service-requests/ClientPortalServiceRequestsListClient.tsx,143,generated id; no data-testid
generated.apps.web.app.locale.dashboard.dashboard.projects.id.ClientPortalManagerCard.tsx.74,Link,Open client view,/{locale}/dashboard/projects/:id,`/dashboard/projects/${projectId}/client`,apps/web/app/[locale]/(dashboard)/dashboard/projects/[id]/ClientPortalManagerCard.tsx,74,generated id; no data-testid
generated.apps.web.app.locale.dashboard.dashboard.projects.id.ClientRequestsManagerPanel.tsx.117,button,openForm ? tDetail(closeForm) : tDetail(newRequest),/{locale}/dashboard/projects/:id,() => setOpenForm((o) => !o),apps/web/app/[locale]/(dashboard)/dashboard/projects/[id]/ClientRequestsManagerPanel.tsx,117,generated id; no data-testid
generated.apps.web.app.locale.dashboard.dashboard.projects.id.ClientRequestsManagerPanel.tsx.210,button,tDetail(createRequest),/{locale}/dashboard/projects/:id,() => createMutation.mutate(),apps/web/app/[locale]/(dashboard)/dashboard/projects/[id]/ClientRequestsManagerPanel.tsx,210,generated id; no data-testid
generated.apps.web.app.locale.dashboard.dashboard.projects.id.ClientRequestsManagerPanel.tsx.fallback.215,button,,/{locale}/dashboard/projects/:id,onClick=,apps/web/app/[locale]/(dashboard)/dashboard/projects/[id]/ClientRequestsManagerPanel.tsx,215,fallback text scan
generated.apps.web.app.locale.dashboard.dashboard.projects.id.ClientRequestsManagerPanel.tsx.245,button,tDetail(markComplete),/{locale}/dashboard/projects/:id,"() => patchMutation.mutate({ requestId: r.id, status: ""completed"" })",apps/web/app/[locale]/(dashboard)/dashboard/projects/[id]/ClientRequestsManagerPanel.tsx,245,generated id; no data-testid
generated.apps.web.app.locale.dashboard.dashboard.projects.id.ClientRequestsManagerPanel.tsx.fallback.250,button,,/{locale}/dashboard/projects/:id,onClick=,apps/web/app/[locale]/(dashboard)/dashboard/projects/[id]/ClientRequestsManagerPanel.tsx,250,fallback text scan
generated.apps.web.app.locale.dashboard.dashboard.projects.id.ClientRequestsManagerPanel.tsx.256,button,tDetail(cancel),/{locale}/dashboard/projects/:id,"() => patchMutation.mutate({ requestId: r.id, status: ""cancelled"" })",apps/web/app/[locale]/(dashboard)/dashboard/projects/[id]/ClientRequestsManagerPanel.tsx,256,generated id; no data-testid
generated.apps.web.app.locale.dashboard.dashboard.projects.id.ClientRequestsManagerPanel.tsx.fallback.261,button,,/{locale}/dashboard/projects/:id,onClick=,apps/web/app/[locale]/(dashboard)/dashboard/projects/[id]/ClientRequestsManagerPanel.tsx,261,fallback text scan
generated.apps.web.app.locale.dashboard.dashboard.projects.id.ClientRequestsManagerPanel.tsx.267,button,tDetail(complete),/{locale}/dashboard/projects/:id,"() => patchMutation.mutate({ requestId: r.id, status: ""completed"" })",apps/web/app/[locale]/(dashboard)/dashboard/projects/[id]/ClientRequestsManagerPanel.tsx,267,generated id; no data-testid
generated.apps.web.app.locale.dashboard.dashboard.projects.id.ClientRequestsManagerPanel.tsx.fallback.272,button,,/{locale}/dashboard/projects/:id,onClick=,apps/web/app/[locale]/(dashboard)/dashboard/projects/[id]/ClientRequestsManagerPanel.tsx,272,fallback text scan
generated.apps.web.app.locale.dashboard.dashboard.projects.id.DashboardProjectDetailClient.tsx.196,Link,tDetail(backToProjects),/{locale}/dashboard/projects/:id,/dashboard/projects,apps/web/app/[locale]/(dashboard)/dashboard/projects/[id]/DashboardProjectDetailClient.tsx,196,generated id; no data-testid
generated.apps.web.app.locale.dashboard.dashboard.projects.id.DashboardProjectDetailClient.tsx.208,Link,tDetail(projects),/{locale}/dashboard/projects/:id,/dashboard/projects,apps/web/app/[locale]/(dashboard)/dashboard/projects/[id]/DashboardProjectDetailClient.tsx,208,generated id; no data-testid
generated.apps.web.app.locale.dashboard.dashboard.projects.id.DashboardProjectDetailClient.tsx.360,Link,"r.user_id.slice(0, 8) …",/{locale}/dashboard/projects/:id,`/dashboard/workers/${r.user_id}`,apps/web/app/[locale]/(dashboard)/dashboard/projects/[id]/DashboardProjectDetailClient.tsx,360,generated id; no data-testid
generated.apps.web.app.locale.dashboard.dashboard.projects.id.DashboardProjectDetailClient.tsx.423,Link,"r.user_id.slice(0, 8) …",/{locale}/dashboard/projects/:id,`/dashboard/workers/${r.user_id}`,apps/web/app/[locale]/(dashboard)/dashboard/projects/[id]/DashboardProjectDetailClient.tsx,423,generated id; no data-testid
generated.apps.web.app.locale.dashboard.dashboard.projects.id.DashboardProjectDetailClient.tsx.430,Link,tDetail(viewTasks),/{locale}/dashboard/projects/:id,`/dashboard/tasks?worker_id=${encodeURIComponent(r.user_id)}&project_id=${encodeURIComponent(projectId)}`,apps/web/app/[locale]/(dashboard)/dashboard/projects/[id]/DashboardProjectDetailClient.tsx,430,generated id; no data-testid
generated.apps.web.app.locale.dashboard.dashboard.projects.id.DashboardProjectDetailClient.tsx.482,Link,"r.id.slice(0, 8) …",/{locale}/dashboard/projects/:id,`/dashboard/daily-reports/${r.id}`,apps/web/app/[locale]/(dashboard)/dashboard/projects/[id]/DashboardProjectDetailClient.tsx,482,generated id; no data-testid
generated.apps.web.app.locale.dashboard.dashboard.projects.id.DashboardProjectDetailClient.tsx.487,Link,"r.user_id.slice(0, 8) …",/{locale}/dashboard/projects/:id,`/dashboard/workers/${r.user_id}`,apps/web/app/[locale]/(dashboard)/dashboard/projects/[id]/DashboardProjectDetailClient.tsx,487,generated id; no data-testid
generated.apps.web.app.locale.dashboard.dashboard.projects.id.DashboardProjectDetailClient.tsx.534,Link,"r.user_id.slice(0, 8) …",/{locale}/dashboard/projects/:id,`/dashboard/workers/${r.user_id}`,apps/web/app/[locale]/(dashboard)/dashboard/projects/[id]/DashboardProjectDetailClient.tsx,534,generated id; no data-testid
generated.apps.web.app.locale.dashboard.dashboard.projects.id.defects.defectId.ManagerDefectDetailClient.tsx.160,Link,tDetail(backToPunchList),/{locale}/dashboard/projects/:id/defects/:defectId,`/dashboard/projects/${projectId}?tab=defects`,apps/web/app/[locale]/(dashboard)/dashboard/projects/[id]/defects/[defectId]/ManagerDefectDetailClient.tsx,160,generated id; no data-testid
generated.apps.web.app.locale.dashboard.dashboard.projects.id.defects.defectId.ManagerDefectDetailClient.tsx.197,button,tDetail(save),/{locale}/dashboard/projects/:id/defects/:defectId,() => patchMutation.mutate(),apps/web/app/[locale]/(dashboard)/dashboard/projects/[id]/defects/[defectId]/ManagerDefectDetailClient.tsx,197,generated id; no data-testid
generated.apps.web.app.locale.dashboard.dashboard.projects.id.defects.defectId.ManagerDefectDetailClient.tsx.241,button,transitionMutation.isPending ? tDetail(applying) : tDetail(apply),/{locale}/dashboard/projects/:id/defects/:defectId,() => transitionMutation.mutate(),apps/web/app/[locale]/(dashboard)/dashboard/projects/[id]/defects/[defectId]/ManagerDefectDetailClient.tsx,241,generated id; no data-testid
generated.apps.web.app.locale.dashboard.dashboard.projects.id.defects.defectId.ManagerDefectDetailClient.tsx.fallback.245,button,,/{locale}/dashboard/projects/:id/defects/:defectId,onClick=,apps/web/app/[locale]/(dashboard)/dashboard/projects/[id]/defects/[defectId]/ManagerDefectDetailClient.tsx,245,fallback text scan
generated.apps.web.app.locale.dashboard.dashboard.projects.id.DefectsProjectTab.tsx.80,button,open ? tDetail(close) : tDetail(addItem),/{locale}/dashboard/projects/:id,() => setOpen((o) => !o),apps/web/app/[locale]/(dashboard)/dashboard/projects/[id]/DefectsProjectTab.tsx,80,generated id; no data-testid
generated.apps.web.app.locale.dashboard.dashboard.projects.id.DefectsProjectTab.tsx.103,button,createMutation.isPending ? tDetail(saving) : tDetail(create),/{locale}/dashboard/projects/:id,() => createMutation.mutate(),apps/web/app/[locale]/(dashboard)/dashboard/projects/[id]/DefectsProjectTab.tsx,103,generated id; no data-testid
generated.apps.web.app.locale.dashboard.dashboard.projects.id.DefectsProjectTab.tsx.124,Link,r.title,/{locale}/dashboard/projects/:id,`/dashboard/projects/${projectId}/defects/${r.id}`,apps/web/app/[locale]/(dashboard)/dashboard/projects/[id]/DefectsProjectTab.tsx,124,generated id; no data-testid
generated.apps.web.app.locale.dashboard.dashboard.projects.id.discussions.discussionId.ManagerDiscussionDetailClient.tsx.148,Link,tDetail(backToProject),/{locale}/dashboard/projects/:id/discussions/:discussionId,`/dashboard/projects/${projectId}`,apps/web/app/[locale]/(dashboard)/dashboard/projects/[id]/discussions/[discussionId]/ManagerDiscussionDetailClient.tsx,148,generated id; no data-testid
generated.apps.web.app.locale.dashboard.dashboard.projects.id.discussions.discussionId.ManagerDiscussionDetailClient.tsx.193,button,tDetail(postUpdate),/{locale}/dashboard/projects/:id/discussions/:discussionId,() => addMutation.mutate(),apps/web/app/[locale]/(dashboard)/dashboard/projects/[id]/discussions/[discussionId]/ManagerDiscussionDetailClient.tsx,193,generated id; no data-testid
generated.apps.web.app.locale.dashboard.dashboard.projects.id.discussions.discussionId.ManagerDiscussionDetailClient.tsx.fallback.199,button,,/{locale}/dashboard/projects/:id/discussions/:discussionId,onClick=,apps/web/app/[locale]/(dashboard)/dashboard/projects/[id]/discussions/[discussionId]/ManagerDiscussionDetailClient.tsx,199,fallback text scan
generated.apps.web.app.locale.dashboard.dashboard.projects.id.discussions.discussionId.ManagerDiscussionDetailClient.tsx.214,button,tDetail(markResolved),/{locale}/dashboard/projects/:id/discussions/:discussionId,() => resolveMutation.mutate(),apps/web/app/[locale]/(dashboard)/dashboard/projects/[id]/discussions/[discussionId]/ManagerDiscussionDetailClient.tsx,214,generated id; no data-testid
generated.apps.web.app.locale.dashboard.dashboard.projects.id.discussions.discussionId.ManagerDiscussionDetailClient.tsx.fallback.220,button,,/{locale}/dashboard/projects/:id/discussions/:discussionId,onClick=,apps/web/app/[locale]/(dashboard)/dashboard/projects/[id]/discussions/[discussionId]/ManagerDiscussionDetailClient.tsx,220,fallback text scan
generated.apps.web.app.locale.dashboard.dashboard.projects.id.discussions.discussionId.ManagerDiscussionDetailClient.tsx.226,button,tDetail(closeWithoutResolution),/{locale}/dashboard/projects/:id/discussions/:discussionId,() => closeMutation.mutate(),apps/web/app/[locale]/(dashboard)/dashboard/projects/[id]/discussions/[discussionId]/ManagerDiscussionDetailClient.tsx,226,generated id; no data-testid
generated.apps.web.app.locale.dashboard.dashboard.projects.id.HandoverManagerPanel.tsx.122,Link,tDetail(open),/{locale}/dashboard/projects/:id,b.href,apps/web/app/[locale]/(dashboard)/dashboard/projects/[id]/HandoverManagerPanel.tsx,122,generated id; no data-testid
generated.apps.web.app.locale.dashboard.dashboard.projects.id.HandoverManagerPanel.tsx.149,button,transition.isPending ? tDetail(applying) : NEXT_LABEL[handover.status] ?? tDetail(advance),/{locale}/dashboard/projects/:id,() => transition.mutate(nextStatus),apps/web/app/[locale]/(dashboard)/dashboard/projects/[id]/HandoverManagerPanel.tsx,149,generated id; no data-testid
generated.apps.web.app.locale.dashboard.dashboard.projects.id.HandoverManagerPanel.tsx.fallback.153,button,,/{locale}/dashboard/projects/:id,onClick=,apps/web/app/[locale]/(dashboard)/dashboard/projects/[id]/HandoverManagerPanel.tsx,153,fallback text scan
generated.apps.web.app.locale.dashboard.dashboard.projects.id.OwnerViewClient.tsx.324,Link,tDetail(backToProjects),/{locale}/dashboard/projects/:id,/dashboard/projects,apps/web/app/[locale]/(dashboard)/dashboard/projects/[id]/OwnerViewClient.tsx,324,generated id; no data-testid
generated.apps.web.app.locale.dashboard.dashboard.projects.id.OwnerViewClient.tsx.342,Link,tDetail(backToProject),/{locale}/dashboard/projects/:id,`/dashboard/projects/${projectId}`,apps/web/app/[locale]/(dashboard)/dashboard/projects/[id]/OwnerViewClient.tsx,342,generated id; no data-testid
generated.apps.web.app.locale.dashboard.dashboard.projects.id.OwnerViewClient.tsx.349,Link,tDetail(allProjects),/{locale}/dashboard/projects/:id,/dashboard/projects,apps/web/app/[locale]/(dashboard)/dashboard/projects/[id]/OwnerViewClient.tsx,349,generated id; no data-testid
generated.apps.web.app.locale.dashboard.dashboard.projects.id.OwnerViewClient.tsx.388,button,,/{locale}/dashboard/projects/:id,"() => {
                      setDecisionDoc(d);
                      setDecisionComment("""");
                      setDecisionError(null);
                    }",apps/web/app/[locale]/(dashboard)/dashboard/projects/[id]/OwnerViewClient.tsx,388,generated id; no data-testid
generated.apps.web.app.locale.dashboard.dashboard.projects.id.OwnerViewClient.tsx.fallback.390,button,,/{locale}/dashboard/projects/:id,onClick=,apps/web/app/[locale]/(dashboard)/dashboard/projects/[id]/OwnerViewClient.tsx,390,fallback text scan
generated.apps.web.app.locale.dashboard.dashboard.projects.id.OwnerViewClient.tsx.544,Link,Open file →,/{locale}/dashboard/projects/:id,documentFileUrl(decisionDoc.object_path)!,apps/web/app/[locale]/(dashboard)/dashboard/projects/[id]/OwnerViewClient.tsx,544,generated id; no data-testid
generated.apps.web.app.locale.dashboard.dashboard.projects.id.OwnerViewClient.tsx.567,button,tDetail(approve),/{locale}/dashboard/projects/:id,"() =>
                  decisionMutation.mutate({
                    documentId: decisionDoc.id,
                    action: ""approve"",
                    comment: decisionComment || undefined,
                  })",apps/web/app/[locale]/(dashboard)/dashboard/projects/[id]/OwnerViewClient.tsx,567,generated id; no data-testid
generated.apps.web.app.locale.dashboard.dashboard.projects.id.OwnerViewClient.tsx.fallback.569,button,,/{locale}/dashboard/projects/:id,onClick=,apps/web/app/[locale]/(dashboard)/dashboard/projects/[id]/OwnerViewClient.tsx,569,fallback text scan
generated.apps.web.app.locale.dashboard.dashboard.projects.id.OwnerViewClient.tsx.580,button,tDetail(reject),/{locale}/dashboard/projects/:id,"() =>
                  decisionMutation.mutate({
                    documentId: decisionDoc.id,
                    action: ""reject"",
                    comment: decisionComment || undefined,
                  })",apps/web/app/[locale]/(dashboard)/dashboard/projects/[id]/OwnerViewClient.tsx,580,generated id; no data-testid
generated.apps.web.app.locale.dashboard.dashboard.projects.id.OwnerViewClient.tsx.fallback.582,button,,/{locale}/dashboard/projects/:id,onClick=,apps/web/app/[locale]/(dashboard)/dashboard/projects/[id]/OwnerViewClient.tsx,582,fallback text scan
generated.apps.web.app.locale.dashboard.dashboard.projects.id.OwnerViewClient.tsx.593,button,tDetail(requestChanges),/{locale}/dashboard/projects/:id,"() =>
                  decisionMutation.mutate({
                    documentId: decisionDoc.id,
                    action: ""request_changes"",
                    comment: decisionComment || undefined,
                  })",apps/web/app/[locale]/(dashboard)/dashboard/projects/[id]/OwnerViewClient.tsx,593,generated id; no data-testid
generated.apps.web.app.locale.dashboard.dashboard.projects.id.OwnerViewClient.tsx.fallback.595,button,,/{locale}/dashboard/projects/:id,onClick=,apps/web/app/[locale]/(dashboard)/dashboard/projects/[id]/OwnerViewClient.tsx,595,fallback text scan
generated.apps.web.app.locale.dashboard.dashboard.projects.id.OwnerViewClient.tsx.606,button,tDetail(cancel),/{locale}/dashboard/projects/:id,"() => {
                  setDecisionDoc(null);
                  setDecisionComment("""");
                  setDecisionError(null);
                }",apps/web/app/[locale]/(dashboard)/dashboard/projects/[id]/OwnerViewClient.tsx,606,generated id; no data-testid
generated.apps.web.app.locale.dashboard.dashboard.projects.id.OwnerViewClient.tsx.fallback.608,button,,/{locale}/dashboard/projects/:id,onClick=,apps/web/app/[locale]/(dashboard)/dashboard/projects/[id]/OwnerViewClient.tsx,608,fallback text scan
generated.apps.web.app.locale.dashboard.dashboard.projects.id.OwnerViewClient.tsx.647,Link,"r.id.slice(0, 8) …",/{locale}/dashboard/projects/:id,`/dashboard/daily-reports/${r.id}`,apps/web/app/[locale]/(dashboard)/dashboard/projects/[id]/OwnerViewClient.tsx,647,generated id; no data-testid
generated.apps.web.app.locale.dashboard.dashboard.projects.id.OwnerViewClient.tsx.682,Link,,/{locale}/dashboard/projects/:id,m.file_url,apps/web/app/[locale]/(dashboard)/dashboard/projects/[id]/OwnerViewClient.tsx,682,generated id; no data-testid
generated.apps.web.app.locale.dashboard.dashboard.projects.id.OwnerViewClient.tsx.fallback.684,Link,,/{locale}/dashboard/projects/:id,href=,apps/web/app/[locale]/(dashboard)/dashboard/projects/[id]/OwnerViewClient.tsx,684,fallback text scan
generated.apps.web.app.locale.dashboard.dashboard.projects.id.ProjectCommercialPanel.tsx.140,button,creating ? tDetail(closeForm) : tDetail(addLine),/{locale}/dashboard/projects/:id,() => setCreating(!creating),apps/web/app/[locale]/(dashboard)/dashboard/projects/[id]/ProjectCommercialPanel.tsx,140,generated id; no data-testid
generated.apps.web.app.locale.dashboard.dashboard.projects.id.ProjectCommercialPanel.tsx.185,button,createMut.isPending ? tDetail(saving) : tDetail(createDraft),/{locale}/dashboard/projects/:id,() => createMut.mutate(),apps/web/app/[locale]/(dashboard)/dashboard/projects/[id]/ProjectCommercialPanel.tsx,185,generated id; no data-testid
generated.apps.web.app.locale.dashboard.dashboard.projects.id.ProjectCommercialPanel.tsx.fallback.189,button,,/{locale}/dashboard/projects/:id,onClick=,apps/web/app/[locale]/(dashboard)/dashboard/projects/[id]/ProjectCommercialPanel.tsx,189,fallback text scan
generated.apps.web.app.locale.dashboard.dashboard.projects.id.ProjectCostsPanel.tsx.193,iconButton,tDetail(addCostItem),/{locale}/dashboard/projects/:id,() => setCreateOpen(true),apps/web/app/[locale]/(dashboard)/dashboard/projects/[id]/ProjectCostsPanel.tsx,193,generated id; no data-testid
generated.apps.web.app.locale.dashboard.dashboard.projects.id.ProjectCostsPanel.tsx.fallback.196,button,,/{locale}/dashboard/projects/:id,onClick=,apps/web/app/[locale]/(dashboard)/dashboard/projects/[id]/ProjectCostsPanel.tsx,196,fallback text scan
generated.apps.web.app.locale.dashboard.dashboard.projects.id.ProjectCostsPanel.tsx.258,button,tDetail(addCostItem),/{locale}/dashboard/projects/:id,() => setCreateOpen(true),apps/web/app/[locale]/(dashboard)/dashboard/projects/[id]/ProjectCostsPanel.tsx,258,generated id; no data-testid
generated.apps.web.app.locale.dashboard.dashboard.projects.id.ProjectCostsPanel.tsx.306,iconButton,$tDetail(edit) $item.title,/{locale}/dashboard/projects/:id,() => setEditingItem(item),apps/web/app/[locale]/(dashboard)/dashboard/projects/[id]/ProjectCostsPanel.tsx,306,generated id; no data-testid
generated.apps.web.app.locale.dashboard.dashboard.projects.id.ProjectCostsPanel.tsx.fallback.309,button,,/{locale}/dashboard/projects/:id,onClick=,apps/web/app/[locale]/(dashboard)/dashboard/projects/[id]/ProjectCostsPanel.tsx,309,fallback text scan
generated.apps.web.app.locale.dashboard.dashboard.projects.id.ProjectCostsPanel.tsx.492,button,tDetail(cancel),/{locale}/dashboard/projects/:id,onClose,apps/web/app/[locale]/(dashboard)/dashboard/projects/[id]/ProjectCostsPanel.tsx,492,generated id; no data-testid
generated.apps.web.app.locale.dashboard.dashboard.projects.id.ProjectCostsPanel.tsx.493,formSubmit,isSubmitting ? tDetail(saving) : tDetail(save),/{locale}/dashboard/projects/:id,form submit,apps/web/app/[locale]/(dashboard)/dashboard/projects/[id]/ProjectCostsPanel.tsx,493,generated id; no data-testid
generated.apps.web.app.locale.dashboard.dashboard.projects.id.ProjectCostsPanel.tsx.611,button,tDetail(cancel),/{locale}/dashboard/projects/:id,onClose,apps/web/app/[locale]/(dashboard)/dashboard/projects/[id]/ProjectCostsPanel.tsx,611,generated id; no data-testid
generated.apps.web.app.locale.dashboard.dashboard.projects.id.ProjectCostsPanel.tsx.614,formSubmit,isSubmitting ? tDetail(adding) : tDetail(add),/{locale}/dashboard/projects/:id,form submit,apps/web/app/[locale]/(dashboard)/dashboard/projects/[id]/ProjectCostsPanel.tsx,614,generated id; no data-testid
generated.apps.web.app.locale.dashboard.dashboard.projects.id.ProjectDocumentsPanel.tsx.279,iconButton,tDetail(createDocument),/{locale}/dashboard/projects/:id,() => setCreateOpen(true),apps/web/app/[locale]/(dashboard)/dashboard/projects/[id]/ProjectDocumentsPanel.tsx,279,generated id; no data-testid
generated.apps.web.app.locale.dashboard.dashboard.projects.id.ProjectDocumentsPanel.tsx.fallback.282,button,,/{locale}/dashboard/projects/:id,onClick=,apps/web/app/[locale]/(dashboard)/dashboard/projects/[id]/ProjectDocumentsPanel.tsx,282,fallback text scan
generated.apps.web.app.locale.dashboard.dashboard.projects.id.ProjectDocumentsPanel.tsx.299,button,tDetail(jumpToPendingArrow),/{locale}/dashboard/projects/:id,"() => {
              const first = pendingDocs[0];
              if (!first) return;
              document.getElementById(`document-${first.id}`)?.scrollIntoView({
                behavior: ""smooth"",
                block: ""start"",
              });
            }",apps/web/app/[locale]/(dashboard)/dashboard/projects/[id]/ProjectDocumentsPanel.tsx,299,generated id; no data-testid
generated.apps.web.app.locale.dashboard.dashboard.projects.id.ProjectDocumentsPanel.tsx.fallback.302,button,,/{locale}/dashboard/projects/:id,onClick=,apps/web/app/[locale]/(dashboard)/dashboard/projects/[id]/ProjectDocumentsPanel.tsx,302,fallback text scan
generated.apps.web.app.locale.dashboard.dashboard.projects.id.ProjectDocumentsPanel.tsx.322,button,tDetail(createDocument),/{locale}/dashboard/projects/:id,() => setCreateOpen(true),apps/web/app/[locale]/(dashboard)/dashboard/projects/[id]/ProjectDocumentsPanel.tsx,322,generated id; no data-testid
generated.apps.web.app.locale.dashboard.dashboard.projects.id.ProjectDocumentsPanel.tsx.367,Link,tDetail(open),/{locale}/dashboard/projects/:id,url,apps/web/app/[locale]/(dashboard)/dashboard/projects/[id]/ProjectDocumentsPanel.tsx,367,generated id; no data-testid
generated.apps.web.app.locale.dashboard.dashboard.projects.id.ProjectDocumentsPanel.tsx.376,button,isUploading ? tDetail(uploading) : tDetail(uploadFile),/{locale}/dashboard/projects/:id,"() => {
                          uploadTargetRef.current = doc.id;
                          uploadInputRef.current?.click();
                        }",apps/web/app/[locale]/(dashboard)/dashboard/projects/[id]/ProjectDocumentsPanel.tsx,376,generated id; no data-testid
generated.apps.web.app.locale.dashboard.dashboard.projects.id.ProjectDocumentsPanel.tsx.fallback.378,button,,/{locale}/dashboard/projects/:id,onClick=,apps/web/app/[locale]/(dashboard)/dashboard/projects/[id]/ProjectDocumentsPanel.tsx,378,fallback text scan
generated.apps.web.app.locale.dashboard.dashboard.projects.id.ProjectDocumentsPanel.tsx.409,Link,"tDetail(report) doc.report_id.slice(0, 8) …",/{locale}/dashboard/projects/:id,`/dashboard/reports/${doc.report_id}`,apps/web/app/[locale]/(dashboard)/dashboard/projects/[id]/ProjectDocumentsPanel.tsx,409,generated id; no data-testid
generated.apps.web.app.locale.dashboard.dashboard.projects.id.ProjectDocumentsPanel.tsx.416,Link,"tDetail(task) doc.task_id.slice(0, 8) …",/{locale}/dashboard/projects/:id,`/dashboard/tasks/${doc.task_id}`,apps/web/app/[locale]/(dashboard)/dashboard/projects/[id]/ProjectDocumentsPanel.tsx,416,generated id; no data-testid
generated.apps.web.app.locale.dashboard.dashboard.projects.id.ProjectDocumentsPanel.tsx.432,button,tDetail(submitForReview),/{locale}/dashboard/projects/:id,"() =>
                            updateMutation.mutate({
                              documentId: doc.id,
                              body: { status: ""under_review"" },
                            })",apps/web/app/[locale]/(dashboard)/dashboard/projects/[id]/ProjectDocumentsPanel.tsx,432,generated id; no data-testid
generated.apps.web.app.locale.dashboard.dashboard.projects.id.ProjectDocumentsPanel.tsx.fallback.435,button,,/{locale}/dashboard/projects/:id,onClick=,apps/web/app/[locale]/(dashboard)/dashboard/projects/[id]/ProjectDocumentsPanel.tsx,435,fallback text scan
generated.apps.web.app.locale.dashboard.dashboard.projects.id.ProjectDocumentsPanel.tsx.447,button,tDetail(approve),/{locale}/dashboard/projects/:id,"() =>
                              updateMutation.mutate({
                                documentId: doc.id,
                                body: { status: ""approved"" },
                              })",apps/web/app/[locale]/(dashboard)/dashboard/projects/[id]/ProjectDocumentsPanel.tsx,447,generated id; no data-testid
generated.apps.web.app.locale.dashboard.dashboard.projects.id.ProjectDocumentsPanel.tsx.fallback.450,button,,/{locale}/dashboard/projects/:id,onClick=,apps/web/app/[locale]/(dashboard)/dashboard/projects/[id]/ProjectDocumentsPanel.tsx,450,fallback text scan
generated.apps.web.app.locale.dashboard.dashboard.projects.id.ProjectDocumentsPanel.tsx.460,button,tDetail(reject),/{locale}/dashboard/projects/:id,"() =>
                              updateMutation.mutate({
                                documentId: doc.id,
                                body: { status: ""rejected"" },
                              })",apps/web/app/[locale]/(dashboard)/dashboard/projects/[id]/ProjectDocumentsPanel.tsx,460,generated id; no data-testid
generated.apps.web.app.locale.dashboard.dashboard.projects.id.ProjectDocumentsPanel.tsx.fallback.463,button,,/{locale}/dashboard/projects/:id,onClick=,apps/web/app/[locale]/(dashboard)/dashboard/projects/[id]/ProjectDocumentsPanel.tsx,463,fallback text scan
generated.apps.web.app.locale.dashboard.dashboard.projects.id.ProjectDocumentsPanel.tsx.478,button,tDetail(history),/{locale}/dashboard/projects/:id,() => setHistoryDocId(doc.id),apps/web/app/[locale]/(dashboard)/dashboard/projects/[id]/ProjectDocumentsPanel.tsx,478,generated id; no data-testid
generated.apps.web.app.locale.dashboard.dashboard.projects.id.ProjectDocumentsPanel.tsx.fallback.481,button,,/{locale}/dashboard/projects/:id,onClick=,apps/web/app/[locale]/(dashboard)/dashboard/projects/[id]/ProjectDocumentsPanel.tsx,481,fallback text scan
generated.apps.web.app.locale.dashboard.dashboard.projects.id.ProjectDocumentsPanel.tsx.631,button,tDetail(cancel),/{locale}/dashboard/projects/:id,onClose,apps/web/app/[locale]/(dashboard)/dashboard/projects/[id]/ProjectDocumentsPanel.tsx,631,generated id; no data-testid
generated.apps.web.app.locale.dashboard.dashboard.projects.id.ProjectDocumentsPanel.tsx.634,formSubmit,isSubmitting ? tDetail(creating) : tDetail(create),/{locale}/dashboard/projects/:id,form submit,apps/web/app/[locale]/(dashboard)/dashboard/projects/[id]/ProjectDocumentsPanel.tsx,634,generated id; no data-testid
generated.apps.web.app.locale.dashboard.dashboard.projects.id.ProjectEstimatePanel.tsx.222,button,fromImageMutation.isPending ? tDetail(running) : tDetail(runCostEstimate),/{locale}/dashboard/projects/:id,() => fromImageMutation.mutate(),apps/web/app/[locale]/(dashboard)/dashboard/projects/[id]/ProjectEstimatePanel.tsx,222,generated id; no data-testid
generated.apps.web.app.locale.dashboard.dashboard.projects.id.ProjectIntelligenceClient.tsx.198,Link,tDetail(openRelated),/{locale}/dashboard/projects/:id,href,apps/web/app/[locale]/(dashboard)/dashboard/projects/[id]/ProjectIntelligenceClient.tsx,198,generated id; no data-testid
generated.apps.web.app.locale.dashboard.dashboard.projects.id.ProjectIntelligenceClient.tsx.229,Link,tDetail(openRelated),/{locale}/dashboard/projects/:id,href,apps/web/app/[locale]/(dashboard)/dashboard/projects/[id]/ProjectIntelligenceClient.tsx,229,generated id; no data-testid
generated.apps.web.app.locale.dashboard.dashboard.projects.id.ProjectIssuesPanel.tsx.105,button,tDetail(createIssue),/{locale}/dashboard/projects/:id,() => setShowCreate(true),apps/web/app/[locale]/(dashboard)/dashboard/projects/[id]/ProjectIssuesPanel.tsx,105,generated id; no data-testid
generated.apps.web.app.locale.dashboard.dashboard.projects.id.ProjectIssuesPanel.tsx.116,button,tDetail(createIssue),/{locale}/dashboard/projects/:id,() => setShowCreate(true),apps/web/app/[locale]/(dashboard)/dashboard/projects/[id]/ProjectIssuesPanel.tsx,116,generated id; no data-testid
generated.apps.web.app.locale.dashboard.dashboard.projects.id.ProjectIssuesPanel.tsx.188,button,tDetail(cancel),/{locale}/dashboard/projects/:id,() => setShowCreate(false),apps/web/app/[locale]/(dashboard)/dashboard/projects/[id]/ProjectIssuesPanel.tsx,188,generated id; no data-testid
generated.apps.web.app.locale.dashboard.dashboard.projects.id.ProjectIssuesPanel.tsx.191,formSubmit,tDetail(create),/{locale}/dashboard/projects/:id,form submit,apps/web/app/[locale]/(dashboard)/dashboard/projects/[id]/ProjectIssuesPanel.tsx,191,generated id; no data-testid
generated.apps.web.app.locale.dashboard.dashboard.projects.id.ProjectReviewPackPanel.tsx.81,Link,tDetail(commercialTabArrow),/{locale}/dashboard/projects/:id,pack.commercial.href,apps/web/app/[locale]/(dashboard)/dashboard/projects/[id]/ProjectReviewPackPanel.tsx,81,generated id; no data-testid
generated.apps.web.app.locale.dashboard.dashboard.projects.id.ProjectReviewPackPanel.tsx.88,Link,tDetail(openCostsArrow),/{locale}/dashboard/projects/:id,`/dashboard/projects/${projectId}?tab=costs`,apps/web/app/[locale]/(dashboard)/dashboard/projects/[id]/ProjectReviewPackPanel.tsx,88,generated id; no data-testid
generated.apps.web.app.locale.dashboard.dashboard.projects.id.ProjectReviewPackPanel.tsx.99,Link,tDetail(projectOverviewArrow),/{locale}/dashboard/projects/:id,`/dashboard/projects/${projectId}`,apps/web/app/[locale]/(dashboard)/dashboard/projects/[id]/ProjectReviewPackPanel.tsx,99,generated id; no data-testid
generated.apps.web.app.locale.dashboard.dashboard.projects.id.ProjectReviewPackPanel.tsx.106,Link,tDetail(aftercareTabArrow),/{locale}/dashboard/projects/:id,pack.aftercare.href,apps/web/app/[locale]/(dashboard)/dashboard/projects/[id]/ProjectReviewPackPanel.tsx,106,generated id; no data-testid
generated.apps.web.app.locale.dashboard.dashboard.projects.id.ProjectReviewPackPanel.tsx.128,Link,r.title,/{locale}/dashboard/projects/:id,r.href,apps/web/app/[locale]/(dashboard)/dashboard/projects/[id]/ProjectReviewPackPanel.tsx,128,generated id; no data-testid
generated.apps.web.app.locale.dashboard.dashboard.projects.id.ProjectSchedulePanel.tsx.86,button,tDetail(addMilestone),/{locale}/dashboard/projects/:id,() => setShowForm(true),apps/web/app/[locale]/(dashboard)/dashboard/projects/[id]/ProjectSchedulePanel.tsx,86,generated id; no data-testid
generated.apps.web.app.locale.dashboard.dashboard.projects.id.ProjectSchedulePanel.tsx.98,button,tDetail(addMilestone),/{locale}/dashboard/projects/:id,() => setShowForm(true),apps/web/app/[locale]/(dashboard)/dashboard/projects/[id]/ProjectSchedulePanel.tsx,98,generated id; no data-testid
generated.apps.web.app.locale.dashboard.dashboard.projects.id.ProjectSchedulePanel.tsx.119,formSubmit,tDetail(create),/{locale}/dashboard/projects/:id,form submit,apps/web/app/[locale]/(dashboard)/dashboard/projects/[id]/ProjectSchedulePanel.tsx,119,generated id; no data-testid
generated.apps.web.app.locale.dashboard.dashboard.projects.id.ProjectSchedulePanel.tsx.122,button,tDetail(cancel),/{locale}/dashboard/projects/:id,"() => { setShowForm(false); setTitle(""""); setTargetDate(""""); }",apps/web/app/[locale]/(dashboard)/dashboard/projects/[id]/ProjectSchedulePanel.tsx,122,generated id; no data-testid
generated.apps.web.app.locale.dashboard.dashboard.projects.id.ProjectSchedulePanel.tsx.157,Link,tDetail(viewProjectTasks),/{locale}/dashboard/projects/:id,`/dashboard/tasks?project_id=${m.project_id}`,apps/web/app/[locale]/(dashboard)/dashboard/projects/[id]/ProjectSchedulePanel.tsx,157,generated id; no data-testid
generated.apps.web.app.locale.dashboard.dashboard.projects.id.service.requests.requestId.ManagerServiceRequestDetailClient.tsx.168,Link,tDetail(backToAftercare),/{locale}/dashboard/projects/:id/service-requests/:requestId,`/dashboard/projects/${projectId}?tab=aftercare`,apps/web/app/[locale]/(dashboard)/dashboard/projects/[id]/service-requests/[requestId]/ManagerServiceRequestDetailClient.tsx,168,generated id; no data-testid
generated.apps.web.app.locale.dashboard.dashboard.projects.id.service.requests.requestId.ManagerServiceRequestDetailClient.tsx.232,button,tDetail(save),/{locale}/dashboard/projects/:id/service-requests/:requestId,() => patchMutation.mutate(),apps/web/app/[locale]/(dashboard)/dashboard/projects/[id]/service-requests/[requestId]/ManagerServiceRequestDetailClient.tsx,232,generated id; no data-testid
generated.apps.web.app.locale.dashboard.dashboard.projects.id.service.requests.requestId.ManagerServiceRequestDetailClient.tsx.276,button,transitionMutation.isPending ? tDetail(applying) : tDetail(apply),/{locale}/dashboard/projects/:id/service-requests/:requestId,() => transitionMutation.mutate(),apps/web/app/[locale]/(dashboard)/dashboard/projects/[id]/service-requests/[requestId]/ManagerServiceRequestDetailClient.tsx,276,generated id; no data-testid
generated.apps.web.app.locale.dashboard.dashboard.projects.id.service.requests.requestId.ManagerServiceRequestDetailClient.tsx.fallback.285,button,,/{locale}/dashboard/projects/:id/service-requests/:requestId,onClick=,apps/web/app/[locale]/(dashboard)/dashboard/projects/[id]/service-requests/[requestId]/ManagerServiceRequestDetailClient.tsx,285,fallback text scan
generated.apps.web.app.locale.dashboard.dashboard.projects.id.ServiceRequestsProjectTab.tsx.88,button,open ? tDetail(close) : tDetail(newRequest),/{locale}/dashboard/projects/:id,() => setOpen((o) => !o),apps/web/app/[locale]/(dashboard)/dashboard/projects/[id]/ServiceRequestsProjectTab.tsx,88,generated id; no data-testid
generated.apps.web.app.locale.dashboard.dashboard.projects.id.ServiceRequestsProjectTab.tsx.119,button,createMutation.isPending ? tDetail(saving) : tDetail(create),/{locale}/dashboard/projects/:id,() => createMutation.mutate(),apps/web/app/[locale]/(dashboard)/dashboard/projects/[id]/ServiceRequestsProjectTab.tsx,119,generated id; no data-testid
generated.apps.web.app.locale.dashboard.dashboard.projects.id.ServiceRequestsProjectTab.tsx.143,Link,r.title,/{locale}/dashboard/projects/:id,`/dashboard/projects/${projectId}/service-requests/${r.id}`,apps/web/app/[locale]/(dashboard)/dashboard/projects/[id]/ServiceRequestsProjectTab.tsx,143,generated id; no data-testid
generated.apps.web.app.locale.dashboard.dashboard.projects.id.StakeholderDiscussionsManagerPanel.tsx.78,button,open ? tDetail(close) : tDetail(newDiscussion),/{locale}/dashboard/projects/:id,() => setOpen((o) => !o),apps/web/app/[locale]/(dashboard)/dashboard/projects/[id]/StakeholderDiscussionsManagerPanel.tsx,78,generated id; no data-testid
generated.apps.web.app.locale.dashboard.dashboard.projects.id.StakeholderDiscussionsManagerPanel.tsx.122,button,tDetail(createAndNotifyClient),/{locale}/dashboard/projects/:id,() => createMutation.mutate(),apps/web/app/[locale]/(dashboard)/dashboard/projects/[id]/StakeholderDiscussionsManagerPanel.tsx,122,generated id; no data-testid
generated.apps.web.app.locale.dashboard.dashboard.projects.id.StakeholderDiscussionsManagerPanel.tsx.fallback.127,button,,/{locale}/dashboard/projects/:id,onClick=,apps/web/app/[locale]/(dashboard)/dashboard/projects/[id]/StakeholderDiscussionsManagerPanel.tsx,127,fallback text scan
generated.apps.web.app.locale.dashboard.dashboard.projects.id.StakeholderDiscussionsManagerPanel.tsx.147,Link,r.title,/{locale}/dashboard/projects/:id,`/dashboard/projects/${projectId}/discussions/${r.id}`,apps/web/app/[locale]/(dashboard)/dashboard/projects/[id]/StakeholderDiscussionsManagerPanel.tsx,147,generated id; no data-testid
generated.apps.web.app.locale.dashboard.dashboard.projects.id.StakeholderManagerPanel.tsx.129,button,open ? tDetail(close) : tDetail(invite),/{locale}/dashboard/projects/:id,() => setOpen((o) => !o),apps/web/app/[locale]/(dashboard)/dashboard/projects/[id]/StakeholderManagerPanel.tsx,129,generated id; no data-testid
generated.apps.web.app.locale.dashboard.dashboard.projects.id.StakeholderManagerPanel.tsx.162,button,tDetail(sendInvite),/{locale}/dashboard/projects/:id,() => inviteMutation.mutate(),apps/web/app/[locale]/(dashboard)/dashboard/projects/[id]/StakeholderManagerPanel.tsx,162,generated id; no data-testid
generated.apps.web.app.locale.dashboard.dashboard.projects.id.StakeholderManagerPanel.tsx.fallback.167,button,,/{locale}/dashboard/projects/:id,onClick=,apps/web/app/[locale]/(dashboard)/dashboard/projects/[id]/StakeholderManagerPanel.tsx,167,fallback text scan
generated.apps.web.app.locale.dashboard.dashboard.projects.id.StakeholderManagerPanel.tsx.208,button,tDetail(resendInvite),/{locale}/dashboard/projects/:id,() => resendMutation.mutate(r.id),apps/web/app/[locale]/(dashboard)/dashboard/projects/[id]/StakeholderManagerPanel.tsx,208,generated id; no data-testid
generated.apps.web.app.locale.dashboard.dashboard.projects.id.StakeholderManagerPanel.tsx.fallback.213,button,,/{locale}/dashboard/projects/:id,onClick=,apps/web/app/[locale]/(dashboard)/dashboard/projects/[id]/StakeholderManagerPanel.tsx,213,fallback text scan
generated.apps.web.app.locale.dashboard.dashboard.projects.id.StakeholderManagerPanel.tsx.219,button,tDetail(revoke),/{locale}/dashboard/projects/:id,() => revokeMutation.mutate(r.id),apps/web/app/[locale]/(dashboard)/dashboard/projects/[id]/StakeholderManagerPanel.tsx,219,generated id; no data-testid
generated.apps.web.app.locale.dashboard.dashboard.projects.id.StakeholderManagerPanel.tsx.fallback.224,button,,/{locale}/dashboard/projects/:id,onClick=,apps/web/app/[locale]/(dashboard)/dashboard/projects/[id]/StakeholderManagerPanel.tsx,224,fallback text scan
generated.apps.web.app.locale.dashboard.dashboard.projects.DashboardProjectsListClient.tsx.115,button,tDetail(exportCsv),/{locale}/dashboard/projects,handleExportCsv,apps/web/app/[locale]/(dashboard)/dashboard/projects/DashboardProjectsListClient.tsx,115,generated id; no data-testid
generated.apps.web.app.locale.dashboard.dashboard.projects.DashboardProjectsListClient.tsx.fallback.117,button,,/{locale}/dashboard/projects,onClick=,apps/web/app/[locale]/(dashboard)/dashboard/projects/DashboardProjectsListClient.tsx,117,fallback text scan
generated.apps.web.app.locale.dashboard.dashboard.projects.DashboardProjectsListClient.tsx.156,Link,tDetail(open),/{locale}/dashboard/projects,`/dashboard/projects/${p.id}`,apps/web/app/[locale]/(dashboard)/dashboard/projects/DashboardProjectsListClient.tsx,156,generated id; no data-testid
generated.apps.web.app.locale.dashboard.dashboard.reports.id.page.tsx.47,button,copied ? copiedLabel : label,/{locale}/dashboard/reports/:id,copy,apps/web/app/[locale]/(dashboard)/dashboard/reports/[id]/page.tsx,47,generated id; no data-testid
generated.apps.web.app.locale.dashboard.dashboard.reports.id.page.tsx.114,Link,tDetail(backToReports),/{locale}/dashboard/reports/:id,reportsPath,apps/web/app/[locale]/(dashboard)/dashboard/reports/[id]/page.tsx,114,generated id; no data-testid
generated.apps.web.app.locale.dashboard.dashboard.reports.id.page.tsx.123,Link,tDetail(reports),/{locale}/dashboard/reports/:id,reportsPath,apps/web/app/[locale]/(dashboard)/dashboard/reports/[id]/page.tsx,123,generated id; no data-testid
generated.apps.web.app.locale.dashboard.dashboard.reports.id.page.tsx.159,Link,"data.user_id.slice(0, 8) …",/{locale}/dashboard/reports/:id,`/dashboard/workers/${data.user_id}`,apps/web/app/[locale]/(dashboard)/dashboard/reports/[id]/page.tsx,159,generated id; no data-testid
generated.apps.web.app.locale.dashboard.dashboard.reports.id.page.tsx.214,Link,"tDetail(media) m.media_id.slice(0, 8) …",/{locale}/dashboard/reports/:id,/dashboard/uploads,apps/web/app/[locale]/(dashboard)/dashboard/reports/[id]/page.tsx,214,generated id; no data-testid
generated.apps.web.app.locale.dashboard.dashboard.stakeholder.invite.StakeholderInviteClient.tsx.router-push.32,button,,/{locale}/dashboard/stakeholder-invite,router.push(path),apps/web/app/[locale]/(dashboard)/dashboard/stakeholder-invite/StakeholderInviteClient.tsx,32,fallback router.push call; source CTA may be nearby
generated.apps.web.app.locale.dashboard.dashboard.stakeholder.invite.StakeholderInviteClient.tsx.45,button,tDetail(acceptInvitation),/{locale}/dashboard/stakeholder-invite,() => mutation.mutate(),apps/web/app/[locale]/(dashboard)/dashboard/stakeholder-invite/StakeholderInviteClient.tsx,45,generated id; no data-testid
generated.apps.web.app.locale.dashboard.dashboard.stakeholder.invite.StakeholderInviteClient.tsx.55,Link,tDetail(signIn),/{locale}/dashboard/stakeholder-invite,/login,apps/web/app/[locale]/(dashboard)/dashboard/stakeholder-invite/StakeholderInviteClient.tsx,55,generated id; no data-testid
generated.apps.web.app.locale.dashboard.dashboard.tasks.id.DashboardTaskDetailClient.tsx.151,button,tDetail(markDone),/{locale}/dashboard/tasks/:id,"() => patchStatus(""done"")",apps/web/app/[locale]/(dashboard)/dashboard/tasks/[id]/DashboardTaskDetailClient.tsx,151,generated id; no data-testid
generated.apps.web.app.locale.dashboard.dashboard.tasks.id.DashboardTaskDetailClient.tsx.154,button,tDetail(cancelTask),/{locale}/dashboard/tasks/:id,"() => patchStatus(""cancelled"")",apps/web/app/[locale]/(dashboard)/dashboard/tasks/[id]/DashboardTaskDetailClient.tsx,154,generated id; no data-testid
generated.apps.web.app.locale.dashboard.dashboard.tasks.id.DashboardTaskDetailClient.tsx.159,button,task.assigned_to ? tDetail(reassign) : tDetail(assign),/{locale}/dashboard/tasks/:id,() => setAssignOpen(true),apps/web/app/[locale]/(dashboard)/dashboard/tasks/[id]/DashboardTaskDetailClient.tsx,159,generated id; no data-testid
generated.apps.web.app.locale.dashboard.dashboard.tasks.id.DashboardTaskDetailClient.tsx.172,Link,task.project_id,/{locale}/dashboard/tasks/:id,`/dashboard/projects/${task.project_id}`,apps/web/app/[locale]/(dashboard)/dashboard/tasks/[id]/DashboardTaskDetailClient.tsx,172,generated id; no data-testid
generated.apps.web.app.locale.dashboard.dashboard.tasks.id.DashboardTaskDetailClient.tsx.184,Link,task.assigned_to,/{locale}/dashboard/tasks/:id,`/dashboard/workers/${task.assigned_to}`,apps/web/app/[locale]/(dashboard)/dashboard/tasks/[id]/DashboardTaskDetailClient.tsx,184,generated id; no data-testid
generated.apps.web.app.locale.dashboard.dashboard.tasks.id.DashboardTaskDetailClient.tsx.200,Link,tDetail(viewReport) ( task.report_status ??  ),/{locale}/dashboard/tasks/:id,`/dashboard/daily-reports/${task.report_id}`,apps/web/app/[locale]/(dashboard)/dashboard/tasks/[id]/DashboardTaskDetailClient.tsx,200,generated id; no data-testid
generated.apps.web.app.locale.dashboard.dashboard.tasks.id.DashboardTaskDetailClient.tsx.223,button,tDetail(cancel),/{locale}/dashboard/tasks/:id,() => setAssignOpen(false),apps/web/app/[locale]/(dashboard)/dashboard/tasks/[id]/DashboardTaskDetailClient.tsx,223,generated id; no data-testid
generated.apps.web.app.locale.dashboard.dashboard.tasks.id.DashboardTaskDetailClient.tsx.226,button,tDetail(assign),/{locale}/dashboard/tasks/:id,handleAssign,apps/web/app/[locale]/(dashboard)/dashboard/tasks/[id]/DashboardTaskDetailClient.tsx,226,generated id; no data-testid
generated.apps.web.app.locale.dashboard.dashboard.tasks.id.page.tsx.20,Link,tPage(backToTasks),/{locale}/dashboard/tasks/:id,/dashboard/tasks,apps/web/app/[locale]/(dashboard)/dashboard/tasks/[id]/page.tsx,20,generated id; no data-testid
generated.apps.web.app.locale.dashboard.dashboard.tasks.DashboardTasksClient.tsx.234,button,tDetail(exportCsv),/{locale}/dashboard/tasks,exportCsv,apps/web/app/[locale]/(dashboard)/dashboard/tasks/DashboardTasksClient.tsx,234,generated id; no data-testid
generated.apps.web.app.locale.dashboard.dashboard.tasks.DashboardTasksClient.tsx.237,button,tDetail(createTask),/{locale}/dashboard/tasks,() => setCreateOpen(true),apps/web/app/[locale]/(dashboard)/dashboard/tasks/DashboardTasksClient.tsx,237,generated id; no data-testid
generated.apps.web.app.locale.dashboard.dashboard.tasks.DashboardTasksClient.tsx.272,Link,r.title,/{locale}/dashboard/tasks,`/dashboard/tasks/${r.id}`,apps/web/app/[locale]/(dashboard)/dashboard/tasks/DashboardTasksClient.tsx,272,generated id; no data-testid
generated.apps.web.app.locale.dashboard.dashboard.tasks.DashboardTasksClient.tsx.278,Link,"r.project_id.slice(0, 8) …",/{locale}/dashboard/tasks,`/dashboard/projects/${r.project_id}`,apps/web/app/[locale]/(dashboard)/dashboard/tasks/DashboardTasksClient.tsx,278,generated id; no data-testid
generated.apps.web.app.locale.dashboard.dashboard.tasks.DashboardTasksClient.tsx.290,Link,"r.assigned_to.slice(0, 8) …",/{locale}/dashboard/tasks,`/dashboard/workers/${r.assigned_to}`,apps/web/app/[locale]/(dashboard)/dashboard/tasks/DashboardTasksClient.tsx,290,generated id; no data-testid
generated.apps.web.app.locale.dashboard.dashboard.tasks.DashboardTasksClient.tsx.294,button,Assign,/{locale}/dashboard/tasks,() => setAssignTaskId(r.id),apps/web/app/[locale]/(dashboard)/dashboard/tasks/DashboardTasksClient.tsx,294,generated id; no data-testid
generated.apps.web.app.locale.dashboard.dashboard.tasks.DashboardTasksClient.tsx.305,Link,tDetail(report),/{locale}/dashboard/tasks,`/dashboard/daily-reports/${r.report_id}`,apps/web/app/[locale]/(dashboard)/dashboard/tasks/DashboardTasksClient.tsx,305,generated id; no data-testid
generated.apps.web.app.locale.dashboard.dashboard.tasks.DashboardTasksClient.tsx.315,button,tDetail(done),/{locale}/dashboard/tasks,"() => patchStatus(r.id, ""done"")",apps/web/app/[locale]/(dashboard)/dashboard/tasks/DashboardTasksClient.tsx,315,generated id; no data-testid
generated.apps.web.app.locale.dashboard.dashboard.tasks.DashboardTasksClient.tsx.318,button,tDetail(cancel),/{locale}/dashboard/tasks,"() => patchStatus(r.id, ""cancelled"")",apps/web/app/[locale]/(dashboard)/dashboard/tasks/DashboardTasksClient.tsx,318,generated id; no data-testid
generated.apps.web.app.locale.dashboard.dashboard.tasks.DashboardTasksClient.tsx.324,button,Assign,/{locale}/dashboard/tasks,() => setAssignTaskId(r.id),apps/web/app/[locale]/(dashboard)/dashboard/tasks/DashboardTasksClient.tsx,324,generated id; no data-testid
generated.apps.web.app.locale.dashboard.dashboard.tasks.DashboardTasksClient.tsx.370,button,tDetail(cancel),/{locale}/dashboard/tasks,() => setCreateOpen(false),apps/web/app/[locale]/(dashboard)/dashboard/tasks/DashboardTasksClient.tsx,370,generated id; no data-testid
generated.apps.web.app.locale.dashboard.dashboard.tasks.DashboardTasksClient.tsx.373,formSubmit,tDetail(create),/{locale}/dashboard/tasks,form submit,apps/web/app/[locale]/(dashboard)/dashboard/tasks/DashboardTasksClient.tsx,373,generated id; no data-testid
generated.apps.web.app.locale.dashboard.dashboard.tasks.DashboardTasksClient.tsx.394,button,tDetail(cancel),/{locale}/dashboard/tasks,() => setAssignTaskId(null),apps/web/app/[locale]/(dashboard)/dashboard/tasks/DashboardTasksClient.tsx,394,generated id; no data-testid
generated.apps.web.app.locale.dashboard.dashboard.tasks.DashboardTasksClient.tsx.397,button,tDetail(assign),/{locale}/dashboard/tasks,handleAssign,apps/web/app/[locale]/(dashboard)/dashboard/tasks/DashboardTasksClient.tsx,397,generated id; no data-testid
generated.apps.web.app.locale.dashboard.dashboard.uploads.DashboardUploadsClient.tsx.185,button,Export CSV,/{locale}/dashboard/uploads,exportCsv,apps/web/app/[locale]/(dashboard)/dashboard/uploads/DashboardUploadsClient.tsx,185,generated id; no data-testid
generated.apps.web.app.locale.dashboard.dashboard.uploads.DashboardUploadsClient.tsx.207,Link,"r.user_id.slice(0, 8) …",/{locale}/dashboard/uploads,`/dashboard/workers/${r.user_id}`,apps/web/app/[locale]/(dashboard)/dashboard/uploads/DashboardUploadsClient.tsx,207,generated id; no data-testid
generated.apps.web.app.locale.dashboard.dashboard.UploadsDashboardClient.tsx.222,Link,row.user_id,/{locale}/dashboard,`/dashboard/workers/${row.user_id}`,apps/web/app/[locale]/(dashboard)/dashboard/UploadsDashboardClient.tsx,222,generated id; no data-testid
generated.apps.web.app.locale.dashboard.dashboard.workers.userId.days.page.tsx.83,Link,tDetail(workers),/{locale}/dashboard/workers/:userId/days,/dashboard/workers,apps/web/app/[locale]/(dashboard)/dashboard/workers/[userId]/days/page.tsx,83,generated id; no data-testid
generated.apps.web.app.locale.dashboard.dashboard.workers.userId.page.tsx.20,Link,t(backToWorkers),/{locale}/dashboard/workers/:userId,/dashboard/workers,apps/web/app/[locale]/(dashboard)/dashboard/workers/[userId]/page.tsx,20,generated id; no data-testid
generated.apps.web.app.locale.dashboard.dashboard.workers.userId.page.tsx.41,Link,t(viewDayTimeline),/{locale}/dashboard/workers/:userId,`/dashboard/workers/${encodeURIComponent(userId)}/days`,apps/web/app/[locale]/(dashboard)/dashboard/workers/[userId]/page.tsx,41,generated id; no data-testid
generated.apps.web.app.locale.dashboard.dashboard.workers.userId.WorkerDetailClient.tsx.72,Link,tDetail(tasksForWorkerLink),/{locale}/dashboard/workers/:userId,`/dashboard/tasks?worker_id=${encodeURIComponent(userId)}`,apps/web/app/[locale]/(dashboard)/dashboard/workers/[userId]/WorkerDetailClient.tsx,72,generated id; no data-testid
generated.apps.web.app.locale.dashboard.dashboard.workers.userId.WorkerDetailClient.tsx.73,Link,tDetail(viewAllReportsLink),/{locale}/dashboard/workers/:userId,/dashboard/daily-reports,apps/web/app/[locale]/(dashboard)/dashboard/workers/[userId]/WorkerDetailClient.tsx,73,generated id; no data-testid
generated.apps.web.app.locale.dashboard.dashboard.workers.DashboardWorkersClient.tsx.99,button,tDetail(exportCsv),/{locale}/dashboard/workers,exportCsv,apps/web/app/[locale]/(dashboard)/dashboard/workers/DashboardWorkersClient.tsx,99,generated id; no data-testid
generated.apps.web.app.locale.dashboard.dashboard.workers.DashboardWorkersClient.tsx.116,Link,w.user_id,/{locale}/dashboard/workers,`/dashboard/workers/${encodeURIComponent(w.user_id)}`,apps/web/app/[locale]/(dashboard)/dashboard/workers/DashboardWorkersClient.tsx,116,generated id; no data-testid
generated.apps.web.app.locale.dashboard.dashboard.workers.DashboardWorkersClient.tsx.119,button,tDetail(copyId),/{locale}/dashboard/workers,() => copyWorkerId(w.user_id),apps/web/app/[locale]/(dashboard)/dashboard/workers/DashboardWorkersClient.tsx,119,generated id; no data-testid
generated.apps.web.app.locale.dashboard.dashboard.workers.DashboardWorkersClient.tsx.153,Link,tDetail(view),/{locale}/dashboard/workers,`/dashboard/workers/${encodeURIComponent(w.user_id)}`,apps/web/app/[locale]/(dashboard)/dashboard/workers/DashboardWorkersClient.tsx,153,generated id; no data-testid
generated.apps.web.app.locale.dashboard.dashboard.workers.DashboardWorkersClient.tsx.160,Link,tDetail(days),/{locale}/dashboard/workers,`/dashboard/workers/${encodeURIComponent(w.user_id)}/days`,apps/web/app/[locale]/(dashboard)/dashboard/workers/DashboardWorkersClient.tsx,160,generated id; no data-testid
generated.apps.web.app.locale.dashboard.dashboard.workload.RecurringOperationsPanel.tsx.97,button,r.active ? tDetail(turnOff) : tDetail(turnOn),/{locale}/dashboard/workload,"() => toggle.mutate({ id: r.id, active: !r.active })",apps/web/app/[locale]/(dashboard)/dashboard/workload/RecurringOperationsPanel.tsx,97,generated id; no data-testid
generated.apps.web.app.locale.dashboard.dashboard.workload.RecurringOperationsPanel.tsx.fallback.101,button,,/{locale}/dashboard/workload,onClick=,apps/web/app/[locale]/(dashboard)/dashboard/workload/RecurringOperationsPanel.tsx,101,fallback text scan
generated.apps.web.app.locale.dashboard.dashboard.workload.WorkloadInboxClient.tsx.81,button,tDetail(f),/{locale}/dashboard/workload,() => setPriorityFilter(f),apps/web/app/[locale]/(dashboard)/dashboard/workload/WorkloadInboxClient.tsx,81,generated id; no data-testid
generated.apps.web.app.locale.dashboard.dashboard.workload.WorkloadInboxClient.tsx.fallback.85,button,,/{locale}/dashboard/workload,onClick=,apps/web/app/[locale]/(dashboard)/dashboard/workload/WorkloadInboxClient.tsx,85,fallback text scan
generated.apps.web.app.locale.dashboard.dashboard.workload.WorkloadInboxClient.tsx.143,Link,tDetail(openArrow),/{locale}/dashboard/workload,w.action_url,apps/web/app/[locale]/(dashboard)/dashboard/workload/WorkloadInboxClient.tsx,143,generated id; no data-testid
generated.apps.web.app.locale.dashboard.portfolio.page.tsx.router-push.85,button,,/{locale}/portfolio,"router.push({
        stage: a.stage,
        completion_percent: a.completion_percent,
        risk_level: a.risk_level,
        detected_issues: a.detected_issues,
        recommendations: a.recommendations,
        created_at: a.created_at,
      })",apps/web/app/[locale]/(dashboard)/portfolio/page.tsx,85,fallback router.push call; source CTA may be nearby
generated.apps.web.app.locale.dashboard.portfolio.page.tsx.router-push.101,button,,/{locale}/portfolio,router.push(metrics),apps/web/app/[locale]/(dashboard)/portfolio/page.tsx,101,fallback router.push call; source CTA may be nearby
generated.apps.web.app.locale.dashboard.portfolio.page.tsx.108,Link,t(backToProjects),/{locale}/portfolio,/projects,apps/web/app/[locale]/(dashboard)/portfolio/page.tsx,108,generated id; no data-testid
generated.apps.web.app.locale.dashboard.portfolio.PortfolioCommandViewClient.tsx.135,Link,tDetail(reviewGovernance),/{locale}/portfolio,/dashboard/governance,apps/web/app/[locale]/(dashboard)/portfolio/PortfolioCommandViewClient.tsx,135,generated id; no data-testid
generated.apps.web.app.locale.dashboard.portfolio.PortfolioCommandViewClient.tsx.173,Link,tDetail(openProjectsArrow),/{locale}/portfolio,/dashboard/projects,apps/web/app/[locale]/(dashboard)/portfolio/PortfolioCommandViewClient.tsx,173,generated id; no data-testid
generated.apps.web.app.locale.dashboard.portfolio.PortfolioCommandViewClient.tsx.190,Link,p.name,/{locale}/portfolio,`/dashboard/projects/${p.id}?tab=intelligence`,apps/web/app/[locale]/(dashboard)/portfolio/PortfolioCommandViewClient.tsx,190,generated id; no data-testid
generated.apps.web.app.locale.dashboard.portfolio.PortfolioCommandViewClient.tsx.201,Link,tDetail(allProjectsArrow),/{locale}/portfolio,/dashboard/projects,apps/web/app/[locale]/(dashboard)/portfolio/PortfolioCommandViewClient.tsx,201,generated id; no data-testid
generated.apps.web.app.locale.dashboard.portfolio.PortfolioCommandViewClient.tsx.217,Link,r.projectName →,/{locale}/portfolio,`/dashboard/projects/${r.projectId}?tab=intelligence`,apps/web/app/[locale]/(dashboard)/portfolio/PortfolioCommandViewClient.tsx,217,generated id; no data-testid
generated.apps.web.app.locale.dashboard.portfolio.PortfolioCommandViewClient.tsx.242,Link,p.name ( p.evidenceGapCount + p.missingEvidenceCount tDetail(gaps) ),/{locale}/portfolio,`/dashboard/projects/${p.id}?tab=intelligence`,apps/web/app/[locale]/(dashboard)/portfolio/PortfolioCommandViewClient.tsx,242,generated id; no data-testid
generated.apps.web.app.locale.dashboard.portfolio.PortfolioCommandViewClient.tsx.264,Link,b.projectName,/{locale}/portfolio,`/dashboard/projects/${b.projectId}?tab=costs`,apps/web/app/[locale]/(dashboard)/portfolio/PortfolioCommandViewClient.tsx,264,generated id; no data-testid
generated.apps.web.app.locale.dashboard.portfolio.PortfolioCommandViewClient.tsx.298,Link,a.title,/{locale}/portfolio,"href ?? ""#""",apps/web/app/[locale]/(dashboard)/portfolio/PortfolioCommandViewClient.tsx,298,generated id; no data-testid
generated.apps.web.app.locale.dashboard.portfolio.PortfolioControlOverviewClient.tsx.router-push.23,button,,/{locale}/portfolio,"router.push(`${tDetail(""deltaMilestones"")} ${signals.overdueMilestonesCount}`)",apps/web/app/[locale]/(dashboard)/portfolio/PortfolioControlOverviewClient.tsx,23,fallback router.push call; source CTA may be nearby
generated.apps.web.app.locale.dashboard.portfolio.PortfolioControlOverviewClient.tsx.router-push.24,button,,/{locale}/portfolio,"router.push(`${tDetail(""approvals"")} ${signals.pendingApprovalsCount}`)",apps/web/app/[locale]/(dashboard)/portfolio/PortfolioControlOverviewClient.tsx,24,fallback router.push call; source CTA may be nearby
generated.apps.web.app.locale.dashboard.portfolio.PortfolioControlOverviewClient.tsx.router-push.25,button,,/{locale}/portfolio,"router.push(`${tDetail(""clientReq"")} ${signals.pendingClientRequestsCount}`)",apps/web/app/[locale]/(dashboard)/portfolio/PortfolioControlOverviewClient.tsx,25,fallback router.push call; source CTA may be nearby
generated.apps.web.app.locale.dashboard.portfolio.PortfolioControlOverviewClient.tsx.router-push.26,button,,/{locale}/portfolio,router.push(`CO ${signals.openChangeOrdersCount}`),apps/web/app/[locale]/(dashboard)/portfolio/PortfolioControlOverviewClient.tsx,26,fallback router.push call; source CTA may be nearby
generated.apps.web.app.locale.dashboard.portfolio.PortfolioControlOverviewClient.tsx.router-push.27,button,,/{locale}/portfolio,"router.push(`${tDetail(""disc"")} ${signals.openDiscussionsCount}`)",apps/web/app/[locale]/(dashboard)/portfolio/PortfolioControlOverviewClient.tsx,27,fallback router.push call; source CTA may be nearby
generated.apps.web.app.locale.dashboard.portfolio.PortfolioControlOverviewClient.tsx.router-push.28,button,,/{locale}/portfolio,"router.push(`${tDetail(""reports"")} ${signals.pendingReportApprovalsCount}`)",apps/web/app/[locale]/(dashboard)/portfolio/PortfolioControlOverviewClient.tsx,28,fallback router.push call; source CTA may be nearby
generated.apps.web.app.locale.dashboard.portfolio.PortfolioControlOverviewClient.tsx.router-push.29,button,,/{locale}/portfolio,"router.push(`${tDetail(""issues"")} ${signals.openIssuesCount}`)",apps/web/app/[locale]/(dashboard)/portfolio/PortfolioControlOverviewClient.tsx,29,fallback router.push call; source CTA may be nearby
generated.apps.web.app.locale.dashboard.portfolio.PortfolioControlOverviewClient.tsx.router-push.30,button,,/{locale}/portfolio,"router.push(`${tDetail(""punch"")} ${signals.blockingDefectsCount}`)",apps/web/app/[locale]/(dashboard)/portfolio/PortfolioControlOverviewClient.tsx,30,fallback router.push call; source CTA may be nearby
generated.apps.web.app.locale.dashboard.portfolio.PortfolioControlOverviewClient.tsx.router-push.31,button,,/{locale}/portfolio,router.push(`aftercare ${signals.activeAftercareCount}`),apps/web/app/[locale]/(dashboard)/portfolio/PortfolioControlOverviewClient.tsx,31,fallback router.push call; source CTA may be nearby
generated.apps.web.app.locale.dashboard.portfolio.PortfolioControlOverviewClient.tsx.router-push.32,button,,/{locale}/portfolio,"router.push(`${tDetail(""handover"")} ${signals.handoverBlockerCount}`)",apps/web/app/[locale]/(dashboard)/portfolio/PortfolioControlOverviewClient.tsx,32,fallback router.push call; source CTA may be nearby
generated.apps.web.app.locale.dashboard.portfolio.PortfolioControlOverviewClient.tsx.router-push.33,button,,/{locale}/portfolio,"router.push(tDetail(""overBudget""))",apps/web/app/[locale]/(dashboard)/portfolio/PortfolioControlOverviewClient.tsx,33,fallback router.push call; source CTA may be nearby
generated.apps.web.app.locale.dashboard.portfolio.PortfolioControlOverviewClient.tsx.router-push.34,button,,/{locale}/portfolio,"router.push(tDetail(""budgetPressure""))",apps/web/app/[locale]/(dashboard)/portfolio/PortfolioControlOverviewClient.tsx,34,fallback router.push call; source CTA may be nearby
generated.apps.web.app.locale.dashboard.portfolio.PortfolioControlOverviewClient.tsx.94,button,tDetail(all),/{locale}/portfolio,"() => setFilter(""all"")",apps/web/app/[locale]/(dashboard)/portfolio/PortfolioControlOverviewClient.tsx,94,generated id; no data-testid
generated.apps.web.app.locale.dashboard.portfolio.PortfolioControlOverviewClient.tsx.fallback.97,button,,/{locale}/portfolio,onClick=,apps/web/app/[locale]/(dashboard)/portfolio/PortfolioControlOverviewClient.tsx,97,fallback text scan
generated.apps.web.app.locale.dashboard.portfolio.PortfolioControlOverviewClient.tsx.101,button,tDetail(critical) ( d.distribution.critical ),/{locale}/portfolio,"() => setFilter(""critical"")",apps/web/app/[locale]/(dashboard)/portfolio/PortfolioControlOverviewClient.tsx,101,generated id; no data-testid
generated.apps.web.app.locale.dashboard.portfolio.PortfolioControlOverviewClient.tsx.fallback.104,button,,/{locale}/portfolio,onClick=,apps/web/app/[locale]/(dashboard)/portfolio/PortfolioControlOverviewClient.tsx,104,fallback text scan
generated.apps.web.app.locale.dashboard.portfolio.PortfolioControlOverviewClient.tsx.108,button,tDetail(attention) ( d.distribution.attention ),/{locale}/portfolio,"() => setFilter(""attention"")",apps/web/app/[locale]/(dashboard)/portfolio/PortfolioControlOverviewClient.tsx,108,generated id; no data-testid
generated.apps.web.app.locale.dashboard.portfolio.PortfolioControlOverviewClient.tsx.fallback.111,button,,/{locale}/portfolio,onClick=,apps/web/app/[locale]/(dashboard)/portfolio/PortfolioControlOverviewClient.tsx,111,fallback text scan
generated.apps.web.app.locale.dashboard.portfolio.PortfolioControlOverviewClient.tsx.115,button,tDetail(healthy) ( d.distribution.healthy ),/{locale}/portfolio,"() => setFilter(""healthy"")",apps/web/app/[locale]/(dashboard)/portfolio/PortfolioControlOverviewClient.tsx,115,generated id; no data-testid
generated.apps.web.app.locale.dashboard.portfolio.PortfolioControlOverviewClient.tsx.fallback.118,button,,/{locale}/portfolio,onClick=,apps/web/app/[locale]/(dashboard)/portfolio/PortfolioControlOverviewClient.tsx,118,fallback text scan
generated.apps.web.app.locale.dashboard.portfolio.PortfolioControlOverviewClient.tsx.149,Link,p.name,/{locale}/portfolio,p.projectHref,apps/web/app/[locale]/(dashboard)/portfolio/PortfolioControlOverviewClient.tsx,149,generated id; no data-testid
generated.apps.web.app.locale.dashboard.portfolio.PortfolioControlOverviewClient.tsx.166,Link,tDetail(openFocusArea),/{locale}/portfolio,"drilldownHrefForCategory(p.id, p.topBlockerCategory)",apps/web/app/[locale]/(dashboard)/portfolio/PortfolioControlOverviewClient.tsx,166,generated id; no data-testid
generated.apps.web.app.locale.dashboard.portfolio.PortfolioOverview.tsx.57,Link,p.projectName,/{locale}/portfolio,`/projects/${p.projectId}`,apps/web/app/[locale]/(dashboard)/portfolio/PortfolioOverview.tsx,57,generated id; no data-testid
generated.apps.web.app.locale.dashboard.portfolio.PortfolioReviewPackSection.tsx.65,Link,tDetail(openGovernance),/{locale}/portfolio,/dashboard/governance,apps/web/app/[locale]/(dashboard)/portfolio/PortfolioReviewPackSection.tsx,65,generated id; no data-testid
generated.apps.web.app.locale.dashboard.portfolio.PortfolioReviewPackSection.tsx.90,Link,p.name,/{locale}/portfolio,p.projectHref,apps/web/app/[locale]/(dashboard)/portfolio/PortfolioReviewPackSection.tsx,90,generated id; no data-testid
generated.apps.web.app.locale.dashboard.portfolio.PortfolioReviewPackSection.tsx.107,Link,p.name,/{locale}/portfolio,p.projectHref,apps/web/app/[locale]/(dashboard)/portfolio/PortfolioReviewPackSection.tsx,107,generated id; no data-testid
generated.apps.web.app.locale.dashboard.projects.id.ai.ProjectAIHeaderClient.tsx.24,Link,tDetail(backToProject),/{locale}/projects/:id/ai,`/projects/${projectId}`,apps/web/app/[locale]/(dashboard)/projects/[id]/ai/ProjectAIHeaderClient.tsx,24,generated id; no data-testid
generated.apps.web.app.locale.dashboard.projects.id.page.tsx.router-push.165,button,,/{locale}/projects/:id,"router.push({
      completion_percent: a.completion_percent,
      created_at: a.created_at,
    })",apps/web/app/[locale]/(dashboard)/projects/[id]/page.tsx,165,fallback router.push call; source CTA may be nearby
generated.apps.web.app.locale.dashboard.projects.id.page.tsx.321,Link,← tProjects(backToProjects),/{locale}/projects/:id,/projects,apps/web/app/[locale]/(dashboard)/projects/[id]/page.tsx,321,generated id; no data-testid
generated.apps.web.app.locale.dashboard.projects.CreateProjectForm.tsx.router-push.52,button,,/{locale}/projects,router.push(`/projects/${id}`),apps/web/app/[locale]/(dashboard)/projects/CreateProjectForm.tsx,52,fallback router.push call; source CTA may be nearby
generated.apps.web.app.locale.dashboard.projects.CreateProjectForm.tsx.75,formSubmit,loading ? t(creating) : t(create),/{locale}/projects,form submit,apps/web/app/[locale]/(dashboard)/projects/CreateProjectForm.tsx,75,generated id; no data-testid
generated.apps.web.app.locale.dashboard.projects.JobListPolling.tsx.108,button,Retry,/{locale}/projects,"() => {
              setPollingNetworkError(false);
              setRetryTrigger((t) => t + 1);
            }",apps/web/app/[locale]/(dashboard)/projects/JobListPolling.tsx,108,generated id; no data-testid
generated.apps.web.app.locale.dashboard.projects.JobListPolling.tsx.fallback.110,button,,/{locale}/projects,onClick=,apps/web/app/[locale]/(dashboard)/projects/JobListPolling.tsx,110,fallback text scan
generated.apps.web.app.locale.dashboard.projects.MediaAnalysisRow.tsx.117,button,t(resumePolling),/{locale}/projects,() => onResumePolling(),apps/web/app/[locale]/(dashboard)/projects/MediaAnalysisRow.tsx,117,generated id; no data-testid
generated.apps.web.app.locale.dashboard.projects.MediaAnalysisRow.tsx.fallback.119,button,,/{locale}/projects,onClick=,apps/web/app/[locale]/(dashboard)/projects/MediaAnalysisRow.tsx,119,fallback text scan
generated.apps.web.app.locale.dashboard.projects.new.page.tsx.9,Link,t(backToProjects),/{locale}/projects/new,/projects,apps/web/app/[locale]/(dashboard)/projects/new/page.tsx,9,generated id; no data-testid
generated.apps.web.app.locale.dashboard.projects.NextActions.tsx.160,Link,getNextActionCtaLabel(action.title) →,/{locale}/projects,"getNextActionHref(projectId, action.title)",apps/web/app/[locale]/(dashboard)/projects/NextActions.tsx,160,generated id; no data-testid
generated.apps.web.app.locale.dashboard.projects.NextActions.tsx.171,Link,Full intelligence tab →,/{locale}/projects,`/dashboard/projects/${projectId}?tab=intelligence`,apps/web/app/[locale]/(dashboard)/projects/NextActions.tsx,171,generated id; no data-testid
generated.apps.web.app.locale.dashboard.projects.ProjectsListClient.tsx.112,Link,t(open),/{locale}/projects,`/projects/${p.id}`,apps/web/app/[locale]/(dashboard)/projects/ProjectsListClient.tsx,112,generated id; no data-testid
generated.apps.web.app.locale.dashboard.projects.TriggerAnalysisButton.tsx.77,button,buttonLabel,/{locale}/projects,handleClick,apps/web/app/[locale]/(dashboard)/projects/TriggerAnalysisButton.tsx,77,generated id; no data-testid
generated.apps.web.app.locale.dashboard.projects.TriggerAnalysisButton.tsx.fallback.79,button,,/{locale}/projects,onClick=,apps/web/app/[locale]/(dashboard)/projects/TriggerAnalysisButton.tsx,79,fallback text scan
generated.apps.web.app.locale.dashboard.team.TeamPageClient.tsx.132,formSubmit,loading ? … : t(invite),/{locale}/team,form submit,apps/web/app/[locale]/(dashboard)/team/TeamPageClient.tsx,132,generated id; no data-testid
generated.apps.web.app.locale.dashboard.team.TeamPageClient.tsx.138,button,t(copyLink),/{locale}/team,copyLink,apps/web/app/[locale]/(dashboard)/team/TeamPageClient.tsx,138,generated id; no data-testid
generated.apps.web.app.locale.dashboard.team.TeamPageClient.tsx.160,button,revoking === m.user_id ? … : t(revoke),/{locale}/team,() => handleRevoke(m.user_id),apps/web/app/[locale]/(dashboard)/team/TeamPageClient.tsx,160,generated id; no data-testid
generated.apps.web.app.locale.dashboard.team.TeamPageClient.tsx.fallback.162,button,,/{locale}/team,onClick=,apps/web/app/[locale]/(dashboard)/team/TeamPageClient.tsx,162,fallback text scan
generated.apps.web.components.ai.AiActionPanel.tsx.195,iconButton,t === summary ? tDetail(executiveSummary) : t === explain_risk ? tDetail(explainRisk) : tDetail(copilotChat),dashboard-shared,() => setTab(t),apps/web/components/ai/AiActionPanel.tsx,195,generated id; no data-testid
generated.apps.web.components.ai.AiActionPanel.tsx.fallback.207,button,,dashboard-shared,onClick=,apps/web/components/ai/AiActionPanel.tsx,207,fallback text scan
generated.apps.web.components.ai.AiActionPanel.tsx.253,button,isPending ? tDetail(running) : tDetail(run),dashboard-shared,run,apps/web/components/ai/AiActionPanel.tsx,253,generated id; no data-testid
generated.apps.web.components.ai.AiErrorBanner.tsx.58,button,tDetail(retry),dashboard-shared,onRetry,apps/web/components/ai/AiErrorBanner.tsx,58,generated id; no data-testid
generated.apps.web.components.ai.AiErrorBanner.tsx.fallback.60,button,,dashboard-shared,onClick=,apps/web/components/ai/AiErrorBanner.tsx,60,fallback text scan
generated.apps.web.components.ai.AiStatusBanner.tsx.21,button,Retry,dashboard-shared,onRetry,apps/web/components/ai/AiStatusBanner.tsx,21,generated id; no data-testid
generated.apps.web.components.ai.AiStatusBanner.tsx.fallback.23,button,,dashboard-shared,onClick=,apps/web/components/ai/AiStatusBanner.tsx,23,fallback text scan
generated.apps.web.components.ai.CopyRequestIdButton.tsx.24,iconButton,copied ? tCommon(copied) : tDetail(copyRequestId),dashboard-shared,handleCopy,apps/web/components/ai/CopyRequestIdButton.tsx,24,generated id; no data-testid
generated.apps.web.components.ai.CopyRequestIdButton.tsx.fallback.26,button,,dashboard-shared,onClick=,apps/web/components/ai/CopyRequestIdButton.tsx,26,fallback text scan
generated.apps.web.components.ai.LowConfidenceNotice.tsx.24,button,expanded ? tDetail(hide) : tDetail(whyThisHappened),dashboard-shared,() => setExpanded((e) => !e),apps/web/components/ai/LowConfidenceNotice.tsx,24,generated id; no data-testid
generated.apps.web.components.ai.LowConfidenceNotice.tsx.fallback.26,button,,dashboard-shared,onClick=,apps/web/components/ai/LowConfidenceNotice.tsx,26,fallback text scan
generated.apps.web.components.ai.LowConfidenceNotice.tsx.34,button,tDetail(suggestFollowUpQuestion),dashboard-shared,"() => onSuggestFollowUp(tDetail(""followUpTemplate""))",apps/web/components/ai/LowConfidenceNotice.tsx,34,generated id; no data-testid
generated.apps.web.components.ai.LowConfidenceNotice.tsx.fallback.36,button,,dashboard-shared,onClick=,apps/web/components/ai/LowConfidenceNotice.tsx,36,fallback text scan
generated.apps.web.components.approvals.ReportApprovalCard.tsx.50,button,tDetail(approve),dashboard-shared,"() => handleReview(""approved"")",apps/web/components/approvals/ReportApprovalCard.tsx,50,generated id; no data-testid
generated.apps.web.components.approvals.ReportApprovalCard.tsx.fallback.53,button,,dashboard-shared,onClick=,apps/web/components/approvals/ReportApprovalCard.tsx,53,fallback text scan
generated.apps.web.components.approvals.ReportApprovalCard.tsx.58,button,tDetail(reject),dashboard-shared,"() => handleReview(""rejected"")",apps/web/components/approvals/ReportApprovalCard.tsx,58,generated id; no data-testid
generated.apps.web.components.approvals.ReportApprovalCard.tsx.fallback.61,button,,dashboard-shared,onClick=,apps/web/components/approvals/ReportApprovalCard.tsx,61,fallback text scan
generated.apps.web.components.approvals.ReportApprovalCard.tsx.66,button,tDetail(requestChanges),dashboard-shared,"() => handleReview(""changes_requested"")",apps/web/components/approvals/ReportApprovalCard.tsx,66,generated id; no data-testid
generated.apps.web.components.approvals.ReportApprovalCard.tsx.fallback.69,button,,dashboard-shared,onClick=,apps/web/components/approvals/ReportApprovalCard.tsx,69,fallback text scan
generated.apps.web.components.brand.Logo.tsx.40,Link,LOGO_ALT,dashboard-shared,href,apps/web/components/brand/Logo.tsx,40,generated id; no data-testid
generated.apps.web.components.cockpit.FilterBar.tsx.198,button,tDetail(saveCurrent),dashboard-shared,saveCurrentView,apps/web/components/cockpit/FilterBar.tsx,198,generated id; no data-testid
generated.apps.web.components.cockpit.FilterBar.tsx.fallback.200,button,,dashboard-shared,onClick=,apps/web/components/cockpit/FilterBar.tsx,200,fallback text scan
cta.dashboard.nav.overview,Link,,dashboard-shared,/dashboard,apps/web/components/DashboardShell.tsx,12,synthetic from SIDEBAR_LINKS (use literal data-testid in JSX when you need AST-only inventory)
cta.dashboard.nav.tasks,Link,,dashboard-shared,/dashboard/tasks,apps/web/components/DashboardShell.tsx,14,synthetic from SIDEBAR_LINKS (use literal data-testid in JSX when you need AST-only inventory)
cta.dashboard.nav.workers,Link,,dashboard-shared,/dashboard/workers,apps/web/components/DashboardShell.tsx,15,synthetic from SIDEBAR_LINKS (use literal data-testid in JSX when you need AST-only inventory)
cta.dashboard.nav.reports,Link,,dashboard-shared,/dashboard/reports,apps/web/components/DashboardShell.tsx,16,synthetic from SIDEBAR_LINKS (use literal data-testid in JSX when you need AST-only inventory)
cta.dashboard.nav.approvals,Link,,dashboard-shared,/dashboard/approvals,apps/web/components/DashboardShell.tsx,17,synthetic from SIDEBAR_LINKS (use literal data-testid in JSX when you need AST-only inventory)
cta.dashboard.nav.uploads,Link,,dashboard-shared,/dashboard/uploads,apps/web/components/DashboardShell.tsx,18,synthetic from SIDEBAR_LINKS (use literal data-testid in JSX when you need AST-only inventory)
cta.dashboard.nav.devices,Link,,dashboard-shared,/dashboard/devices,apps/web/components/DashboardShell.tsx,19,synthetic from SIDEBAR_LINKS (use literal data-testid in JSX when you need AST-only inventory)
cta.dashboard.nav.ai,Link,,dashboard-shared,/dashboard/ai,apps/web/components/DashboardShell.tsx,20,synthetic from SIDEBAR_LINKS (use literal data-testid in JSX when you need AST-only inventory)
cta.dashboard.nav.alerts,Link,,dashboard-shared,/dashboard/alerts,apps/web/components/DashboardShell.tsx,21,synthetic from SIDEBAR_LINKS (use literal data-testid in JSX when you need AST-only inventory)
generated.apps.web.components.DashboardShell.tsx.fallback.63,button,,dashboard-shared,onClick=,apps/web/components/DashboardShell.tsx,63,fallback text scan
cta.dashboard.nav.projects,Link,t(key),dashboard-shared,href,apps/web/components/DashboardShell.tsx,69,
generated.apps.web.components.DashboardShell.tsx.fallback.71,Link,,dashboard-shared,href=,apps/web/components/DashboardShell.tsx,71,fallback text scan
generated.apps.web.components.DashboardShell.tsx.fallback.73,button,,dashboard-shared,data-testid=,apps/web/components/DashboardShell.tsx,73,fallback text scan
cta.dashboard.nav.admin.push,Link,t(key),dashboard-shared,href,apps/web/components/DashboardShell.tsx,99,
generated.apps.web.components.DashboardShell.tsx.fallback.101,Link,,dashboard-shared,href=,apps/web/components/DashboardShell.tsx,101,fallback text scan
generated.apps.web.components.DashboardShell.tsx.fallback.103,button,,dashboard-shared,data-testid=,apps/web/components/DashboardShell.tsx,103,fallback text scan
cta.dashboard.nav.admin.jobs,Link,t(key),dashboard-shared,href,apps/web/components/DashboardShell.tsx,113,
generated.apps.web.components.DashboardShell.tsx.fallback.115,Link,,dashboard-shared,href=,apps/web/components/DashboardShell.tsx,115,fallback text scan
generated.apps.web.components.DashboardShell.tsx.fallback.117,button,,dashboard-shared,data-testid=,apps/web/components/DashboardShell.tsx,117,fallback text scan
generated.apps.web.components.DashboardShell.tsx.135,button,,dashboard-shared,closeSidebar,apps/web/components/DashboardShell.tsx,135,generated id; no data-testid
generated.apps.web.components.DashboardShell.tsx.fallback.139,button,,dashboard-shared,onClick=,apps/web/components/DashboardShell.tsx,139,fallback text scan
generated.apps.web.components.DashboardShell.tsx.148,iconButton,sidebarOpen ? t(closeMenu) : t(openMenu),dashboard-shared,() => setSidebarOpen((v) => !v),apps/web/components/DashboardShell.tsx,148,generated id; no data-testid
generated.apps.web.components.DashboardShell.tsx.fallback.150,button,,dashboard-shared,onClick=,apps/web/components/DashboardShell.tsx,150,fallback text scan
generated.apps.web.components.DashboardShell.tsx.217,Link,loc,dashboard-shared,pathname,apps/web/components/DashboardShell.tsx,217,generated id; no data-testid
generated.apps.web.components.DashboardShell.tsx.fallback.219,Link,,dashboard-shared,href=,apps/web/components/DashboardShell.tsx,219,fallback text scan
generated.apps.web.components.intelligence.AlertFeed.tsx.53,Link,d.contextLabel →,dashboard-shared,d.contextHref,apps/web/components/intelligence/AlertFeed.tsx,53,generated id; no data-testid
generated.apps.web.components.intelligence.AlertFeed.tsx.60,Link,d.contextHref ? d.anchoredListLabel : tDetail(openOnAlertsList),dashboard-shared,d.anchoredListHref,apps/web/components/intelligence/AlertFeed.tsx,60,generated id; no data-testid
generated.apps.web.components.intelligence.CopilotSummaryPanel.tsx.81,button,useCaseLabel[uc],dashboard-shared,() => setUseCase(uc),apps/web/components/intelligence/CopilotSummaryPanel.tsx,81,generated id; no data-testid
generated.apps.web.components.intelligence.CopilotSummaryPanel.tsx.fallback.84,button,,dashboard-shared,onClick=,apps/web/components/intelligence/CopilotSummaryPanel.tsx,84,fallback text scan
generated.apps.web.components.intelligence.EvidenceCoverageCard.tsx.40,Link,tDetail(openTask),dashboard-shared,`/dashboard/tasks/${s.taskId}`,apps/web/components/intelligence/EvidenceCoverageCard.tsx,40,generated id; no data-testid
generated.apps.web.components.intelligence.IntelligenceOperationalBanner.tsx.47,button,copied ? tDetail(copied) : tDetail(copyFullIdForAdmin),dashboard-shared,copyRef,apps/web/components/intelligence/IntelligenceOperationalBanner.tsx,47,generated id; no data-testid
generated.apps.web.components.intelligence.IntelligenceOperationalBanner.tsx.fallback.49,button,,dashboard-shared,onClick=,apps/web/components/intelligence/IntelligenceOperationalBanner.tsx,49,fallback text scan
generated.apps.web.components.intelligence.ManagerActionView.tsx.router-push.36,button,,dashboard-shared,"router.push({
      id: me.id,
      title: me.title,
      reason: me.explanation,
      source: ""missing_evidence"",
      priority: me.severity,
      href,
      projectId,
      nextStep: me.recommendedAction,
    })",apps/web/components/intelligence/ManagerActionView.tsx,36,fallback router.push call; source CTA may be nearby
generated.apps.web.components.intelligence.ManagerActionView.tsx.router-push.53,button,,dashboard-shared,"router.push({
      id: r.id,
      title: `#${r.rank} ${r.title}`,
      reason: r.explanation,
      source: ""top_risk"",
      priority: r.severity,
      href,
      projectId,
      nextStep: r.recommendedAction,
    })",apps/web/components/intelligence/ManagerActionView.tsx,53,fallback router.push call; source CTA may be nearby
generated.apps.web.components.intelligence.ManagerActionView.tsx.router-push.70,button,,dashboard-shared,"router.push({
      id: rec.id,
      title: rec.title,
      reason: rec.description ?? rec.title,
      source: ""recommendation"",
      priority: rec.priority,
      href,
      projectId: rec.projectId,
    })",apps/web/components/intelligence/ManagerActionView.tsx,70,fallback router.push call; source CTA may be nearby
generated.apps.web.components.intelligence.ManagerActionView.tsx.router-push.84,button,,dashboard-shared,"router.push({
        id: `exec-${i}`,
        title: execActions[i],
        reason: ""FROM_EXECUTIVE_SUMMARY"",
        source: ""executive"",
        priority: ""medium"",
        href: `/dashboard/projects/${projectId}`,
        projectId,
      })",apps/web/components/intelligence/ManagerActionView.tsx,84,fallback router.push call; source CTA may be nearby
generated.apps.web.components.intelligence.ManagerActionView.tsx.129,Link,tDetail(viewProjectArrow),dashboard-shared,`/dashboard/projects/${projectId}`,apps/web/components/intelligence/ManagerActionView.tsx,129,generated id; no data-testid
generated.apps.web.components.intelligence.ManagerActionView.tsx.170,Link,tDetail(actArrow),dashboard-shared,a.href,apps/web/components/intelligence/ManagerActionView.tsx,170,generated id; no data-testid
generated.apps.web.components.intelligence.RecommendationList.tsx.50,Link,tDetail(openRelated),dashboard-shared,href,apps/web/components/intelligence/RecommendationList.tsx,50,generated id; no data-testid
generated.apps.web.components.intelligence.RiskList.tsx.48,Link,tDetail(openRelated),dashboard-shared,href,apps/web/components/intelligence/RiskList.tsx,48,generated id; no data-testid
generated.apps.web.components.Nav.tsx.30,Link,Aistroyka,dashboard-shared,/dashboard,apps/web/components/Nav.tsx,30,generated id; no data-testid
generated.apps.web.components.Nav.tsx.fallback.33,button,,dashboard-shared,onClick=,apps/web/components/Nav.tsx,33,fallback text scan
generated.apps.web.components.Nav.tsx.43,Link,t(key),dashboard-shared,href,apps/web/components/Nav.tsx,43,generated id; no data-testid
generated.apps.web.components.Nav.tsx.fallback.45,Link,,dashboard-shared,href=,apps/web/components/Nav.tsx,45,fallback text scan
generated.apps.web.components.Nav.tsx.68,iconButton,mobileOpen ? t(closeMenu) : t(openMenu),dashboard-shared,() => setMobileOpen((v) => !v),apps/web/components/Nav.tsx,68,generated id; no data-testid
generated.apps.web.components.Nav.tsx.fallback.70,button,,dashboard-shared,onClick=,apps/web/components/Nav.tsx,70,fallback text scan
generated.apps.web.components.Nav.tsx.101,Link,t(key),dashboard-shared,href,apps/web/components/Nav.tsx,101,generated id; no data-testid
generated.apps.web.components.Nav.tsx.fallback.103,button,,dashboard-shared,onClick=,apps/web/components/Nav.tsx,103,fallback text scan
generated.apps.web.components.Nav.tsx.128,Link,loc,dashboard-shared,pathname,apps/web/components/Nav.tsx,128,generated id; no data-testid
generated.apps.web.components.Nav.tsx.fallback.130,Link,,dashboard-shared,href=,apps/web/components/Nav.tsx,130,fallback text scan
generated.apps.web.components.NavLogout.tsx.router-push.14,button,,dashboard-shared,"router.push(""/login"")",apps/web/components/NavLogout.tsx,14,fallback router.push call; source CTA may be nearby
generated.apps.web.components.NavLogout.tsx.19,button,t(logout),dashboard-shared,handleLogout,apps/web/components/NavLogout.tsx,19,generated id; no data-testid
generated.apps.web.components.NavLogout.tsx.fallback.21,button,,dashboard-shared,onClick=,apps/web/components/NavLogout.tsx,21,fallback text scan
generated.apps.web.components.NotificationBadge.tsx.21,Link,count > 0 ? $count unread notifications : Notifications,dashboard-shared,/dashboard/notifications,apps/web/components/NotificationBadge.tsx,21,generated id; no data-testid
generated.apps.web.components.onboarding.DemoProjectCard.tsx.77,Link,Create your first project →,dashboard-shared,/projects/new,apps/web/components/onboarding/DemoProjectCard.tsx,77,generated id; no data-testid
generated.apps.web.components.onboarding.FirstValueBanner.tsx.37,Link,Open AI insights →,dashboard-shared,href,apps/web/components/onboarding/FirstValueBanner.tsx,37,generated id; no data-testid
generated.apps.web.components.onboarding.GetStartedPanel.tsx.78,Link,labelKey === createProject && Create project labelKey === inviteTeam && Invite team labelKey === addTask && Add first task labelKey === uploadReport && Upload f,dashboard-shared,href,apps/web/components/onboarding/GetStartedPanel.tsx,78,generated id; no data-testid
generated.apps.web.components.onboarding.OnboardingWizard.tsx.60,button,t(companyType_$type),dashboard-shared,() => setCompanyType(type),apps/web/components/onboarding/OnboardingWizard.tsx,60,generated id; no data-testid
generated.apps.web.components.onboarding.OnboardingWizard.tsx.fallback.63,button,,dashboard-shared,onClick=,apps/web/components/onboarding/OnboardingWizard.tsx,63,fallback text scan
generated.apps.web.components.onboarding.OnboardingWizard.tsx.82,Link,,dashboard-shared,/projects/new,apps/web/components/onboarding/OnboardingWizard.tsx,82,generated id; no data-testid
generated.apps.web.components.onboarding.OnboardingWizard.tsx.83,button,t(createProject),dashboard-shared,,apps/web/components/onboarding/OnboardingWizard.tsx,83,generated id; no data-testid
generated.apps.web.components.onboarding.OnboardingWizard.tsx.93,Link,,dashboard-shared,/team,apps/web/components/onboarding/OnboardingWizard.tsx,93,generated id; no data-testid
generated.apps.web.components.onboarding.OnboardingWizard.tsx.94,button,t(inviteTeam),dashboard-shared,,apps/web/components/onboarding/OnboardingWizard.tsx,94,generated id; no data-testid
generated.apps.web.components.onboarding.OnboardingWizard.tsx.104,Link,,dashboard-shared,/dashboard/projects,apps/web/components/onboarding/OnboardingWizard.tsx,104,generated id; no data-testid
generated.apps.web.components.onboarding.OnboardingWizard.tsx.105,button,t(openProjects),dashboard-shared,,apps/web/components/onboarding/OnboardingWizard.tsx,105,generated id; no data-testid
generated.apps.web.components.onboarding.OnboardingWizard.tsx.111,button,t(back),dashboard-shared,back,apps/web/components/onboarding/OnboardingWizard.tsx,111,generated id; no data-testid
generated.apps.web.components.onboarding.OnboardingWizard.tsx.115,button,t(next),dashboard-shared,next,apps/web/components/onboarding/OnboardingWizard.tsx,115,generated id; no data-testid
generated.apps.web.components.onboarding.OnboardingWizard.tsx.119,button,t(finish),dashboard-shared,next,apps/web/components/onboarding/OnboardingWizard.tsx,119,generated id; no data-testid
generated.apps.web.components.onboarding.plan.fit.ContinueWorkspaceSetupScreen.tsx.82,Link,,dashboard-shared,step.route,apps/web/components/onboarding/plan-fit/ContinueWorkspaceSetupScreen.tsx,82,generated id; no data-testid
generated.apps.web.components.onboarding.plan.fit.ContinueWorkspaceSetupScreen.tsx.83,button,t(getStepButtonLabelKey(step.key)),dashboard-shared,,apps/web/components/onboarding/plan-fit/ContinueWorkspaceSetupScreen.tsx,83,generated id; no data-testid
generated.apps.web.components.onboarding.plan.fit.ContinueWorkspaceSetupScreen.tsx.95,Link,,dashboard-shared,cta.href,apps/web/components/onboarding/plan-fit/ContinueWorkspaceSetupScreen.tsx,95,generated id; no data-testid
generated.apps.web.components.onboarding.plan.fit.ContinueWorkspaceSetupScreen.tsx.96,button,cta.isOpenDashboard ? t(openDashboard) : t(cta.labelKey),dashboard-shared,,apps/web/components/onboarding/plan-fit/ContinueWorkspaceSetupScreen.tsx,96,generated id; no data-testid
generated.apps.web.components.onboarding.plan.fit.InconsistentStateScreen.tsx.18,button,t(retry),dashboard-shared,onRetry,apps/web/components/onboarding/plan-fit/InconsistentStateScreen.tsx,18,generated id; no data-testid
generated.apps.web.components.onboarding.plan.fit.InconsistentStateScreen.tsx.21,Link,t(openDashboard),dashboard-shared,/dashboard,apps/web/components/onboarding/plan-fit/InconsistentStateScreen.tsx,21,generated id; no data-testid
generated.apps.web.components.onboarding.plan.fit.OpenDashboardScreen.tsx.18,Link,,dashboard-shared,/dashboard,apps/web/components/onboarding/plan-fit/OpenDashboardScreen.tsx,18,generated id; no data-testid
generated.apps.web.components.onboarding.plan.fit.OpenDashboardScreen.tsx.19,button,t(openDashboard),dashboard-shared,,apps/web/components/onboarding/plan-fit/OpenDashboardScreen.tsx,19,generated id; no data-testid
generated.apps.web.components.onboarding.plan.fit.PlanFitInputForm.tsx.90,button,t(personaType_$opt),dashboard-shared,() => setPersonaType(opt),apps/web/components/onboarding/plan-fit/PlanFitInputForm.tsx,90,generated id; no data-testid
generated.apps.web.components.onboarding.plan.fit.PlanFitInputForm.tsx.fallback.93,button,,dashboard-shared,onClick=,apps/web/components/onboarding/plan-fit/PlanFitInputForm.tsx,93,fallback text scan
generated.apps.web.components.onboarding.plan.fit.PlanFitInputForm.tsx.146,button,t(priority_$opt),dashboard-shared,() => togglePriority(opt),apps/web/components/onboarding/plan-fit/PlanFitInputForm.tsx,146,generated id; no data-testid
generated.apps.web.components.onboarding.plan.fit.PlanFitInputForm.tsx.fallback.149,button,,dashboard-shared,onClick=,apps/web/components/onboarding/plan-fit/PlanFitInputForm.tsx,149,fallback text scan
generated.apps.web.components.onboarding.plan.fit.PlanFitInputForm.tsx.189,button,t(startMode_$opt),dashboard-shared,() => setStartMode(opt),apps/web/components/onboarding/plan-fit/PlanFitInputForm.tsx,189,generated id; no data-testid
generated.apps.web.components.onboarding.plan.fit.PlanFitInputForm.tsx.fallback.192,button,,dashboard-shared,onClick=,apps/web/components/onboarding/plan-fit/PlanFitInputForm.tsx,192,fallback text scan
generated.apps.web.components.onboarding.plan.fit.PlanFitInputForm.tsx.211,formSubmit,isSubmitting ? t(submitting) : t(submit),dashboard-shared,form submit,apps/web/components/onboarding/plan-fit/PlanFitInputForm.tsx,211,generated id; no data-testid
generated.apps.web.components.onboarding.plan.fit.ReviewRecommendationScreen.tsx.46,button,t(selectRecommended),dashboard-shared,() => onSelectRecommended(),apps/web/components/onboarding/plan-fit/ReviewRecommendationScreen.tsx,46,generated id; no data-testid
generated.apps.web.components.onboarding.plan.fit.ReviewRecommendationScreen.tsx.fallback.48,button,,dashboard-shared,onClick=,apps/web/components/onboarding/plan-fit/ReviewRecommendationScreen.tsx,48,fallback text scan
generated.apps.web.components.onboarding.plan.fit.ReviewRecommendationScreen.tsx.60,button,t(planCode_$code),dashboard-shared,() => onSelectAlternative(code as PlanCode),apps/web/components/onboarding/plan-fit/ReviewRecommendationScreen.tsx,60,generated id; no data-testid
generated.apps.web.components.onboarding.plan.fit.ReviewRecommendationScreen.tsx.fallback.63,button,,dashboard-shared,onClick=,apps/web/components/onboarding/plan-fit/ReviewRecommendationScreen.tsx,63,fallback text scan
generated.apps.web.components.onboarding.plan.fit.SelectPlanScreen.tsx.36,button,t(planCode_$code),dashboard-shared,() => onSelect(code as PlanCode),apps/web/components/onboarding/plan-fit/SelectPlanScreen.tsx,36,generated id; no data-testid
generated.apps.web.components.onboarding.plan.fit.SelectPlanScreen.tsx.fallback.39,button,,dashboard-shared,onClick=,apps/web/components/onboarding/plan-fit/SelectPlanScreen.tsx,39,fallback text scan
generated.apps.web.components.plan.fit.AvailableWithHigherPlans.tsx.50,Link,item.ctaLabel,dashboard-shared,item.ctaTargetRoute,apps/web/components/plan-fit/AvailableWithHigherPlans.tsx,50,generated id; no data-testid
generated.apps.web.components.plan.fit.CurrentPlanSurface.tsx.74,Link,Review available plans,dashboard-shared,targetRoute,apps/web/components/plan-fit/CurrentPlanSurface.tsx,74,generated id; no data-testid
generated.apps.web.components.plan.fit.FeatureUpgradePromptCard.tsx.27,Link,ctaLabel,dashboard-shared,ctaTargetRoute,apps/web/components/plan-fit/FeatureUpgradePromptCard.tsx,27,generated id; no data-testid
generated.apps.web.components.plan.fit.InlineUpgradeHint.tsx.36,Link,ctaLabel,dashboard-shared,ctaTargetRoute,apps/web/components/plan-fit/InlineUpgradeHint.tsx,36,generated id; no data-testid
generated.apps.web.components.plan.fit.PlanBadge.tsx.21,Link,tDetail(viewPlanAndLimits),dashboard-shared,/billing,apps/web/components/plan-fit/PlanBadge.tsx,21,generated id; no data-testid
generated.apps.web.components.projects.ProjectAttentionBlock.tsx.50,Link,,dashboard-shared,item.route,apps/web/components/projects/ProjectAttentionBlock.tsx,50,generated id; no data-testid
generated.apps.web.components.projects.ProjectTimelineBlock.tsx.54,Link,item.description && ( <p className=mt-0.5 text-xs text-aistroyka-text-secondary> item.description </p> ),dashboard-shared,item.targetUrl ?? `/dashboard/projects/${item.projectId}`,apps/web/components/projects/ProjectTimelineBlock.tsx,54,generated id; no data-testid
generated.apps.web.components.projects.ProjectTraceabilityBlock.tsx.66,Link,item.summary ? ( <p className=mt-0.5 text-xs text-aistroyka-text-secondary>item.summary</p> ) : null item.reasonNote ? ( <p className=mt-1 text-xs text-aistroyk,dashboard-shared,"item.targetUrl ?? ""#""",apps/web/components/projects/ProjectTraceabilityBlock.tsx,66,generated id; no data-testid
generated.apps.web.components.projects.StakeholderActivityBlock.tsx.70,Link,item.description ? ( <p className=mt-0.5 text-xs text-aistroyka-text-secondary>item.description</p> ) : null item.actionNeeded ? ( <p className=mt-1 text-xs fon,dashboard-shared,item.targetUrl ?? `/dashboard/projects/${item.projectId}/client`,apps/web/components/projects/StakeholderActivityBlock.tsx,70,generated id; no data-testid
generated.apps.web.components.public.PublicFooter.tsx.48,Link,AISTROYKA,dashboard-shared,/,apps/web/components/public/PublicFooter.tsx,48,generated id; no data-testid
generated.apps.web.components.public.PublicFooter.tsx.65,Link,t(key),dashboard-shared,href,apps/web/components/public/PublicFooter.tsx,65,generated id; no data-testid
generated.apps.web.components.public.PublicFooter.tsx.82,Link,t(key),dashboard-shared,href,apps/web/components/public/PublicFooter.tsx,82,generated id; no data-testid
generated.apps.web.components.public.PublicFooter.tsx.99,Link,t(key),dashboard-shared,href,apps/web/components/public/PublicFooter.tsx,99,generated id; no data-testid
generated.apps.web.components.public.PublicFooter.tsx.116,Link,t(key),dashboard-shared,href,apps/web/components/public/PublicFooter.tsx,116,generated id; no data-testid
generated.apps.web.components.public.PublicHeader.tsx.39,Link,AISTROYKA,dashboard-shared,/,apps/web/components/public/PublicHeader.tsx,39,generated id; no data-testid
generated.apps.web.components.public.PublicHeader.tsx.50,Link,t(key),dashboard-shared,href,apps/web/components/public/PublicHeader.tsx,50,generated id; no data-testid
generated.apps.web.components.public.PublicHeader.tsx.fallback.52,Link,,dashboard-shared,href=,apps/web/components/public/PublicHeader.tsx,52,fallback text scan
generated.apps.web.components.public.PublicHeader.tsx.66,Link,t(requestDemo),dashboard-shared,/contact,apps/web/components/public/PublicHeader.tsx,66,generated id; no data-testid
generated.apps.web.components.public.PublicHeader.tsx.72,Link,t(login),dashboard-shared,/login,apps/web/components/public/PublicHeader.tsx,72,generated id; no data-testid
generated.apps.web.components.public.PublicHeader.tsx.80,button,,dashboard-shared,() => setMobileMenuOpen((v) => !v),apps/web/components/public/PublicHeader.tsx,80,generated id; no data-testid
generated.apps.web.components.public.PublicHeader.tsx.fallback.85,button,,dashboard-shared,onClick=,apps/web/components/public/PublicHeader.tsx,85,fallback text scan
generated.apps.web.components.public.PublicHeader.tsx.105,Link,t(key),dashboard-shared,href,apps/web/components/public/PublicHeader.tsx,105,generated id; no data-testid
generated.apps.web.components.public.PublicHeader.tsx.fallback.107,Link,,dashboard-shared,href=,apps/web/components/public/PublicHeader.tsx,107,fallback text scan
generated.apps.web.components.public.PublicHeader.tsx.fallback.109,button,,dashboard-shared,onClick=,apps/web/components/public/PublicHeader.tsx,109,fallback text scan
generated.apps.web.components.public.PublicHeader.tsx.116,Link,t(key),dashboard-shared,href,apps/web/components/public/PublicHeader.tsx,116,generated id; no data-testid
generated.apps.web.components.public.PublicHeader.tsx.fallback.118,Link,,dashboard-shared,href=,apps/web/components/public/PublicHeader.tsx,118,fallback text scan
generated.apps.web.components.public.PublicHeader.tsx.fallback.120,button,,dashboard-shared,onClick=,apps/web/components/public/PublicHeader.tsx,120,fallback text scan
generated.apps.web.components.public.PublicHeader.tsx.126,Link,t(requestDemo),dashboard-shared,/contact,apps/web/components/public/PublicHeader.tsx,126,generated id; no data-testid
generated.apps.web.components.public.PublicHeader.tsx.fallback.129,button,,dashboard-shared,onClick=,apps/web/components/public/PublicHeader.tsx,129,fallback text scan
generated.apps.web.components.public.PublicHeader.tsx.133,Link,t(login),dashboard-shared,/login,apps/web/components/public/PublicHeader.tsx,133,generated id; no data-testid
generated.apps.web.components.public.PublicHeader.tsx.fallback.136,button,,dashboard-shared,onClick=,apps/web/components/public/PublicHeader.tsx,136,fallback text scan
generated.apps.web.components.ui.Alert.tsx.86,iconButton,tCommon(dismiss),dashboard-shared,onDismiss,apps/web/components/ui/Alert.tsx,86,generated id; no data-testid
generated.apps.web.components.ui.Alert.tsx.fallback.88,button,,dashboard-shared,onClick=,apps/web/components/ui/Alert.tsx,88,fallback text scan
generated.apps.web.components.ui.Button.tsx.52,iconButton,ariaLabel,dashboard-shared,onClick,apps/web/components/ui/Button.tsx,52,generated id; no data-testid
generated.apps.web.components.ui.Button.tsx.fallback.55,button,,dashboard-shared,onClick=,apps/web/components/ui/Button.tsx,55,fallback text scan
generated.apps.web.components.ui.Chip.tsx.38,iconButton,tCommon(remove),dashboard-shared,onRemove,apps/web/components/ui/Chip.tsx,38,generated id; no data-testid
generated.apps.web.components.ui.Chip.tsx.fallback.40,button,,dashboard-shared,onClick=,apps/web/components/ui/Chip.tsx,40,fallback text scan
generated.apps.web.components.ui.DateRangePicker.tsx.30,button,preset === 7d ? tDetail(sevenDays) : preset === 30d ? tDetail(thirtyDays) : tDetail(ninetyDays),dashboard-shared,() => onPreset(preset),apps/web/components/ui/DateRangePicker.tsx,30,generated id; no data-testid
generated.apps.web.components.ui.DateRangePicker.tsx.fallback.33,button,,dashboard-shared,onClick=,apps/web/components/ui/DateRangePicker.tsx,33,fallback text scan
generated.apps.web.components.ui.DropdownMenu.tsx.39,iconButton,ariaLabel,dashboard-shared,() => setOpen((v) => !v),apps/web/components/ui/DropdownMenu.tsx,39,generated id; no data-testid
generated.apps.web.components.ui.DropdownMenu.tsx.fallback.41,button,,dashboard-shared,onClick=,apps/web/components/ui/DropdownMenu.tsx,41,fallback text scan
generated.apps.web.components.ui.DropdownMenu.tsx.58,button,item.label,dashboard-shared,"() => {
                  item.onClick();
                  setOpen(false);
                }",apps/web/components/ui/DropdownMenu.tsx,58,generated id; no data-testid
generated.apps.web.components.ui.DropdownMenu.tsx.fallback.61,button,,dashboard-shared,onClick=,apps/web/components/ui/DropdownMenu.tsx,61,fallback text scan
generated.apps.web.components.ui.ErrorState.tsx.37,button,Retry,dashboard-shared,onRetry,apps/web/components/ui/ErrorState.tsx,37,generated id; no data-testid
generated.apps.web.components.ui.Modal.tsx.fallback.30,button,,dashboard-shared,onClick=,apps/web/components/ui/Modal.tsx,30,fallback text scan
generated.apps.web.components.ui.Modal.tsx.39,iconButton,tCommon(close),dashboard-shared,onClose,apps/web/components/ui/Modal.tsx,39,generated id; no data-testid
generated.apps.web.components.ui.Modal.tsx.fallback.41,button,,dashboard-shared,onClick=,apps/web/components/ui/Modal.tsx,41,fallback text scan
generated.apps.web.components.ui.TablePagination.tsx.55,iconButton,tDetail(previousPage),dashboard-shared,() => onPageChange(page - 1),apps/web/components/ui/TablePagination.tsx,55,generated id; no data-testid
generated.apps.web.components.ui.TablePagination.tsx.fallback.57,button,,dashboard-shared,onClick=,apps/web/components/ui/TablePagination.tsx,57,fallback text scan
generated.apps.web.components.ui.TablePagination.tsx.67,iconButton,tDetail(nextPage),dashboard-shared,() => onPageChange(page + 1),apps/web/components/ui/TablePagination.tsx,67,generated id; no data-testid
generated.apps.web.components.ui.TablePagination.tsx.fallback.69,button,,dashboard-shared,onClick=,apps/web/components/ui/TablePagination.tsx,69,fallback text scan
generated.apps.web.components.ui.Tabs.tsx.39,button,children,dashboard-shared,onSelect,apps/web/components/ui/Tabs.tsx,39,generated id; no data-testid
generated.apps.web.components.ui.Tabs.tsx.fallback.46,button,,dashboard-shared,onClick=,apps/web/components/ui/Tabs.tsx,46,fallback text scan
generated.apps.web.lib.ai.brain.mappers.task.signals.mapper.ts.router-push.60,button,,dashboard-shared,"router.push({
        taskId: t.id,
        projectId,
        type: ""blocked"",
        severity: daysOverdue > 7 ? ""high"" : ""medium"",
        dueDate,
        assignedTo: t.assigned_to ?? undefined,
        message: `Task ""${t.title}"" appears blocked: overdue ${daysOverdue} day(s), in progress, no report in ${BLOCKED_NO_REPORT_DAYS} days (inferred)`,
        at,
      })",apps/web/lib/ai-brain/mappers/task-signals.mapper.ts,60,fallback router.push call; source CTA may be nearby
generated.apps.web.lib.ai.brain.mappers.task.signals.mapper.ts.router-push.72,button,,dashboard-shared,"router.push({
        taskId: t.id,
        projectId,
        type: ""overdue"",
        severity: daysOverdue > 7 ? ""high"" : daysOverdue > 2 ? ""medium"" : ""low"",
        dueDate,
        assignedTo: t.assigned_to ?? undefined,
        message: `Task ""${t.title}"" is ${daysOverdue} day(s) overdue`,
        at,
      })",apps/web/lib/ai-brain/mappers/task-signals.mapper.ts,72,fallback router.push call; source CTA may be nearby
generated.apps.web.lib.ai.brain.mappers.task.signals.mapper.ts.router-push.83,button,,dashboard-shared,"router.push({
        taskId: t.id,
        projectId,
        type: ""on_track"",
        severity: ""low"",
        dueDate: t.due_date ?? undefined,
        assignedTo: t.assigned_to ?? undefined,
        message: `Task ""${t.title}"" on track`,
        at,
      })",apps/web/lib/ai-brain/mappers/task-signals.mapper.ts,83,fallback router.push call; source CTA may be nearby
generated.apps.web.lib.ai.brain.phase.a.orchestrator.orchestrator.service.ts.router-push.55,button,,dashboard-shared,router.push(`${toolId}_unavailable`),apps/web/lib/ai-brain/phase-a/orchestrator/orchestrator.service.ts,55,fallback router.push call; source CTA may be nearby
generated.apps.web.lib.ai.brain.phase.a.orchestrator.orchestrator.service.ts.router-push.86,button,,dashboard-shared,"router.push(""budget"")",apps/web/lib/ai-brain/phase-a/orchestrator/orchestrator.service.ts,86,fallback router.push call; source CTA may be nearby
generated.apps.web.lib.ai.brain.phase.a.orchestrator.orchestrator.service.ts.router-push.89,button,,dashboard-shared,"router.push(""schedule"")",apps/web/lib/ai-brain/phase-a/orchestrator/orchestrator.service.ts,89,fallback router.push call; source CTA may be nearby
generated.apps.web.lib.ai.brain.phase.a.orchestrator.orchestrator.service.ts.router-push.92,button,,dashboard-shared,router.push(...snapshot.snapshotWarnings),apps/web/lib/ai-brain/phase-a/orchestrator/orchestrator.service.ts,92,fallback router.push call; source CTA may be nearby
generated.apps.web.lib.ai.brain.phase.b.planner.action.planner.service.ts.router-push.57,button,,dashboard-shared,"router.push({
      actionId: nextActionId(),
      tenantId: snapshot.tenantId,
      projectId: snapshot.projectId,
      requestedBy: userId,
      mode,
      actionType,
      riskLevel: policyResult.riskLevel,
      requiresApproval: policyResult.requiresApproval,
      status: policyResult.requiresApproval ? ""pending_approval"" : ""draft_ready"",
      title,
      rationale,
      factsUsed,
      inferredReasoningSummary: inferredReasoning,
      targetEntityRefs: targetRefs,
      payload,
      availabilityFlags: { snapshot: true },
      warnings: policyResult.unavailableReason ? [policyResult.unavailableReason] : [],
      createdAt: at,
      provenance: { mode, runId, snapshotAt: snapshot.at },
    })",apps/web/lib/ai-brain/phase-b/planner/action-planner.service.ts,57,fallback router.push call; source CTA may be nearby
generated.apps.web.lib.ai.brain.phase.c.memory.memory.service.ts.router-push.89,button,,dashboard-shared,"router.push(""learning_candidate"")",apps/web/lib/ai-brain/phase-c/memory/memory.service.ts,89,fallback router.push call; source CTA may be nearby
generated.apps.web.lib.ai.brain.phase.d.eval.eval.runner.service.ts.router-push.73,button,,dashboard-shared,"router.push({
        caseId: caseDef.id,
        caseTitle: caseDef.title,
        result: ""partial"",
        scores: {},
        graderOutput: ""Skipped: no output available"",
        warnings: [""No output provided; use fixtures or pass outputs in config""],
        versionRefs,
      })",apps/web/lib/ai-brain/phase-d/eval/eval-runner.service.ts,73,fallback router.push call; source CTA may be nearby
generated.apps.web.lib.ai.brain.phase.d.eval.eval.runner.service.ts.router-push.110,button,,dashboard-shared,router.push(caseResult),apps/web/lib/ai-brain/phase-d/eval/eval-runner.service.ts,110,fallback router.push call; source CTA may be nearby
generated.apps.web.lib.ai.brain.phase.d.eval.grader.ts.router-push.61,button,,dashboard-shared,router.push(r.warn),apps/web/lib/ai-brain/phase-d/eval/grader.ts,61,fallback router.push call; source CTA may be nearby
generated.apps.web.lib.ai.brain.phase.e.experiment.experiment.service.ts.router-push.63,button,,dashboard-shared,"router.push(""pass_rate_degraded"")",apps/web/lib/ai-brain/phase-e/experiment/experiment.service.ts,63,fallback router.push call; source CTA may be nearby
generated.apps.web.lib.ai.brain.phase.e.experiment.experiment.service.ts.router-push.66,button,,dashboard-shared,"router.push(""fail_count_increased"")",apps/web/lib/ai-brain/phase-e/experiment/experiment.service.ts,66,fallback router.push call; source CTA may be nearby
generated.apps.web.lib.ai.brain.services.cost.signals.service.ts.router-push.22,button,,dashboard-shared,"router.push({
      projectId,
      source: ""budget_overrun"",
      severity: ""high"",
      title: ""Project over budget"",
      description: `Actual (${summary.actual_total.toFixed(0)} ${summary.currency}) exceeds planned (${summary.planned_total.toFixed(0)} ${summary.currency})`,
      at,
      resourceType: ""project_budget"",
      resourceId: projectId,
    })",apps/web/lib/ai-brain/services/cost-signals.service.ts,22,fallback router.push call; source CTA may be nearby
generated.apps.web.lib.ai.brain.services.cost.signals.service.ts.router-push.35,button,,dashboard-shared,"router.push({
        projectId,
        source: ""cost_pressure"",
        severity: ""medium"",
        title: ""Budget pressure"",
        description: `Spent ${(ratio * 100).toFixed(0)}% of planned budget`,
        at,
        resourceType: ""project_budget"",
        resourceId: projectId,
      })",apps/web/lib/ai-brain/services/cost-signals.service.ts,35,fallback router.push call; source CTA may be nearby
generated.apps.web.lib.ai.brain.services.cost.signals.service.ts.router-push.60,button,,dashboard-shared,"router.push({
        projectId,
        source: ""cost_pressure"",
        severity: ""medium"",
        title: ""Cost item overrun"",
        description: `""${r.title}"": actual ${actual.toFixed(0)} > planned ${planned.toFixed(0)} ${r.currency}`,
        at,
        resourceType: ""cost_item"",
        resourceId: r.id,
      })",apps/web/lib/ai-brain/services/cost-signals.service.ts,60,fallback router.push call; source CTA may be nearby
generated.apps.web.lib.ai.brain.services.evidence.intelligence.service.ts.router-push.86,button,,dashboard-shared,router.push(`before: ${beforeCount}/${beforeAfter.before}`),apps/web/lib/ai-brain/services/evidence-intelligence.service.ts,86,fallback router.push call; source CTA may be nearby
generated.apps.web.lib.ai.brain.services.evidence.intelligence.service.ts.router-push.87,button,,dashboard-shared,router.push(`after: ${afterCount}/${beforeAfter.after}`),apps/web/lib/ai-brain/services/evidence-intelligence.service.ts,87,fallback router.push call; source CTA may be nearby
generated.apps.web.lib.ai.brain.services.evidence.intelligence.service.ts.router-push.88,button,,dashboard-shared,"router.push({
          projectId,
          taskId: task.id,
          type: ""before_after_gap"",
          severity: beforeGap + afterGap > 2 ? ""high"" : ""medium"",
          required: beforeAfter.before + beforeAfter.after,
          actual: beforeCount + afterCount,
          message: `Task ""${task.title}"" evidence: ${parts.join(""; "")}${hasUnlabeledMedia ? "" (some media unlabeled)"" : """"}`,
          at,
        })",apps/web/lib/ai-brain/services/evidence-intelligence.service.ts,88,fallback router.push call; source CTA may be nearby
generated.apps.web.lib.ai.brain.services.evidence.intelligence.service.ts.router-push.100,button,,dashboard-shared,"router.push({
        projectId,
        taskId: task.id,
        type: ""partial"",
        severity: required - actual > 2 ? ""high"" : ""medium"",
        required,
        actual,
        message: `Task ""${task.title}"" has ${actual}/${required} evidence`,
        at,
      })",apps/web/lib/ai-brain/services/evidence-intelligence.service.ts,100,fallback router.push call; source CTA may be nearby
generated.apps.web.lib.ai.brain.services.evidence.staleness.service.ts.router-push.76,button,,dashboard-shared,"router.push({
      projectId,
      type: ""stale"",
      severity: ""medium"",
      message: `No evidence in last ${STALE_DAYS} days (last: ${lastEvidence}) while project has recent activity`,
      at,
    })",apps/web/lib/ai-brain/services/evidence-staleness.service.ts,76,fallback router.push call; source CTA may be nearby
generated.apps.web.lib.ai.brain.services.executive.summary.v2.service.ts.router-push.37,button,,dashboard-shared,router.push(`${submittedReports.length} report(s) submitted in last 7 days`),apps/web/lib/ai-brain/services/executive-summary-v2.service.ts,37,fallback router.push call; source CTA may be nearby
generated.apps.web.lib.ai.brain.services.executive.summary.v2.service.ts.router-push.40,button,,dashboard-shared,router.push(`${snapshot.completedTaskCount} task(s) completed`),apps/web/lib/ai-brain/services/executive-summary-v2.service.ts,40,fallback router.push call; source CTA may be nearby
generated.apps.web.lib.ai.brain.services.executive.summary.v2.service.ts.router-push.43,button,,dashboard-shared,router.push(`${snapshot.analysisCount} AI analysis(es) on media`),apps/web/lib/ai-brain/services/executive-summary-v2.service.ts,43,fallback router.push call; source CTA may be nearby
generated.apps.web.lib.ai.brain.services.executive.summary.v2.service.ts.router-push.46,button,,dashboard-shared,"router.push(""No recent activity signals"")",apps/web/lib/ai-brain/services/executive-summary-v2.service.ts,46,fallback router.push call; source CTA may be nearby
generated.apps.web.lib.ai.brain.services.executive.summary.v2.service.ts.router-push.51,button,,dashboard-shared,"router.push(r.title + (r.description ? `: ${r.description}` : """"))",apps/web/lib/ai-brain/services/executive-summary-v2.service.ts,51,fallback router.push call; source CTA may be nearby
generated.apps.web.lib.ai.brain.services.executive.summary.v2.service.ts.router-push.53,button,,dashboard-shared,"router.push(""No risk signals in view"")",apps/web/lib/ai-brain/services/executive-summary-v2.service.ts,53,fallback router.push call; source CTA may be nearby
generated.apps.web.lib.ai.brain.services.executive.summary.v2.service.ts.router-push.57,button,,dashboard-shared,router.push(es.message),apps/web/lib/ai-brain/services/executive-summary-v2.service.ts,57,fallback router.push call; source CTA may be nearby
generated.apps.web.lib.ai.brain.services.executive.summary.v2.service.ts.router-push.60,button,,dashboard-shared,router.push(`${missingReports.length} day(s) without report`),apps/web/lib/ai-brain/services/executive-summary-v2.service.ts,60,fallback router.push call; source CTA may be nearby
generated.apps.web.lib.ai.brain.services.executive.summary.v2.service.ts.router-push.62,button,,dashboard-shared,"router.push(""No evidence gaps detected"")",apps/web/lib/ai-brain/services/executive-summary-v2.service.ts,62,fallback router.push call; source CTA may be nearby
generated.apps.web.lib.ai.brain.services.executive.summary.v2.service.ts.router-push.65,button,,dashboard-shared,router.push(...health.blockers),apps/web/lib/ai-brain/services/executive-summary-v2.service.ts,65,fallback router.push call; source CTA may be nearby
generated.apps.web.lib.ai.brain.services.executive.summary.v2.service.ts.router-push.66,button,,dashboard-shared,router.push(...health.missingData),apps/web/lib/ai-brain/services/executive-summary-v2.service.ts,66,fallback router.push call; source CTA may be nearby
generated.apps.web.lib.ai.brain.services.executive.summary.v2.service.ts.router-push.68,button,,dashboard-shared,router.push(`Review ${highRisks.length} high-priority risk(s)`),apps/web/lib/ai-brain/services/executive-summary-v2.service.ts,68,fallback router.push call; source CTA may be nearby
generated.apps.web.lib.ai.brain.services.executive.summary.v2.service.ts.router-push.69,button,,dashboard-shared,"router.push(""No urgent items"")",apps/web/lib/ai-brain/services/executive-summary-v2.service.ts,69,fallback router.push call; source CTA may be nearby
generated.apps.web.lib.ai.brain.services.executive.summary.v2.service.ts.router-push.73,button,,dashboard-shared,"router.push(""Address blockers: "" + health.blockers.join(""; ""))",apps/web/lib/ai-brain/services/executive-summary-v2.service.ts,73,fallback router.push call; source CTA may be nearby
generated.apps.web.lib.ai.brain.services.executive.summary.v2.service.ts.router-push.74,button,,dashboard-shared,"router.push(""Improve data: "" + health.missingData.join(""; ""))",apps/web/lib/ai-brain/services/executive-summary-v2.service.ts,74,fallback router.push call; source CTA may be nearby
generated.apps.web.lib.ai.brain.services.executive.summary.v2.service.ts.router-push.75,button,,dashboard-shared,"router.push(""Review high-priority risks"")",apps/web/lib/ai-brain/services/executive-summary-v2.service.ts,75,fallback router.push call; source CTA may be nearby
generated.apps.web.lib.ai.brain.services.executive.summary.service.ts.router-push.27,button,,dashboard-shared,"router.push(""Address blockers: "" + health.blockers.join(""; ""))",apps/web/lib/ai-brain/services/executive-summary.service.ts,27,fallback router.push call; source CTA may be nearby
generated.apps.web.lib.ai.brain.services.executive.summary.service.ts.router-push.28,button,,dashboard-shared,"router.push(""Improve data: "" + health.missingData.join(""; ""))",apps/web/lib/ai-brain/services/executive-summary.service.ts,28,fallback router.push call; source CTA may be nearby
generated.apps.web.lib.ai.brain.services.executive.summary.service.ts.router-push.29,button,,dashboard-shared,"router.push(""Review high-priority risks"")",apps/web/lib/ai-brain/services/executive-summary.service.ts,29,fallback router.push call; source CTA may be nearby
generated.apps.web.lib.ai.brain.services.milestone.pressure.service.ts.router-push.64,button,,dashboard-shared,"router.push({
      milestoneId: m.id,
      projectId,
      title: m.title,
      targetDate: m.target_date,
      status: m.status,
      linkedTaskCount,
      doneTaskCount,
      overdue,
      atRisk,
      at,
    })",apps/web/lib/ai-brain/services/milestone-pressure.service.ts,64,fallback router.push call; source CTA may be nearby
generated.apps.web.lib.ai.brain.services.milestone.pressure.service.ts.router-push.96,button,,dashboard-shared,"router.push({
      projectId: s.projectId,
      source: ""milestone_overdue"",
      severity,
      title: s.overdue ? ""Overdue milestone"" : ""Milestone at risk"",
      description: message,
      at,
      resourceType: ""project_milestone"",
      resourceId: s.milestoneId,
    })",apps/web/lib/ai-brain/services/milestone-pressure.service.ts,96,fallback router.push call; source CTA may be nearby
generated.apps.web.lib.ai.brain.services.missing.evidence.service.ts.router-push.62,button,,dashboard-shared,"router.push({
      id: nextId(),
      projectId,
      type: insightType,
      severity,
      title:
        es.type === ""before_after_gap""
          ? `Before/after evidence gap: ${es.message}`
          : es.type === ""stale""
            ? `Stale evidence: ${es.message}`
            : `Incomplete evidence: ${es.message}`,
      explanation:
        es.type === ""before_after_gap""
          ? es.message
          : es.type === ""stale""
            ? es.message
            : `Task requires ${es.required ?? ""?""} photo(s); ${es.actual ?? 0} provided. Gap: ${gap}.`,
      evidenceReferences: es.taskId ? [{ resourceType: ""task"", resourceId: es.taskId }] : [],
      confidence,
      contributingFactors:
        es.type === ""stale""
          ? [""Evidence older than 14 days"", ""Project has recent activity""]
          : [`Required: ${es.required ?? ""unknown""}`, `Actual: ${es.actual ?? 0}`],
      recommendedAction,
      at,
    })",apps/web/lib/ai-brain/services/missing-evidence.service.ts,62,fallback router.push call; source CTA may be nearby
generated.apps.web.lib.ai.brain.services.missing.evidence.service.ts.router-push.95,button,,dashboard-shared,"router.push({
      id: nextId(),
      projectId,
      type: ""report"",
      severity: missingReports.length >= 3 ? ""high"" : missingReports.length >= 2 ? ""medium"" : ""low"",
      title: `${missingReports.length} day(s) without report`,
      explanation: `Expected daily reports for: ${daysList.slice(0, 5).join("", "")}${daysList.length > 5 ? ""…"" : """"}.`,
      evidenceReferences: missingReports
        .filter((r) => r.dayId)
        .slice(0, 5)
        .map((r) => ({ resourceType: ""worker_day"", resourceId: r.dayId! })),
      confidence: ""high"",
      contributingFactors: [`${missingReports.length} missing report(s) in last 7 days`],
      recommendedAction: ""Request report submission for days without coverage."",
      at,
    })",apps/web/lib/ai-brain/services/missing-evidence.service.ts,95,fallback router.push call; source CTA may be nearby
generated.apps.web.lib.ai.brain.services.project.health.v2.service.ts.router-push.32,button,,dashboard-shared,"router.push({
      factor: ""Overdue tasks"",
      impact: -overdueImpact,
      explanation: `${snapshot.overdueTaskCount} overdue task(s) × ${OVERDUE_PER_TASK} each, cap ${OVERDUE_CAP}`,
    })",apps/web/lib/ai-brain/services/project-health-v2.service.ts,32,fallback router.push call; source CTA may be nearby
generated.apps.web.lib.ai.brain.services.project.health.v2.service.ts.router-push.41,button,,dashboard-shared,"router.push({
      factor: ""No recent reports"",
      impact: -NO_REPORTS_PENALTY,
      explanation: ""Workers present but no reports in draft/submitted"",
    })",apps/web/lib/ai-brain/services/project-health-v2.service.ts,41,fallback router.push call; source CTA may be nearby
generated.apps.web.lib.ai.brain.services.project.health.v2.service.ts.router-push.54,button,,dashboard-shared,"router.push({
      factor: ""No progress + overdue"",
      impact: -COMBO_PENALTY,
      explanation: ""Tasks exist, none completed, and some overdue"",
    })",apps/web/lib/ai-brain/services/project-health-v2.service.ts,54,fallback router.push call; source CTA may be nearby
generated.apps.web.lib.ai.brain.services.project.health.v2.service.ts.router-push.71,button,,dashboard-shared,router.push(`${snapshot.overdueTaskCount} overdue task(s)`),apps/web/lib/ai-brain/services/project-health-v2.service.ts,71,fallback router.push call; source CTA may be nearby
generated.apps.web.lib.ai.brain.services.project.health.v2.service.ts.router-push.72,button,,dashboard-shared,"router.push(""Overdue tasks"")",apps/web/lib/ai-brain/services/project-health-v2.service.ts,72,fallback router.push call; source CTA may be nearby
generated.apps.web.lib.ai.brain.services.project.health.v2.service.ts.router-push.75,button,,dashboard-shared,"router.push(""No recent reports"")",apps/web/lib/ai-brain/services/project-health-v2.service.ts,75,fallback router.push call; source CTA may be nearby
generated.apps.web.lib.ai.brain.services.project.health.service.ts.router-push.39,button,,dashboard-shared,router.push(`${snapshot.overdueTaskCount} overdue task(s)`),apps/web/lib/ai-brain/services/project-health.service.ts,39,fallback router.push call; source CTA may be nearby
generated.apps.web.lib.ai.brain.services.project.health.service.ts.router-push.40,button,,dashboard-shared,"router.push(""Overdue tasks"")",apps/web/lib/ai-brain/services/project-health.service.ts,40,fallback router.push call; source CTA may be nearby
generated.apps.web.lib.ai.brain.services.project.health.service.ts.router-push.43,button,,dashboard-shared,"router.push(""No recent reports"")",apps/web/lib/ai-brain/services/project-health.service.ts,43,fallback router.push call; source CTA may be nearby
generated.apps.web.lib.ai.brain.services.recommendation.engine.service.ts.router-push.66,button,,dashboard-shared,"router.push({
      id: uuid(),
      projectId,
      tenantId,
      type: ""follow_up"",
      title: ""Review project budget"",
      description: ""Project is over budget. Review cost items and planned vs actual."",
      priority: ""high"",
      at,
      relatedResourceType: ""costs"",
      relatedResourceId: projectId,
    })",apps/web/lib/ai-brain/services/recommendation-engine.service.ts,66,fallback router.push call; source CTA may be nearby
generated.apps.web.lib.ai.brain.services.recommendation.engine.service.ts.router-push.81,button,,dashboard-shared,"router.push({
      id: uuid(),
      projectId,
      tenantId,
      type: ""review"",
      title: ""Review pending documents"",
      description: `${pendingDocumentsCount} document(s) awaiting approval`,
      priority: ""medium"",
      at,
      relatedResourceType: ""documents"",
      relatedResourceId: projectId,
    })",apps/web/lib/ai-brain/services/recommendation-engine.service.ts,81,fallback router.push call; source CTA may be nearby
generated.apps.web.lib.ai.brain.services.recommendation.engine.service.ts.router-push.96,button,,dashboard-shared,"router.push({
      id: uuid(),
      projectId,
      tenantId,
      type: ""review"",
      title: ""Review pending reports"",
      description: `${pendingReportsCount} report(s) awaiting approval`,
      priority: ""medium"",
      at,
      relatedResourceType: ""reports_pending"",
      relatedResourceId: ""list"",
    })",apps/web/lib/ai-brain/services/recommendation-engine.service.ts,96,fallback router.push call; source CTA may be nearby
generated.apps.web.lib.ai.brain.services.recommendation.engine.service.ts.router-push.113,button,,dashboard-shared,"router.push({
      id: uuid(),
      projectId,
      tenantId,
      type: ""follow_up"",
      title: ""Resolve blockers"",
      description: health.blockers.join("". ""),
      priority: ""high"",
      at,
    })",apps/web/lib/ai-brain/services/recommendation-engine.service.ts,113,fallback router.push call; source CTA may be nearby
generated.apps.web.lib.ai.brain.services.recommendation.engine.service.ts.router-push.126,button,,dashboard-shared,"router.push({
      id: uuid(),
      projectId,
      tenantId,
      type: ""request_evidence"",
      title: ""Improve reporting"",
      description: health.missingData.join("". ""),
      priority: ""medium"",
      at,
    })",apps/web/lib/ai-brain/services/recommendation-engine.service.ts,126,fallback router.push call; source CTA may be nearby
generated.apps.web.lib.ai.brain.services.recommendation.engine.service.ts.router-push.141,button,,dashboard-shared,"router.push({
      id: uuid(),
      projectId,
      tenantId,
      type: ""review"",
      title: ""Review high-priority risks"",
      description: highRisks.map((r) => r.title).join(""; ""),
      priority: ""high"",
      at,
      relatedResourceType: firstWithResource?.resourceType,
      relatedResourceId: firstWithResource?.resourceId,
    })",apps/web/lib/ai-brain/services/recommendation-engine.service.ts,141,fallback router.push call; source CTA may be nearby
generated.apps.web.lib.ai.brain.services.report.intelligence.service.ts.router-push.31,button,,dashboard-shared,"router.push({
      projectId,
      type: ""missing"",
      severity: ""medium"",
      message: ""No report days in range"",
      at,
    })",apps/web/lib/ai-brain/services/report-intelligence.service.ts,31,fallback router.push call; source CTA may be nearby
generated.apps.web.lib.ai.brain.services.report.intelligence.service.ts.router-push.51,button,,dashboard-shared,router.push(r),apps/web/lib/ai-brain/services/report-intelligence.service.ts,51,fallback router.push call; source CTA may be nearby
generated.apps.web.lib.ai.brain.services.report.intelligence.service.ts.router-push.59,button,,dashboard-shared,"router.push({
        projectId,
        type: ""missing"",
        severity: ""low"",
        dayId: day.id,
        message: `No report submitted for ${day.date}`,
        at,
      })",apps/web/lib/ai-brain/services/report-intelligence.service.ts,59,fallback router.push call; source CTA may be nearby
generated.apps.web.lib.ai.brain.services.report.intelligence.service.ts.router-push.68,button,,dashboard-shared,"router.push({
        reportId: submitted[0].id,
        projectId,
        type: ""submitted"",
        severity: ""low"",
        dayId: day.id,
        message: `Report submitted for ${day.date}`,
        at,
      })",apps/web/lib/ai-brain/services/report-intelligence.service.ts,68,fallback router.push call; source CTA may be nearby
generated.apps.web.lib.ai.brain.services.report.quality.service.ts.router-push.88,button,,dashboard-shared,"router.push({
        reportId: r.id,
        taskId: r.task_id,
        projectId,
        mediaCount,
        requiredPhotos: required,
        score,
        message: `Report has ${mediaCount}/${required} photos for linked task`,
        at,
      })",apps/web/lib/ai-brain/services/report-quality.service.ts,88,fallback router.push call; source CTA may be nearby
generated.apps.web.lib.ai.brain.services.report.quality.service.ts.router-push.99,button,,dashboard-shared,"router.push({
        reportId: r.id,
        taskId: r.task_id,
        projectId,
        mediaCount: 0,
        requiredPhotos: 0,
        score: 0,
        message: ""Report linked to task but has no media"",
        at,
      })",apps/web/lib/ai-brain/services/report-quality.service.ts,99,fallback router.push call; source CTA may be nearby
generated.apps.web.lib.ai.brain.services.risk.intelligence.service.ts.router-push.38,button,,dashboard-shared,"router.push({
      projectId,
      source: ""blocked"",
      severity: s.severity,
      title: ""Blocked task (inferred)"",
      description: s.message,
      at,
      resourceType: ""task"",
      resourceId: s.taskId,
    })",apps/web/lib/ai-brain/services/risk-intelligence.service.ts,38,fallback router.push call; source CTA may be nearby
generated.apps.web.lib.ai.brain.services.risk.intelligence.service.ts.router-push.51,button,,dashboard-shared,"router.push({
      projectId,
      source: ""overdue"",
      severity: s.severity,
      title: ""Overdue task"",
      description: s.message,
      at,
      resourceType: ""task"",
      resourceId: s.taskId,
    })",apps/web/lib/ai-brain/services/risk-intelligence.service.ts,51,fallback router.push call; source CTA may be nearby
generated.apps.web.lib.ai.brain.services.risk.intelligence.service.ts.router-push.66,button,,dashboard-shared,"router.push({
      projectId,
      source: ""delay"",
      severity: ""medium"",
      title: ""Missing recent reports"",
      description: `${missingReports.length} days without report`,
      at,
    })",apps/web/lib/ai-brain/services/risk-intelligence.service.ts,66,fallback router.push call; source CTA may be nearby
generated.apps.web.lib.ai.brain.services.risk.intelligence.service.ts.router-push.79,button,,dashboard-shared,"router.push({
      projectId,
      source: ""missing_evidence"",
      severity: ""medium"",
      title: ""Missing photo evidence"",
      description: `${missingEvidence.length} task(s) with incomplete evidence`,
      at,
    })",apps/web/lib/ai-brain/services/risk-intelligence.service.ts,79,fallback router.push call; source CTA may be nearby
generated.apps.web.lib.ai.brain.services.risk.intelligence.service.ts.router-push.92,button,,dashboard-shared,"router.push({
      projectId,
      source: ""report_quality"",
      severity: ""low"",
      title: ""Reports without media"",
      description: `${noMediaReports.length} report(s) linked to task but have no photos`,
      at,
    })",apps/web/lib/ai-brain/services/risk-intelligence.service.ts,92,fallback router.push call; source CTA may be nearby
generated.apps.web.lib.ai.brain.services.risk.intelligence.service.ts.router-push.104,button,,dashboard-shared,"router.push({
      projectId,
      source: ""schedule_pressure"",
      severity: schedulePressure.severity,
      title: ""Schedule pressure (inferred)"",
      description: schedulePressure.message,
      at,
    })",apps/web/lib/ai-brain/services/risk-intelligence.service.ts,104,fallback router.push call; source CTA may be nearby
generated.apps.web.lib.ai.brain.services.risk.intelligence.service.ts.router-push.116,button,,dashboard-shared,router.push(...milestoneRisks),apps/web/lib/ai-brain/services/risk-intelligence.service.ts,116,fallback router.push call; source CTA may be nearby
generated.apps.web.lib.ai.brain.services.risk.intelligence.service.ts.router-push.119,button,,dashboard-shared,router.push(...costRisks),apps/web/lib/ai-brain/services/risk-intelligence.service.ts,119,fallback router.push call; source CTA may be nearby
generated.apps.web.lib.ai.brain.services.top.risks.service.ts.router-push.43,button,,dashboard-shared,"router.push(""Task past due date"")",apps/web/lib/ai-brain/services/top-risks.service.ts,43,fallback router.push call; source CTA may be nearby
generated.apps.web.lib.ai.brain.services.top.risks.service.ts.router-push.44,button,,dashboard-shared,"router.push(""Overdue, in progress, no recent report (inferred)"")",apps/web/lib/ai-brain/services/top-risks.service.ts,44,fallback router.push call; source CTA may be nearby
generated.apps.web.lib.ai.brain.services.top.risks.service.ts.router-push.45,button,,dashboard-shared,"router.push(""Multiple days without report"")",apps/web/lib/ai-brain/services/top-risks.service.ts,45,fallback router.push call; source CTA may be nearby
generated.apps.web.lib.ai.brain.services.top.risks.service.ts.router-push.46,button,,dashboard-shared,"router.push(""Incomplete photo evidence"")",apps/web/lib/ai-brain/services/top-risks.service.ts,46,fallback router.push call; source CTA may be nearby
generated.apps.web.lib.ai.brain.services.top.risks.service.ts.router-push.47,button,,dashboard-shared,"router.push(""Report linked to task but no media"")",apps/web/lib/ai-brain/services/top-risks.service.ts,47,fallback router.push call; source CTA may be nearby
generated.apps.web.lib.ai.brain.services.top.risks.service.ts.router-push.48,button,,dashboard-shared,"router.push(""Overdue concentration (inferred)"")",apps/web/lib/ai-brain/services/top-risks.service.ts,48,fallback router.push call; source CTA may be nearby
generated.apps.web.lib.ai.brain.services.top.risks.service.ts.router-push.49,button,,dashboard-shared,"router.push(""Milestone past target date or at risk"")",apps/web/lib/ai-brain/services/top-risks.service.ts,49,fallback router.push call; source CTA may be nearby
generated.apps.web.lib.ai.brain.services.top.risks.service.ts.router-push.50,button,,dashboard-shared,"router.push(""Actual cost exceeds planned budget"")",apps/web/lib/ai-brain/services/top-risks.service.ts,50,fallback router.push call; source CTA may be nearby
generated.apps.web.lib.ai.brain.services.top.risks.service.ts.router-push.51,button,,dashboard-shared,"router.push(""Budget pressure or cost item overrun"")",apps/web/lib/ai-brain/services/top-risks.service.ts,51,fallback router.push call; source CTA may be nearby
generated.apps.web.lib.ai.brain.services.top.risks.service.ts.router-push.54,button,,dashboard-shared,"router.push({
      id: nextId(),
      projectId,
      rank: rank++,
      severity,
      title: r.title,
      description: r.description ?? """",
      source,
      explanation,
      evidenceReferences: r.resourceId && r.resourceType
        ? [{ resourceType: r.resourceType, resourceId: r.resourceId }]
        : [],
      confidence,
      contributingFactors: factors.length > 0 ? factors : [r.source],
      recommendedAction: getRecommendedAction(r),
      at,
    })",apps/web/lib/ai-brain/services/top-risks.service.ts,54,fallback router.push call; source CTA may be nearby
generated.apps.web.lib.ai.brain.use.cases.manager.insights.use.case.ts.router-push.38,button,,dashboard-shared,"router.push({
      id: nextId(),
      projectId,
      tenantId,
      type: ""blocker"",
      severity: health.label === ""critical"" ? ""high"" : ""medium"",
      title: ""Blockers"",
      body: health.blockers.join(""; ""),
      suggestedAction: ""Address blockers to improve project health"",
      at,
      source: ""ai_brain"",
    })",apps/web/lib/ai-brain/use-cases/manager-insights.use-case.ts,38,fallback router.push call; source CTA may be nearby
generated.apps.web.lib.ai.brain.use.cases.manager.insights.use.case.ts.router-push.53,button,,dashboard-shared,"router.push({
      id: nextId(),
      projectId,
      tenantId,
      type: ""risk"",
      severity: r.severity,
      title: r.title,
      body: r.description ?? """",
      at: r.at,
      source: ""ai_brain"",
    })",apps/web/lib/ai-brain/use-cases/manager-insights.use-case.ts,53,fallback router.push call; source CTA may be nearby
generated.apps.web.lib.ai.brain.use.cases.manager.insights.use.case.ts.router-push.67,button,,dashboard-shared,"router.push({
      id: nextId(),
      projectId,
      tenantId,
      type: ""recommendation"",
      severity: rec.priority,
      title: rec.title,
      body: rec.description ?? """",
      suggestedAction: rec.title,
      at: rec.at,
      source: ""ai_brain"",
    })",apps/web/lib/ai-brain/use-cases/manager-insights.use-case.ts,67,fallback router.push call; source CTA may be nearby
generated.apps.web.lib.config.env.ts.router-push.24,button,,dashboard-shared,router.push(...REQUIRED_PUBLIC),apps/web/lib/config/env.ts,24,fallback router.push call; source CTA may be nearby
generated.apps.web.lib.config.env.ts.router-push.28,button,,dashboard-shared,"router.push(""NEXT_PUBLIC_SUPABASE_URL"")",apps/web/lib/config/env.ts,28,fallback router.push call; source CTA may be nearby
generated.apps.web.lib.config.env.ts.router-push.29,button,,dashboard-shared,"router.push(""NEXT_PUBLIC_SUPABASE_ANON_KEY"")",apps/web/lib/config/env.ts,29,fallback router.push call; source CTA may be nearby
generated.apps.web.lib.config.env.ts.router-push.34,button,,dashboard-shared,"router.push(""SUPABASE_SERVICE_ROLE_KEY is unset; some server features may be limited."")",apps/web/lib/config/env.ts,34,fallback router.push call; source CTA may be nearby
generated.apps.web.lib.config.env.ts.router-push.37,button,,dashboard-shared,"router.push(""Neither OPENAI_API_KEY nor AI_ANALYSIS_URL set; AI features disabled."")",apps/web/lib/config/env.ts,37,fallback router.push call; source CTA may be nearby
generated.apps.web.lib.config.env.ts.router-push.42,button,,dashboard-shared,router.push(`${APP_ENV_KEY} not set; consider setting to 'production' or 'staging'.`),apps/web/lib/config/env.ts,42,fallback router.push call; source CTA may be nearby
generated.apps.web.lib.config.release.env.ts.router-push.101,button,,dashboard-shared,router.push(spec.name),apps/web/lib/config/release-env.ts,101,fallback router.push call; source CTA may be nearby
generated.apps.web.lib.config.release.env.ts.router-push.106,button,,dashboard-shared,router.push(spec.name),apps/web/lib/config/release-env.ts,106,fallback router.push call; source CTA may be nearby
generated.apps.web.lib.config.release.env.ts.router-push.113,button,,dashboard-shared,router.push(spec.name),apps/web/lib/config/release-env.ts,113,fallback router.push call; source CTA may be nearby
generated.apps.web.lib.config.release.env.ts.router-push.119,button,,dashboard-shared,router.push(spec.name),apps/web/lib/config/release-env.ts,119,fallback router.push call; source CTA may be nearby
generated.apps.web.lib.config.release.env.ts.router-push.122,button,,dashboard-shared,"router.push({
      name: spec.name,
      category: spec.category,
      present,
      nonEmpty,
      safe,
      message,
    })",apps/web/lib/config/release-env.ts,122,fallback router.push call; source CTA may be nearby
generated.apps.web.lib.config.release.env.ts.router-push.135,button,,dashboard-shared,"router.push(""NODE_ENV"")",apps/web/lib/config/release-env.ts,135,fallback router.push call; source CTA may be nearby
generated.apps.web.lib.config.release.env.ts.router-push.143,button,,dashboard-shared,"router.push(""CRON_SECRET"")",apps/web/lib/config/release-env.ts,143,fallback router.push call; source CTA may be nearby
generated.apps.web.lib.config.server.ts.router-push.60,button,,dashboard-shared,router.push(key),apps/web/lib/config/server.ts,60,fallback router.push call; source CTA may be nearby
generated.apps.web.lib.copilot.context.budget.ts.router-push.128,button,,dashboard-shared,"router.push({ ...c, content })",apps/web/lib/copilot/context-budget.ts,128,fallback router.push call; source CTA may be nearby
generated.apps.web.lib.dashboard.priority.actions.ts.router-push.47,button,,dashboard-shared,"router.push({
      id: `overdue-${t.id}`,
      title: t.title.slice(0, 40) + (t.title.length > 40 ? ""…"" : """"),
      reason: ""Task past due date"",
      href: `/dashboard/tasks/${t.id}`,
      priority: ""high"",
      sortKey: SK_OVERDUE,
    })",apps/web/lib/dashboard/priority-actions.ts,47,fallback router.push call; source CTA may be nearby
generated.apps.web.lib.dashboard.priority.actions.ts.router-push.58,button,,dashboard-shared,"router.push({
      id: ""ai-failed"",
      title: `${data.kpis.failedJobs24h} AI job(s) failed (24h)`,
      reason: ""Review failures and retry or fix inputs"",
      href: ""/dashboard/ai?status=failed"",
      priority: ""high"",
      sortKey: SK_AI_FAILED,
    })",apps/web/lib/dashboard/priority-actions.ts,58,fallback router.push call; source CTA may be nearby
generated.apps.web.lib.dashboard.priority.actions.ts.router-push.69,button,,dashboard-shared,"router.push({
      id: ""stuck-uploads"",
      title: `${data.kpis.stuckUploads} upload(s) stuck >4h`,
      reason: ""May block analysis — check media pipeline"",
      href: ""/dashboard/uploads?stuck=1"",
      priority: ""medium"",
      sortKey: SK_STUCK_UPLOAD,
    })",apps/web/lib/dashboard/priority-actions.ts,69,fallback router.push call; source CTA may be nearby
generated.apps.web.lib.dashboard.priority.actions.ts.router-push.80,button,,dashboard-shared,"router.push({
      id: `report-${r.id}`,
      title: `Report pending approval`,
      reason: `Report ${r.id.slice(0, 8)}… needs review`,
      href: `/dashboard/reports/${r.id}`,
      priority: ""medium"",
      sortKey: SK_REPORT + items.filter((i) => i.id.startsWith(""report-"")).length,
    })",apps/web/lib/dashboard/priority-actions.ts,80,fallback router.push call; source CTA may be nearby
generated.apps.web.lib.dashboard.priority.actions.ts.router-push.91,button,,dashboard-shared,"router.push({
      id: `noreport-${w.user_id}-${w.day_date}`,
      title: `Shift open — no report (${w.day_date})`,
      reason: `Worker ${w.user_id.slice(0, 8)}…`,
      href: `/dashboard/workers/${w.user_id}`,
      priority: ""medium"",
      sortKey: SK_WORKER_NOREPORT,
    })",apps/web/lib/dashboard/priority-actions.ts,91,fallback router.push call; source CTA may be nearby
generated.apps.web.lib.dashboard.priority.actions.ts.router-push.103,button,,dashboard-shared,"router.push({
        id: `open-${t.id}`,
        title: t.title.slice(0, 40) + (t.title.length > 40 ? ""…"" : """"),
        reason: ""Due today"",
        href: `/dashboard/tasks/${t.id}`,
        priority: ""medium"",
        sortKey: SK_OPEN_TODAY,
      })",apps/web/lib/dashboard/priority-actions.ts,103,fallback router.push call; source CTA may be nearby
generated.apps.web.lib.domain.costs.cost.signals.ts.router-push.24,button,,dashboard-shared,"router.push({
      id: ""project_over_budget"",
      severity: ""critical"",
      reason: `Total actual (${actual.toLocaleString()} ${cur}) exceeds total planned (${planned.toLocaleString()} ${cur}).`,
    })",apps/web/lib/domain/costs/cost-signals.ts,24,fallback router.push call; source CTA may be nearby
generated.apps.web.lib.domain.costs.cost.signals.ts.router-push.31,button,,dashboard-shared,"router.push({
      id: ""project_nearing_budget"",
      severity: ""warning"",
      reason: `Spending has reached about ${pct}% of planned total (${actual.toLocaleString()} of ${planned.toLocaleString()} ${cur}).`,
    })",apps/web/lib/domain/costs/cost-signals.ts,31,fallback router.push call; source CTA may be nearby
generated.apps.web.lib.domain.costs.cost.signals.ts.router-push.39,button,,dashboard-shared,"router.push({
      id: ""line_items_overrun"",
      severity: summary.over_budget ? ""critical"" : ""warning"",
      reason: `${summary.item_overrun_count} cost line(s) have actual above planned on that line.`,
    })",apps/web/lib/domain/costs/cost-signals.ts,39,fallback router.push call; source CTA may be nearby
generated.apps.web.lib.domain.costs.cost.signals.ts.router-push.47,button,,dashboard-shared,"router.push({
      id: ""milestone_linked_overrun"",
      severity: ""warning"",
      reason: `${summary.milestone_linked_overrun_count} overrun line(s) are linked to a milestone.`,
    })",apps/web/lib/domain/costs/cost-signals.ts,47,fallback router.push call; source CTA may be nearby
generated.apps.web.lib.domain.governance.governance.repository.ts.router-push.84,button,,dashboard-shared,"router.push({
      project_id: row.project_id,
      project_name: names.get(row.project_id) ?? ""Project"",
      note: row.note,
    })",apps/web/lib/domain/governance/governance.repository.ts,84,fallback router.push call; source CTA may be nearby
generated.apps.web.lib.domain.milestones.milestone.schedule.ts.router-push.53,button,,dashboard-shared,"router.push({
      code: ""milestone_delayed_status"",
      reason: ""Milestone marked delayed — review target date and linked tasks."",
    })",apps/web/lib/domain/milestones/milestone.schedule.ts,53,fallback router.push call; source CTA may be nearby
generated.apps.web.lib.domain.milestones.milestone.schedule.ts.router-push.65,button,,dashboard-shared,"router.push({
      code: ""milestone_no_linked_tasks"",
      reason: ""No tasks linked to this milestone — schedule may be undefined."",
    })",apps/web/lib/domain/milestones/milestone.schedule.ts,65,fallback router.push call; source CTA may be nearby
generated.apps.web.lib.domain.milestones.milestone.schedule.ts.router-push.72,button,,dashboard-shared,"router.push({
      code: ""milestone_incomplete_tasks_past_target"",
      reason: `Target date ${target} has passed with ${incomplete} incomplete linked task(s).`,
    })",apps/web/lib/domain/milestones/milestone.schedule.ts,72,fallback router.push call; source CTA may be nearby
generated.apps.web.lib.domain.milestones.milestone.schedule.ts.router-push.77,button,,dashboard-shared,"router.push({
      code: ""milestone_overdue"",
      reason: `Target date ${target} is before today (${todayIso}).`,
    })",apps/web/lib/domain/milestones/milestone.schedule.ts,77,fallback router.push call; source CTA may be nearby
generated.apps.web.lib.domain.milestones.milestone.schedule.ts.router-push.84,button,,dashboard-shared,"router.push({
      code: ""milestone_due_soon"",
      reason: `Target ${target} is within the next ${DUE_SOON_DAYS} days.`,
    })",apps/web/lib/domain/milestones/milestone.schedule.ts,84,fallback router.push call; source CTA may be nearby
generated.apps.web.lib.domain.milestones.milestone.schedule.ts.router-push.105,button,,dashboard-shared,router.push(s),apps/web/lib/domain/milestones/milestone.schedule.ts,105,fallback router.push call; source CTA may be nearby
generated.apps.web.lib.domain.portfolio.portfolio.control.service.ts.router-push.132,button,,dashboard-shared,"router.push(await buildPortfolioProjectControlRow(supabase, tenantId, p))",apps/web/lib/domain/portfolio/portfolio-control.service.ts,132,fallback router.push call; source CTA may be nearby
generated.apps.web.lib.domain.project.handover.handover.readiness.ts.router-push.29,button,,dashboard-shared,"router.push({
      code: ""overdue_milestones"",
      severity: ""blocking"",
      title: ""Overdue milestones"",
      detail: ""Active milestones are past their target date."",
      count: summary.overdueMilestonesCount,
      href: `${base}?tab=schedule`,
    })",apps/web/lib/domain/project-handover/handover-readiness.ts,29,fallback router.push call; source CTA may be nearby
generated.apps.web.lib.domain.project.handover.handover.readiness.ts.router-push.40,button,,dashboard-shared,"router.push({
      code: ""open_issues"",
      severity: ""blocking"",
      title: ""Open issues"",
      detail: ""Project issues are not closed."",
      count: summary.openIssuesCount,
      href: `${base}?tab=issues`,
    })",apps/web/lib/domain/project-handover/handover-readiness.ts,40,fallback router.push call; source CTA may be nearby
generated.apps.web.lib.domain.project.handover.handover.readiness.ts.router-push.51,button,,dashboard-shared,"router.push({
      code: ""pending_report_approvals"",
      severity: ""blocking"",
      title: ""Reports awaiting review"",
      detail: ""Submitted field reports need manager review."",
      count: summary.pendingReportApprovalsCount,
      href: ""/dashboard/approvals"",
    })",apps/web/lib/domain/project-handover/handover-readiness.ts,51,fallback router.push call; source CTA may be nearby
generated.apps.web.lib.domain.project.handover.handover.readiness.ts.router-push.96,button,,dashboard-shared,"router.push({
      code: ""documents_not_final"",
      severity: ""blocking"",
      title: ""Documents not finalized"",
      detail: ""Some documents are not approved or archived."",
      count: nDoc,
      href: `${base}?tab=documents`,
    })",apps/web/lib/domain/project-handover/handover-readiness.ts,96,fallback router.push call; source CTA may be nearby
generated.apps.web.lib.domain.project.handover.handover.readiness.ts.router-push.108,button,,dashboard-shared,"router.push({
      code: ""open_change_orders"",
      severity: ""blocking"",
      title: ""Open change orders"",
      detail: ""Change orders are still open or not implemented."",
      count: nCo,
      href: base,
    })",apps/web/lib/domain/project-handover/handover-readiness.ts,108,fallback router.push call; source CTA may be nearby
generated.apps.web.lib.domain.project.handover.handover.readiness.ts.router-push.120,button,,dashboard-shared,"router.push({
      code: ""open_discussions"",
      severity: ""blocking"",
      title: ""Open stakeholder discussions"",
      detail: ""Structured discussions are still active."",
      count: nDisc,
      href: `${base}/client/discussions`,
    })",apps/web/lib/domain/project-handover/handover-readiness.ts,120,fallback router.push call; source CTA may be nearby
generated.apps.web.lib.domain.project.handover.handover.readiness.ts.router-push.132,button,,dashboard-shared,"router.push({
      code: ""pending_client_requests"",
      severity: ""blocking"",
      title: ""Pending client requests"",
      detail: ""The client still has open requests that require action."",
      count: nReq,
      href: `${base}/client`,
    })",apps/web/lib/domain/project-handover/handover-readiness.ts,132,fallback router.push call; source CTA may be nearby
generated.apps.web.lib.domain.project.handover.handover.readiness.ts.router-push.144,button,,dashboard-shared,"router.push({
      code: ""blocking_punch_defects"",
      severity: ""blocking"",
      title: ""Blocking punch list items"",
      detail: ""Open defects marked as blocking handover must be cleared or reclassified."",
      count: blockingDefects,
      href: `${base}?tab=defects`,
    })",apps/web/lib/domain/project-handover/handover-readiness.ts,144,fallback router.push call; source CTA may be nearby
generated.apps.web.lib.domain.projects.project.attention.repository.ts.router-push.99,button,,dashboard-shared,"router.push({
        id: `pending_decision:${d.id}`,
        type: ""pending_decision"",
        severity: sev,
        title: d.title,
        reason: ""Awaiting approval or rejection"",
        route: viewerRole === ""owner"" ? `${basePath}/owner` : `${basePath}?tab=documents`,
        entityType: ""document"",
        entityId: d.id,
        createdAt: d.created_at,
      })",apps/web/lib/domain/projects/project-attention.repository.ts,99,fallback router.push call; source CTA may be nearby
generated.apps.web.lib.domain.projects.project.attention.repository.ts.router-push.111,button,,dashboard-shared,"router.push({
      type: ""pending_decision"",
      label: SECTION_LABELS.pending_decision,
      severity: sev,
      items: items.filter((i) => i.type === ""pending_decision""),
    })",apps/web/lib/domain/projects/project-attention.repository.ts,111,fallback router.push call; source CTA may be nearby
generated.apps.web.lib.domain.projects.project.attention.repository.ts.router-push.126,button,,dashboard-shared,"router.push({
        id: `changes_requested:${d.id}`,
        type: ""changes_requested"",
        severity: sev,
        title: d.title,
        reason: ""Needs resubmission after owner feedback"",
        route: viewerRole === ""owner"" ? `${basePath}/owner` : `${basePath}?tab=documents`,
        entityType: ""document"",
        entityId: d.id,
        createdAt: d.created_at,
      })",apps/web/lib/domain/projects/project-attention.repository.ts,126,fallback router.push call; source CTA may be nearby
generated.apps.web.lib.domain.projects.project.attention.repository.ts.router-push.138,button,,dashboard-shared,"router.push({
      type: ""changes_requested"",
      label: SECTION_LABELS.changes_requested,
      severity: sev,
      items: items.filter((i) => i.type === ""changes_requested""),
    })",apps/web/lib/domain/projects/project-attention.repository.ts,138,fallback router.push call; source CTA may be nearby
generated.apps.web.lib.domain.projects.project.attention.repository.ts.router-push.151,button,,dashboard-shared,"router.push({
        id: `open_issue:${iss.id}`,
        type: ""open_issue"",
        severity: sev,
        title: iss.title,
        reason: iss.status === ""in_review"" ? ""In review"" : ""Open"",
        route: `${basePath}?tab=issues`,
        entityType: ""issue"",
        entityId: iss.id,
        createdAt: iss.created_at,
      })",apps/web/lib/domain/projects/project-attention.repository.ts,151,fallback router.push call; source CTA may be nearby
generated.apps.web.lib.domain.projects.project.attention.repository.ts.router-push.163,button,,dashboard-shared,"router.push({
      type: ""open_issue"",
      label: SECTION_LABELS.open_issue,
      severity: issues.length >= 3 ? ""critical"" : ""warning"",
      items: items.filter((i) => i.type === ""open_issue""),
    })",apps/web/lib/domain/projects/project-attention.repository.ts,163,fallback router.push call; source CTA may be nearby
generated.apps.web.lib.domain.projects.project.status.service.ts.router-push.105,button,,dashboard-shared,"router.push({
      id: ""pending_report_approvals"",
      label: ""Reports awaiting approval"",
      severity: pendingReportApprovals >= 5 ? ""critical"" : ""warning"",
      count: pendingReportApprovals,
    })",apps/web/lib/domain/projects/project-status.service.ts,105,fallback router.push call; source CTA may be nearby
generated.apps.web.lib.domain.projects.project.status.service.ts.router-push.113,button,,dashboard-shared,"router.push({
      id: ""overdue_milestones"",
      label: ""Overdue milestones"",
      severity: overdueMilestones >= 2 ? ""critical"" : ""warning"",
      count: overdueMilestones,
    })",apps/web/lib/domain/projects/project-status.service.ts,113,fallback router.push call; source CTA may be nearby
generated.apps.web.lib.domain.projects.project.status.service.ts.router-push.121,button,,dashboard-shared,"router.push({
      id: ""open_issues"",
      label: ""Open issues"",
      severity: openIssues >= 3 ? ""critical"" : openIssues >= 1 ? ""warning"" : ""info"",
      count: openIssues,
    })",apps/web/lib/domain/projects/project-status.service.ts,121,fallback router.push call; source CTA may be nearby
generated.apps.web.lib.domain.projects.project.status.service.ts.router-push.129,button,,dashboard-shared,"router.push({
      id: ""pending_decisions"",
      label: ""Documents awaiting decision"",
      severity: pendingDecisions >= 2 ? ""critical"" : ""warning"",
      count: pendingDecisions,
    })",apps/web/lib/domain/projects/project-status.service.ts,129,fallback router.push call; source CTA may be nearby
generated.apps.web.lib.domain.projects.project.status.service.ts.router-push.137,button,,dashboard-shared,"router.push({
      id: ""commercial_overdue"",
      label: ""Commercial / billing items overdue or unpaid past due date"",
      severity: commercialOverdueCount >= 2 ? ""critical"" : ""warning"",
      count: commercialOverdueCount,
    })",apps/web/lib/domain/projects/project-status.service.ts,137,fallback router.push call; source CTA may be nearby
generated.apps.web.lib.domain.projects.project.status.service.ts.router-push.146,button,,dashboard-shared,"router.push({
        id: ""budget_over_project"",
        label: ""Project is over budget (actual exceeds planned total)"",
        severity: ""critical"",
      })",apps/web/lib/domain/projects/project-status.service.ts,146,fallback router.push call; source CTA may be nearby
generated.apps.web.lib.domain.projects.project.status.service.ts.router-push.152,button,,dashboard-shared,"router.push({
        id: ""budget_near_limit"",
        label: ""Project budget: most of planned amount is used"",
        severity: ""warning"",
      })",apps/web/lib/domain/projects/project-status.service.ts,152,fallback router.push call; source CTA may be nearby
generated.apps.web.lib.domain.projects.project.status.service.ts.router-push.159,button,,dashboard-shared,"router.push({
        id: ""cost_line_overruns"",
        label: ""Cost line(s) with actual above planned"",
        severity: budgetOverBudget ? ""critical"" : ""warning"",
        count: costLineOverrunCount,
      })",apps/web/lib/domain/projects/project-status.service.ts,159,fallback router.push call; source CTA may be nearby
generated.apps.web.lib.domain.projects.project.status.service.ts.router-push.170,button,,dashboard-shared,"router.push({
      code: ""all_tasks_done"",
      label: ""All tasks completed"",
      hint: `${done}/${total} tasks done`,
    })",apps/web/lib/domain/projects/project-status.service.ts,170,fallback router.push call; source CTA may be nearby
generated.apps.web.lib.domain.projects.project.status.service.ts.router-push.176,button,,dashboard-shared,"router.push({
        code: ""budget_over_project"",
        label: ""Budget: actual exceeds planned"",
        hint: ""Review cost items on the Costs tab"",
      })",apps/web/lib/domain/projects/project-status.service.ts,176,fallback router.push call; source CTA may be nearby
generated.apps.web.lib.domain.projects.project.status.service.ts.router-push.196,button,,dashboard-shared,"router.push({
      code: ""no_tasks_or_milestones"",
      label: ""No tasks or milestones yet"",
      hint: ""Project setup in progress"",
    })",apps/web/lib/domain/projects/project-status.service.ts,196,fallback router.push call; source CTA may be nearby
generated.apps.web.lib.domain.projects.project.status.service.ts.router-push.211,button,,dashboard-shared,"router.push({
      code: ""blocked_on_decisions"",
      label: ""Multiple documents awaiting approval"",
      hint: `${pendingDecisions} documents under review`,
    })",apps/web/lib/domain/projects/project-status.service.ts,211,fallback router.push call; source CTA may be nearby
generated.apps.web.lib.domain.projects.project.status.service.ts.router-push.226,button,,dashboard-shared,"router.push({
      code: ""open_issues_high"",
      label: ""Several open issues need attention"",
      hint: `${openIssues} open or in-review issues`,
    })",apps/web/lib/domain/projects/project-status.service.ts,226,fallback router.push call; source CTA may be nearby
generated.apps.web.lib.domain.projects.project.status.service.ts.router-push.240,button,,dashboard-shared,"router.push({
    code: ""normal_progress"",
    label: ""Project in progress"",
    hint: total > 0 ? `${done}/${total} tasks done` : ""No tasks yet"",
  })",apps/web/lib/domain/projects/project-status.service.ts,240,fallback router.push call; source CTA may be nearby
generated.apps.web.lib.domain.projects.project.status.service.ts.router-push.246,button,,dashboard-shared,"router.push({
      code: ""budget_over_project"",
      label: ""Budget: actual exceeds planned"",
      hint: ""Review cost items on the Costs tab"",
    })",apps/web/lib/domain/projects/project-status.service.ts,246,fallback router.push call; source CTA may be nearby
generated.apps.web.lib.domain.projects.project.status.service.ts.router-push.255,button,,dashboard-shared,"router.push({
      code: ""budget_pressure"",
      label: ""Budget pressure on cost lines"",
      hint:
        costLineOverrunCount > 0
          ? `${costLineOverrunCount} line(s) over planned`
          : ""Spending is close to planned total"",
    })",apps/web/lib/domain/projects/project-status.service.ts,255,fallback router.push call; source CTA may be nearby
generated.apps.web.lib.domain.projects.project.timeline.repository.ts.router-push.84,button,,dashboard-shared,"router.push({
      id: `issue_created:${i.id}`,
      eventType: ""issue_created"",
      occurredAt: i.created_at,
      actorId: i.created_by ?? undefined,
      actorLabel: null,
      title: `Issue created: ${i.title}`,
      description: null,
      projectId,
      entityType: ""issue"",
      entityId: i.id,
      targetUrl: `${baseUrl}?tab=issues`,
    })",apps/web/lib/domain/projects/project-timeline.repository.ts,84,fallback router.push call; source CTA may be nearby
generated.apps.web.lib.domain.projects.project.timeline.repository.ts.router-push.98,button,,dashboard-shared,"router.push({
        id: `issue_status_changed:${i.id}`,
        eventType: ""issue_status_changed"",
        occurredAt: i.updated_at,
        actorId: undefined,
        actorLabel: null,
        title: `Issue moved to review: ${i.title}`,
        description: null,
        projectId,
        entityType: ""issue"",
        entityId: i.id,
        targetUrl: `${baseUrl}?tab=issues`,
      })",apps/web/lib/domain/projects/project-timeline.repository.ts,98,fallback router.push call; source CTA may be nearby
generated.apps.web.lib.domain.projects.project.timeline.repository.ts.router-push.113,button,,dashboard-shared,"router.push({
        id: `issue_resolved:${i.id}`,
        eventType: ""issue_resolved"",
        occurredAt: i.resolved_at,
        actorId: i.resolved_by ?? undefined,
        actorLabel: null,
        title: `Issue resolved: ${i.title}`,
        description: null,
        projectId,
        entityType: ""issue"",
        entityId: i.id,
        targetUrl: `${baseUrl}?tab=issues`,
      })",apps/web/lib/domain/projects/project-timeline.repository.ts,113,fallback router.push call; source CTA may be nearby
generated.apps.web.lib.domain.projects.project.timeline.repository.ts.router-push.143,button,,dashboard-shared,"router.push({
        id: isResubmission ? `doc_resubmitted:${d.id}` : `doc_submitted:${d.id}`,
        eventType: isResubmission ? ""document_resubmitted_for_review"" : ""document_submitted_for_review"",
        occurredAt: d.updated_at,
        actorId: d.created_by ?? undefined,
        actorLabel: null,
        title: isResubmission
          ? `${d.type} resubmitted for review: ${d.title}`
          : `${d.type} submitted for review: ${d.title}`,
        description: null,
        projectId,
        entityType: ""document"",
        entityId: d.id,
        targetUrl: `${baseUrl}?tab=documents`,
      })",apps/web/lib/domain/projects/project-timeline.repository.ts,143,fallback router.push call; source CTA may be nearby
generated.apps.web.lib.domain.projects.project.timeline.repository.ts.router-push.159,button,,dashboard-shared,"router.push({
        id: `doc_approved:${d.id}`,
        eventType: ""owner_decision_approved"",
        occurredAt: d.updated_at,
        actorId: d.decided_by ?? undefined,
        actorLabel: null,
        title: `${d.type} approved: ${d.title}`,
        description: null,
        projectId,
        entityType: ""document"",
        entityId: d.id,
        targetUrl: `${baseUrl}?tab=documents`,
      })",apps/web/lib/domain/projects/project-timeline.repository.ts,159,fallback router.push call; source CTA may be nearby
generated.apps.web.lib.domain.projects.project.timeline.repository.ts.router-push.173,button,,dashboard-shared,"router.push({
        id: `doc_rejected:${d.id}`,
        eventType: ""owner_decision_rejected"",
        occurredAt: d.updated_at,
        actorId: d.decided_by ?? undefined,
        actorLabel: null,
        title: `${d.type} rejected: ${d.title}`,
        description: null,
        projectId,
        entityType: ""document"",
        entityId: d.id,
        targetUrl: `${baseUrl}?tab=documents`,
      })",apps/web/lib/domain/projects/project-timeline.repository.ts,173,fallback router.push call; source CTA may be nearby
generated.apps.web.lib.domain.projects.project.timeline.repository.ts.router-push.187,button,,dashboard-shared,"router.push({
        id: `doc_changes:${d.id}`,
        eventType: ""owner_decision_changes_requested"",
        occurredAt: d.updated_at,
        actorId: d.decided_by ?? undefined,
        actorLabel: null,
        title: `Changes requested: ${d.title}`,
        description: null,
        projectId,
        entityType: ""document"",
        entityId: d.id,
        targetUrl: `${baseUrl}?tab=documents`,
      })",apps/web/lib/domain/projects/project-timeline.repository.ts,187,fallback router.push call; source CTA may be nearby
generated.apps.web.lib.domain.projects.project.timeline.repository.ts.router-push.212,button,,dashboard-shared,"router.push({
      id: `task_assigned:${t.id}`,
      eventType: ""task_assigned"",
      occurredAt: t.updated_at,
      actorId: undefined,
      actorLabel: null,
      title: `Task assigned: ${t.title}`,
      description: null,
      projectId,
      entityType: ""task"",
      entityId: t.id,
      targetUrl: `${baseUrl}?tab=schedule`,
    })",apps/web/lib/domain/projects/project-timeline.repository.ts,212,fallback router.push call; source CTA may be nearby
generated.apps.web.lib.domain.projects.project.timeline.repository.ts.router-push.234,button,,dashboard-shared,"router.push({
      id: `task_done:${t.id}`,
      eventType: ""task_completed"",
      occurredAt: t.updated_at,
      actorId: undefined,
      actorLabel: null,
      title: `Task completed: ${t.title}`,
      description: null,
      projectId,
      entityType: ""task"",
      entityId: t.id,
      targetUrl: `${baseUrl}?tab=schedule`,
    })",apps/web/lib/domain/projects/project-timeline.repository.ts,234,fallback router.push call; source CTA may be nearby
generated.apps.web.lib.domain.projects.project.timeline.repository.ts.router-push.282,button,,dashboard-shared,router.push(r),apps/web/lib/domain/projects/project-timeline.repository.ts,282,fallback router.push call; source CTA may be nearby
generated.apps.web.lib.domain.projects.project.timeline.repository.ts.router-push.288,button,,dashboard-shared,"router.push({
      id: `report_submitted:${r.id}`,
      eventType: ""report_submitted"",
      occurredAt: r.submitted_at,
      actorId: r.user_id,
      actorLabel: null,
      title: ""Report submitted"",
      description: null,
      projectId,
      entityType: ""report"",
      entityId: r.id,
      targetUrl: ""/dashboard/daily-reports"",
    })",apps/web/lib/domain/projects/project-timeline.repository.ts,288,fallback router.push call; source CTA may be nearby
generated.apps.web.lib.domain.projects.project.timeline.repository.ts.router-push.311,button,,dashboard-shared,"router.push({
      id: `service_req_created:${s.id}`,
      eventType: ""service_request_reported"",
      occurredAt: s.created_at,
      actorId: undefined,
      actorLabel: null,
      title: `Aftercare request: ${s.title}`,
      description: null,
      projectId,
      entityType: ""service_request"",
      entityId: s.id,
      targetUrl: `${baseUrl}?tab=aftercare`,
    })",apps/web/lib/domain/projects/project-timeline.repository.ts,311,fallback router.push call; source CTA may be nearby
generated.apps.web.lib.domain.projects.project.timeline.repository.ts.router-push.325,button,,dashboard-shared,"router.push({
        id: `service_req_resolved:${s.id}`,
        eventType: ""service_request_resolved"",
        occurredAt: s.resolved_at,
        actorId: undefined,
        actorLabel: null,
        title: `Aftercare resolved: ${s.title}`,
        description: null,
        projectId,
        entityType: ""service_request"",
        entityId: s.id,
        targetUrl: `${baseUrl}?tab=aftercare`,
      })",apps/web/lib/domain/projects/project-timeline.repository.ts,325,fallback router.push call; source CTA may be nearby
generated.apps.web.lib.domain.projects.stakeholder.activity.timeline.repository.ts.router-push.109,button,,dashboard-shared,"router.push({
      id: `hv:${he.created_at}:${he.to_status}`,
      eventType,
      occurredAt: he.created_at,
      title,
      description: null,
      projectId,
      targetUrl: portalRequestsUrl,
      actorId: null,
      visibility: ""both"",
      actionNeeded: false,
    })",apps/web/lib/domain/projects/stakeholder-activity-timeline.repository.ts,109,fallback router.push call; source CTA may be nearby
generated.apps.web.lib.domain.projects.stakeholder.activity.timeline.repository.ts.router-push.126,button,,dashboard-shared,"router.push({
      id: `co:open:${co.id}`,
      eventType: ""change_order_opened"",
      occurredAt: co.created_at,
      title: `Change order: ${co.title}`,
      description: co.status.replace(/_/g, "" ""),
      projectId,
      targetUrl: `${changeOrdersUrl}/${co.id}`,
      actorId: null,
      visibility: ""both"",
      actionNeeded: false,
    })",apps/web/lib/domain/projects/stakeholder-activity-timeline.repository.ts,126,fallback router.push call; source CTA may be nearby
generated.apps.web.lib.domain.projects.stakeholder.activity.timeline.repository.ts.router-push.139,button,,dashboard-shared,"router.push({
        id: `co:impl:${co.id}`,
        eventType: ""change_order_implemented"",
        occurredAt: co.implemented_at,
        title: `Change order implemented: ${co.title}`,
        description: null,
        projectId,
        targetUrl: `${changeOrdersUrl}/${co.id}`,
        actorId: null,
        visibility: ""both"",
        actionNeeded: false,
      })",apps/web/lib/domain/projects/stakeholder-activity-timeline.repository.ts,139,fallback router.push call; source CTA may be nearby
generated.apps.web.lib.domain.projects.stakeholder.activity.timeline.repository.ts.router-push.157,button,,dashboard-shared,"router.push({
      id: `sd:open:${disc.id}`,
      eventType: ""discussion_opened"",
      occurredAt: disc.created_at,
      title: `Discussion opened: ${disc.title}`,
      description: null,
      projectId,
      targetUrl: `${discussionsUrl}/${disc.id}`,
      actorId: null,
      visibility: ""both"",
      actionNeeded:
        disc.status === ""awaiting_stakeholder"" && viewer === ""stakeholder"",
    })",apps/web/lib/domain/projects/stakeholder-activity-timeline.repository.ts,157,fallback router.push call; source CTA may be nearby
generated.apps.web.lib.domain.projects.stakeholder.activity.timeline.repository.ts.router-push.171,button,,dashboard-shared,"router.push({
        id: `sd:res:${disc.id}`,
        eventType: ""discussion_resolved"",
        occurredAt: disc.resolved_at,
        title: `Discussion resolved: ${disc.title}`,
        description: null,
        projectId,
        targetUrl: `${discussionsUrl}/${disc.id}`,
        actorId: null,
        visibility: ""both"",
        actionNeeded: false,
      })",apps/web/lib/domain/projects/stakeholder-activity-timeline.repository.ts,171,fallback router.push call; source CTA may be nearby
generated.apps.web.lib.domain.projects.stakeholder.activity.timeline.repository.ts.router-push.200,button,,dashboard-shared,"router.push({
      id: `cr:${ev.id}`,
      eventType: mapped,
      occurredAt: ev.created_at,
      title,
      description: null,
      projectId,
      targetUrl: portalRequestsUrl,
      actorId: ev.actor_user_id,
      visibility: isUpdatedInternal ? ""internal"" : ""both"",
      actionNeeded,
    })",apps/web/lib/domain/projects/stakeholder-activity-timeline.repository.ts,200,fallback router.push call; source CTA may be nearby
generated.apps.web.lib.domain.projects.stakeholder.activity.timeline.repository.ts.router-push.217,button,,dashboard-shared,"router.push({
        id: `sh:invite:${s.id}`,
        eventType: ""stakeholder_invite_sent"",
        occurredAt: s.created_at,
        title: `Invitation sent: ${s.email}`,
        description: s.status === ""invited"" ? ""Pending acceptance"" : null,
        projectId,
        targetUrl: `${baseUrl}?tab=activity`,
        actorId: null,
        visibility: ""internal"",
        actionNeeded: s.status === ""invited"",
      })",apps/web/lib/domain/projects/stakeholder-activity-timeline.repository.ts,217,fallback router.push call; source CTA may be nearby
generated.apps.web.lib.domain.projects.stakeholder.activity.timeline.repository.ts.router-push.230,button,,dashboard-shared,"router.push({
          id: `sh:join:${s.id}`,
          eventType: ""stakeholder_joined_portal"",
          occurredAt: s.accepted_at,
          title: `Stakeholder joined portal: ${s.email}`,
          description: null,
          projectId,
          targetUrl: `${baseUrl}?tab=activity`,
          actorId: s.user_id,
          visibility: ""internal"",
          actionNeeded: false,
        })",apps/web/lib/domain/projects/stakeholder-activity-timeline.repository.ts,230,fallback router.push call; source CTA may be nearby
generated.apps.web.lib.domain.projects.stakeholder.activity.timeline.repository.ts.router-push.247,button,,dashboard-shared,"router.push({
        id: `sh:self:${self.id}`,
        eventType: ""stakeholder_joined_portal"",
        occurredAt: self.accepted_at,
        title: ""You joined the client portal"",
        description: null,
        projectId,
        targetUrl: portalRequestsUrl,
        actorId: null,
        visibility: ""stakeholder"",
        actionNeeded: false,
      })",apps/web/lib/domain/projects/stakeholder-activity-timeline.repository.ts,247,fallback router.push call; source CTA may be nearby
generated.apps.web.lib.domain.recurring.operations.recurring.operations.repository.ts.router-push.110,button,,dashboard-shared,"router.push({
      project_id: pid,
      rule_kind: row.rule_kind,
      fired_at: row.fired_at,
      project_name: pid ? names.get(pid) ?? null : null,
    })",apps/web/lib/domain/recurring-operations/recurring-operations.repository.ts,110,fallback router.push call; source CTA may be nearby
generated.apps.web.lib.domain.reports.report.service.ts.router-push.141,button,,dashboard-shared,router.push(reportJob.id),apps/web/lib/domain/reports/report.service.ts,141,fallback router.push call; source CTA may be nearby
generated.apps.web.lib.domain.reports.report.service.ts.router-push.156,button,,dashboard-shared,router.push(mediaJob.id),apps/web/lib/domain/reports/report.service.ts,156,fallback router.push call; source CTA may be nearby
generated.apps.web.lib.domain.review.packs.portfolio.review.pack.service.ts.router-push.46,button,,dashboard-shared,router.push(`Prioritize ${critical.length} critical project(s): clear dominant blockers per project row.`),apps/web/lib/domain/review-packs/portfolio-review-pack.service.ts,46,fallback router.push call; source CTA may be nearby
generated.apps.web.lib.domain.review.packs.portfolio.review.pack.service.ts.router-push.50,button,,dashboard-shared,router.push(`${budgetCritical} critical project(s) have budget pressure — align with cost tabs.`),apps/web/lib/domain/review-packs/portfolio-review-pack.service.ts,50,fallback router.push call; source CTA may be nearby
generated.apps.web.lib.domain.review.packs.portfolio.review.pack.service.ts.router-push.53,button,,dashboard-shared,router.push(`Review ${attention.length} attention project(s) for decisions and client/stakeholder follow-through.`),apps/web/lib/domain/review-packs/portfolio-review-pack.service.ts,53,fallback router.push call; source CTA may be nearby
generated.apps.web.lib.domain.review.packs.portfolio.review.pack.service.ts.router-push.56,button,,dashboard-shared,"router.push(""Keep weekly portfolio review cadence; no urgent cross-portfolio escalation from this snapshot."")",apps/web/lib/domain/review-packs/portfolio-review-pack.service.ts,56,fallback router.push call; source CTA may be nearby
generated.apps.web.lib.domain.review.packs.project.review.pack.service.ts.router-push.39,button,,dashboard-shared,"router.push(""Review cost position and variance with finance / project lead."")",apps/web/lib/domain/review-packs/project-review-pack.service.ts,39,fallback router.push call; source CTA may be nearby
generated.apps.web.lib.domain.review.packs.project.review.pack.service.ts.router-push.42,button,,dashboard-shared,"router.push(""Clear handover blockers in priority order before closing."")",apps/web/lib/domain/review-packs/project-review-pack.service.ts,42,fallback router.push call; source CTA may be nearby
generated.apps.web.lib.domain.review.packs.project.review.pack.service.ts.router-push.45,button,,dashboard-shared,"router.push(""Resolve or downgrade blocking punch items before handover."")",apps/web/lib/domain/review-packs/project-review-pack.service.ts,45,fallback router.push call; source CTA may be nearby
generated.apps.web.lib.domain.review.packs.project.review.pack.service.ts.router-push.48,button,,dashboard-shared,"router.push(""Clear document approvals awaiting decision."")",apps/web/lib/domain/review-packs/project-review-pack.service.ts,48,fallback router.push call; source CTA may be nearby
generated.apps.web.lib.domain.review.packs.project.review.pack.service.ts.router-push.51,button,,dashboard-shared,"router.push(""Review submitted field reports in Approvals."")",apps/web/lib/domain/review-packs/project-review-pack.service.ts,51,fallback router.push call; source CTA may be nearby
generated.apps.web.lib.domain.review.packs.project.review.pack.service.ts.router-push.54,button,,dashboard-shared,"router.push(""Respond to client requests and open discussions."")",apps/web/lib/domain/review-packs/project-review-pack.service.ts,54,fallback router.push call; source CTA may be nearby
generated.apps.web.lib.domain.review.packs.project.review.pack.service.ts.router-push.57,button,,dashboard-shared,"router.push(""Triage open aftercare / warranty requests."")",apps/web/lib/domain/review-packs/project-review-pack.service.ts,57,fallback router.push call; source CTA may be nearby
generated.apps.web.lib.domain.review.packs.project.review.pack.service.ts.router-push.60,button,,dashboard-shared,"router.push(""Clear overdue commercial billing lines and confirm payment status."")",apps/web/lib/domain/review-packs/project-review-pack.service.ts,60,fallback router.push call; source CTA may be nearby
generated.apps.web.lib.domain.review.packs.project.review.pack.service.ts.router-push.63,button,,dashboard-shared,"router.push(""Maintain current cadence; no single dominant executive action."")",apps/web/lib/domain/review-packs/project-review-pack.service.ts,63,fallback router.push call; source CTA may be nearby
generated.apps.web.lib.domain.traceability.traceability.mappers.ts.router-push.13,button,,dashboard-shared,"router.push({
      entityType: ""discussion"",
      entityId: row.linked_discussion_id,
      role: ""context"",
    })",apps/web/lib/domain/traceability/traceability.mappers.ts,13,fallback router.push call; source CTA may be nearby
generated.apps.web.lib.domain.traceability.traceability.mappers.ts.router-push.20,button,,dashboard-shared,"router.push({ entityType: ""document"", entityId: row.linked_document_id, role: ""context"" })",apps/web/lib/domain/traceability/traceability.mappers.ts,20,fallback router.push call; source CTA may be nearby
generated.apps.web.lib.domain.traceability.traceability.mappers.ts.router-push.23,button,,dashboard-shared,"router.push({
      entityType: ""client_request"",
      entityId: row.linked_request_id,
      role: ""context"",
    })",apps/web/lib/domain/traceability/traceability.mappers.ts,23,fallback router.push call; source CTA may be nearby
generated.apps.web.lib.domain.traceability.traceability.mappers.ts.router-push.40,button,,dashboard-shared,"router.push({
      entityType: ""discussion"",
      entityId: row.linked_discussion_id,
      role: ""context"",
    })",apps/web/lib/domain/traceability/traceability.mappers.ts,40,fallback router.push call; source CTA may be nearby
generated.apps.web.lib.domain.traceability.traceability.mappers.ts.router-push.47,button,,dashboard-shared,"router.push({ entityType: ""document"", entityId: row.linked_document_id, role: ""context"" })",apps/web/lib/domain/traceability/traceability.mappers.ts,47,fallback router.push call; source CTA may be nearby
generated.apps.web.lib.domain.traceability.traceability.mappers.ts.router-push.50,button,,dashboard-shared,"router.push({
      entityType: ""client_request"",
      entityId: row.linked_request_id,
      role: ""context"",
    })",apps/web/lib/domain/traceability/traceability.mappers.ts,50,fallback router.push call; source CTA may be nearby
generated.apps.web.lib.domain.traceability.traceability.mappers.ts.router-push.57,button,,dashboard-shared,"router.push({
      entityType: ""milestone"",
      entityId: row.linked_milestone_id,
      role: ""context"",
    })",apps/web/lib/domain/traceability/traceability.mappers.ts,57,fallback router.push call; source CTA may be nearby
generated.apps.web.lib.domain.traceability.traceability.mappers.ts.router-push.73,button,,dashboard-shared,"router.push({
      entityType: ""handover"",
      entityId: row.linked_handover_id,
      role: ""context"",
    })",apps/web/lib/domain/traceability/traceability.mappers.ts,73,fallback router.push call; source CTA may be nearby
generated.apps.web.lib.domain.traceability.traceability.mappers.ts.router-push.80,button,,dashboard-shared,"router.push({ entityType: ""defect"", entityId: row.linked_defect_id, role: ""consequence"" })",apps/web/lib/domain/traceability/traceability.mappers.ts,80,fallback router.push call; source CTA may be nearby
generated.apps.web.lib.domain.traceability.traceability.mappers.ts.router-push.83,button,,dashboard-shared,"router.push({
      entityType: ""discussion"",
      entityId: row.linked_discussion_id,
      role: ""context"",
    })",apps/web/lib/domain/traceability/traceability.mappers.ts,83,fallback router.push call; source CTA may be nearby
generated.apps.web.lib.domain.traceability.traceability.repository.ts.router-push.271,button,,dashboard-shared,"router.push(mapChangeOrderEvent(projectId, row, order))",apps/web/lib/domain/traceability/traceability.repository.ts,271,fallback router.push call; source CTA may be nearby
generated.apps.web.lib.domain.traceability.traceability.repository.ts.router-push.283,button,,dashboard-shared,"router.push(mapHandoverEvent(projectId, row))",apps/web/lib/domain/traceability/traceability.repository.ts,283,fallback router.push call; source CTA may be nearby
generated.apps.web.lib.domain.traceability.traceability.repository.ts.router-push.289,button,,dashboard-shared,"router.push(mapDefectEvent(projectId, row, d))",apps/web/lib/domain/traceability/traceability.repository.ts,289,fallback router.push call; source CTA may be nearby
generated.apps.web.lib.domain.traceability.traceability.repository.ts.router-push.295,button,,dashboard-shared,"router.push(mapServiceRequestEvent(projectId, row, s))",apps/web/lib/domain/traceability/traceability.repository.ts,295,fallback router.push call; source CTA may be nearby
generated.apps.web.lib.domain.traceability.traceability.repository.ts.router-push.300,button,,dashboard-shared,"router.push(mapDiscussionEntry(projectId, row, d?.title ?? ""Discussion""))",apps/web/lib/domain/traceability/traceability.repository.ts,300,fallback router.push call; source CTA may be nearby
generated.apps.web.lib.domain.traceability.traceability.repository.ts.router-push.305,button,,dashboard-shared,"router.push(mapDocumentEvent(projectId, ev.document_id, title, ev))",apps/web/lib/domain/traceability/traceability.repository.ts,305,fallback router.push call; source CTA may be nearby
generated.apps.web.lib.domain.traceability.traceability.repository.ts.router-push.309,button,,dashboard-shared,"router.push(mapReportApprovalEvent(ev.report_id, ev))",apps/web/lib/domain/traceability/traceability.repository.ts,309,fallback router.push call; source CTA may be nearby
generated.apps.web.lib.domain.workers.worker.list.repository.ts.router-push.83,button,,dashboard-shared,"router.push({
      user_id,
      last_day_date: day.day_date,
      last_started_at: day.started_at,
      last_ended_at: day.ended_at,
      last_report_submitted_at: lastReport,
      anomalies: { open_shift, overtime, no_activity },
    })",apps/web/lib/domain/workers/worker-list.repository.ts,83,fallback router.push call; source CTA may be nearby
generated.apps.web.lib.domain.workload.workload.service.ts.router-push.57,button,,dashboard-shared,router.push(row),apps/web/lib/domain/workload/workload.service.ts,57,fallback router.push call; source CTA may be nearby
generated.apps.web.lib.domain.workload.workload.service.ts.router-push.80,button,,dashboard-shared,"router.push({ id: row.id, title: row.title })",apps/web/lib/domain/workload/workload.service.ts,80,fallback router.push call; source CTA may be nearby
generated.apps.web.lib.domain.workload.workload.service.ts.router-push.123,button,,dashboard-shared,"router.push({
      id: `recurring:${r.rule_kind}:${r.project_id}:${r.fired_at}`,
      audience: ""manager"",
      kind: wk,
      priority: ""high"",
      title: `Automation reminder — ${humanRuleLabel(rk)} — ${pname}`,
      reason: `Raised by recurring rule ""${r.rule_kind}"" (last fired ${r.fired_at.slice(0, 10)}). Review while the condition still applies.`,
      project_id: r.project_id,
      project_name: pname,
      linked_entity_type: ""recurring_rule"",
      linked_entity_id: r.rule_kind,
      action_url: actionUrlForRecurringRule(r.project_id, rk),
      due_state: ""waiting_on_team"",
      status_bucket: ""review"",
    })",apps/web/lib/domain/workload/workload.service.ts,123,fallback router.push call; source CTA may be nearby
generated.apps.web.lib.domain.workload.workload.service.ts.router-push.193,button,,dashboard-shared,"router.push({
      id: `manager:pending_reports:${tenantId}`,
      audience: ""manager"",
      kind: ""pending_reports_queue"",
      priority: ""high"",
      title: `${totalPendingReports} field report(s) awaiting review`,
      reason: ""Submitted reports need manager approval across your projects."",
      project_id: null,
      project_name: null,
      linked_entity_type: null,
      linked_entity_id: null,
      action_url: ""/dashboard/approvals"",
      due_state: ""waiting_on_team"",
      status_bucket: statusBucketFor(""high""),
    })",apps/web/lib/domain/workload/workload.service.ts,193,fallback router.push call; source CTA may be nearby
generated.apps.web.lib.domain.workload.workload.service.ts.router-push.230,button,,dashboard-shared,"router.push({
        id: `manager:overdue_milestones:${p.id}`,
        audience: ""manager"",
        kind: ""overdue_milestones"",
        priority: pri,
        title: `Overdue milestones — ${p.name}`,
        reason: `${summary.overdueMilestonesCount} active milestone(s) past target date.`,
        project_id: p.id,
        project_name: p.name,
        linked_entity_type: null,
        linked_entity_id: null,
        action_url: `${base}?tab=schedule`,
        due_state: dueStateForManager(""overdue_milestones"", summary.overdueMilestonesCount, 0),
        status_bucket: statusBucketFor(pri),
      })",apps/web/lib/domain/workload/workload.service.ts,230,fallback router.push call; source CTA may be nearby
generated.apps.web.lib.domain.workload.workload.service.ts.router-push.248,button,,dashboard-shared,"router.push({
        id: `manager:budget:${p.id}`,
        audience: ""manager"",
        kind: ""budget_over_planned"",
        priority: ""urgent"",
        title: `Budget over planned — ${p.name}`,
        reason: ""Actual costs exceed planned total for this project."",
        project_id: p.id,
        project_name: p.name,
        linked_entity_type: null,
        linked_entity_id: null,
        action_url: `${base}?tab=costs`,
        due_state: ""blocking"",
        status_bucket: ""risk"",
      })",apps/web/lib/domain/workload/workload.service.ts,248,fallback router.push call; source CTA may be nearby
generated.apps.web.lib.domain.workload.workload.service.ts.router-push.266,button,,dashboard-shared,"router.push({
        id: `manager:pending_docs:${p.id}`,
        audience: ""manager"",
        kind: ""pending_document_decisions"",
        priority: pri,
        title: `Documents awaiting decision — ${p.name}`,
        reason: `${summary.pendingDecisionsCount} document(s) under review need approval or rejection.`,
        project_id: p.id,
        project_name: p.name,
        linked_entity_type: null,
        linked_entity_id: null,
        action_url: `${base}?tab=documents`,
        due_state: ""waiting_on_team"",
        status_bucket: statusBucketFor(pri),
      })",apps/web/lib/domain/workload/workload.service.ts,266,fallback router.push call; source CTA may be nearby
generated.apps.web.lib.domain.workload.workload.service.ts.router-push.284,button,,dashboard-shared,"router.push({
        id: `manager:blocking_defects:${p.id}`,
        audience: ""manager"",
        kind: ""blocking_punch_defects"",
        priority: ""urgent"",
        title: `Blocking punch list — ${p.name}`,
        reason: `${blockingDefects} defect(s) marked as blocking handover.`,
        project_id: p.id,
        project_name: p.name,
        linked_entity_type: null,
        linked_entity_id: null,
        action_url: `${base}?tab=defects`,
        due_state: dueStateForManager(""blocking_punch_defects"", 0, blockingDefects),
        status_bucket: ""risk"",
      })",apps/web/lib/domain/workload/workload.service.ts,284,fallback router.push call; source CTA may be nearby
generated.apps.web.lib.domain.workload.workload.service.ts.router-push.302,button,,dashboard-shared,"router.push({
        id: `manager:aftercare:${p.id}`,
        audience: ""manager"",
        kind: ""aftercare_needs_action"",
        priority: priorityForManagerSignal({ ...sig, aftercareOpen: aftercareN }),
        title: `Aftercare / warranty — ${p.name}`,
        reason: `${aftercareN} open service request(s) need triage or follow-up.`,
        project_id: p.id,
        project_name: p.name,
        linked_entity_type: null,
        linked_entity_id: null,
        action_url: `${base}?tab=aftercare`,
        due_state: ""waiting_on_team"",
        status_bucket: statusBucketFor(pri),
      })",apps/web/lib/domain/workload/workload.service.ts,302,fallback router.push call; source CTA may be nearby
generated.apps.web.lib.domain.workload.workload.service.ts.router-push.321,button,,dashboard-shared,"router.push({
        id: `manager:disc_mgr:${p.id}`,
        audience: ""manager"",
        kind: ""discussion_awaiting_manager"",
        priority: pri,
        title: `Discussion needs your response — ${p.name}`,
        reason: `${discList.length} structured discussion(s) await the project team.`,
        project_id: p.id,
        project_name: p.name,
        linked_entity_type: ""discussion"",
        linked_entity_id: discList[0].id,
        action_url: `${base}/client/discussions/${discList[0].id}`,
        due_state: ""waiting_on_team"",
        status_bucket: statusBucketFor(pri),
      })",apps/web/lib/domain/workload/workload.service.ts,321,fallback router.push call; source CTA may be nearby
generated.apps.web.lib.domain.workload.workload.service.ts.router-push.339,button,,dashboard-shared,"router.push({
        id: `manager:handover:${p.id}`,
        audience: ""manager"",
        kind: ""handover_not_ready"",
        priority: blockers.length >= 3 ? ""urgent"" : ""high"",
        title: `Handover blocked — ${p.name}`,
        reason: `${blockers.length} readiness issue(s) before handover can complete.`,
        project_id: p.id,
        project_name: p.name,
        linked_entity_type: null,
        linked_entity_id: null,
        action_url: base,
        due_state: dueStateForManager(""handover_not_ready"", 0, 0),
        status_bucket: ""risk"",
      })",apps/web/lib/domain/workload/workload.service.ts,339,fallback router.push call; source CTA may be nearby
generated.apps.web.lib.domain.workload.workload.service.ts.router-push.358,button,,dashboard-shared,"router.push(...(await appendRecurringAutomationWorkload(supabase, tenantId, allowedIds)))",apps/web/lib/domain/workload/workload.service.ts,358,fallback router.push call; source CTA may be nearby
generated.apps.web.lib.domain.workload.workload.service.ts.router-push.399,button,,dashboard-shared,"router.push({
        id: `stakeholder:client_req:${p.id}`,
        audience: ""stakeholder"",
        kind: ""client_request_action"",
        priority: basePri,
        title: `Client action needed — ${p.name}`,
        reason: `${reqs.length} open request(s) require your response.`,
        project_id: p.id,
        project_name: p.name,
        linked_entity_type: ""client_request"",
        linked_entity_id: reqs[0].id,
        action_url: `/dashboard/projects/${p.id}/client`,
        due_state: dueStateStakeholder(),
        status_bucket: ""action_needed"",
      })",apps/web/lib/domain/workload/workload.service.ts,399,fallback router.push call; source CTA may be nearby
generated.apps.web.lib.domain.workload.workload.service.ts.router-push.417,button,,dashboard-shared,"router.push({
        id: `stakeholder:disc:${p.id}`,
        audience: ""stakeholder"",
        kind: ""discussion_awaiting_stakeholder"",
        priority: basePri,
        title: `Discussion needs you — ${p.name}`,
        reason: `${discs.length} topic(s) await your input.`,
        project_id: p.id,
        project_name: p.name,
        linked_entity_type: ""discussion"",
        linked_entity_id: discs[0].id,
        action_url: `/dashboard/projects/${p.id}/client/discussions/${discs[0].id}`,
        due_state: dueStateStakeholder(),
        status_bucket: ""action_needed"",
      })",apps/web/lib/domain/workload/workload.service.ts,417,fallback router.push call; source CTA may be nearby
generated.apps.web.lib.domain.workload.workload.service.ts.router-push.450,button,,dashboard-shared,"router.push({
      id: `leadership:portfolio:${row.id}`,
      audience: ""leadership"",
      kind: ""portfolio_critical"",
      priority: ""urgent"",
      title: `Portfolio critical — ${row.name}`,
      reason: row.primaryReason,
      project_id: row.id,
      project_name: row.name,
      linked_entity_type: null,
      linked_entity_id: null,
      action_url: row.projectHref,
      due_state: ""waiting_on_team"",
      status_bucket: ""risk"",
    })",apps/web/lib/domain/workload/workload.service.ts,450,fallback router.push call; source CTA may be nearby
generated.apps.web.lib.domain.workload.workload.service.ts.router-push.475,button,,dashboard-shared,"router.push({
      id: `governance:${gc.id}`,
      audience: ""leadership"",
      kind: ""governance_escalation"",
      priority: pri,
      title: `Governance case — ${gc.title}`,
      reason: gc.decision_required,
      project_id: first?.project_id ?? null,
      project_name: first?.project_name ?? null,
      linked_entity_type: ""governance_case"",
      linked_entity_id: gc.id,
      action_url: ""/dashboard/governance"",
      due_state: ""waiting_on_team"",
      status_bucket: ""risk"",
    })",apps/web/lib/domain/workload/workload.service.ts,475,fallback router.push call; source CTA may be nearby
generated.apps.web.lib.events.domain.events.ts.router-push.13,button,,dashboard-shared,router.push(fn),apps/web/lib/events/domain-events.ts,13,fallback router.push call; source CTA may be nearby
generated.apps.web.lib.features.ai.components.CopilotChatPanel.tsx.164,button,Clear chat,dashboard-shared,clearChat,apps/web/lib/features/ai/components/CopilotChatPanel.tsx,164,generated id; no data-testid
generated.apps.web.lib.features.ai.components.CopilotChatPanel.tsx.fallback.168,button,,dashboard-shared,onClick=,apps/web/lib/features/ai/components/CopilotChatPanel.tsx,168,fallback text scan
generated.apps.web.lib.features.ai.components.CopilotChatPanel.tsx.174,button,refreshRequestPending ? Requesting… : Refresh summary,dashboard-shared,handleRequestRefresh,apps/web/lib/features/ai/components/CopilotChatPanel.tsx,174,generated id; no data-testid
generated.apps.web.lib.features.ai.components.CopilotChatPanel.tsx.fallback.178,button,,dashboard-shared,onClick=,apps/web/lib/features/ai/components/CopilotChatPanel.tsx,178,fallback text scan
generated.apps.web.lib.features.ai.components.CopilotChatPanel.tsx.263,button,Send,dashboard-shared,handleSend,apps/web/lib/features/ai/components/CopilotChatPanel.tsx,263,generated id; no data-testid
generated.apps.web.lib.features.ai.components.CopilotChatPanel.tsx.267,button,Cancel,dashboard-shared,handleCancel,apps/web/lib/features/ai/components/CopilotChatPanel.tsx,267,generated id; no data-testid
generated.apps.web.lib.intelligence.actionItems.ts.router-push.55,button,,dashboard-shared,"router.push({
      title: ""Address critical construction health"",
      priority: ""P0"",
      owner: ""Project Manager"",
      rationale: ""Health score is in Critical range; multiple risk factors are elevated."",
      next_step: ""Review strategic risk drivers and schedule; align with site and QC."",
    })",apps/web/lib/intelligence/actionItems.ts,55,fallback router.push call; source CTA may be nearby
generated.apps.web.lib.intelligence.actionItems.ts.router-push.66,button,,dashboard-shared,"router.push({
      title: ""Mitigate delay probability"",
      priority: signals.healthClassification === ""Critical"" ? ""P0"" : ""P1"",
      owner: ""Site Manager"",
      rationale: ""Delay probability is high; velocity vs. history suggests schedule risk."",
      next_step: ""Confirm progress and resource allocation; adjust sequence if needed."",
    })",apps/web/lib/intelligence/actionItems.ts,66,fallback router.push call; source CTA may be nearby
generated.apps.web.lib.intelligence.actionItems.ts.router-push.82,button,,dashboard-shared,"router.push({
      title: ""Reduce strategic risk exposure"",
      priority: ""P1"",
      owner: ""Project Manager"",
      rationale: ""Strategic risk index is in Critical band."",
      next_step: ""Review active risk drivers and mitigation plans."",
    })",apps/web/lib/intelligence/actionItems.ts,82,fallback router.push call; source CTA may be nearby
generated.apps.web.lib.intelligence.actionItems.ts.router-push.93,button,,dashboard-shared,"router.push({
      title: ""Stabilize risk trajectory"",
      priority: ""P1"",
      owner: ""QC Engineer"",
      rationale: ""Risk level increased between last two analyses."",
      next_step: ""Inspect recent changes and quality controls; document findings."",
    })",apps/web/lib/intelligence/actionItems.ts,93,fallback router.push call; source CTA may be nearby
generated.apps.web.lib.intelligence.actionItems.ts.router-push.104,button,,dashboard-shared,"router.push({
      title: ""Verify completion regression"",
      priority: ""P1"",
      owner: ""Site Manager"",
      rationale: ""Completion dropped significantly vs. previous analysis."",
      next_step: ""Confirm scope and progress; re-run analysis if data was incorrect."",
    })",apps/web/lib/intelligence/actionItems.ts,104,fallback router.push call; source CTA may be nearby
generated.apps.web.lib.intelligence.actionItems.ts.router-push.115,button,,dashboard-shared,"router.push({
      title: ""Resolve completion vs. risk inconsistency"",
      priority: ""P1"",
      owner: ""QC Engineer"",
      rationale: ""Completion is high but risk is high; result may need validation."",
      next_step: ""Cross-check with site conditions; consider re-analysis."",
    })",apps/web/lib/intelligence/actionItems.ts,115,fallback router.push call; source CTA may be nearby
generated.apps.web.lib.intelligence.actionItems.ts.router-push.126,button,,dashboard-shared,"router.push({
      title: ""Reduce structural risk in recent analyses"",
      priority: ""P1"",
      owner: ""QC Engineer"",
      rationale: ""More than half of recent analyses show high risk."",
      next_step: ""Review recurring issues and quality controls."",
    })",apps/web/lib/intelligence/actionItems.ts,126,fallback router.push call; source CTA may be nearby
generated.apps.web.lib.intelligence.actionItems.ts.router-push.137,button,,dashboard-shared,"router.push({
      title: ""Address progress slowdown"",
      priority: ""P1"",
      owner: ""Site Manager"",
      rationale: ""Recent velocity is below average; progress is slowing."",
      next_step: ""Identify bottlenecks and resource gaps; adjust plan."",
    })",apps/web/lib/intelligence/actionItems.ts,137,fallback router.push call; source CTA may be nearby
generated.apps.web.lib.intelligence.actionItems.ts.router-push.149,button,,dashboard-shared,"router.push({
      title: ""Verify sudden completion jump"",
      priority: ""P2"",
      owner: ""Site Manager"",
      rationale: ""Large completion increase in a short period; possible data or scope issue."",
      next_step: ""Confirm scope and timeline; re-run analysis if needed."",
    })",apps/web/lib/intelligence/actionItems.ts,149,fallback router.push call; source CTA may be nearby
generated.apps.web.lib.intelligence.actionItems.ts.router-push.160,button,,dashboard-shared,"router.push({
      title: ""Clarify project stage consistency"",
      priority: ""P2"",
      owner: ""Project Manager"",
      rationale: ""Stage labels are oscillating or changing non-linearly across analyses."",
      next_step: ""Align stage definitions and re-run analyses for consistency."",
    })",apps/web/lib/intelligence/actionItems.ts,160,fallback router.push call; source CTA may be nearby
generated.apps.web.lib.intelligence.actionItems.ts.router-push.171,button,,dashboard-shared,"router.push({
      title: ""Investigate progress variance"",
      priority: ""P2"",
      owner: ""Project Manager"",
      rationale: ""Progress velocity varies strongly between intervals."",
      next_step: ""Review timing and scope of each analysis; smooth reporting cadence."",
    })",apps/web/lib/intelligence/actionItems.ts,171,fallback router.push call; source CTA may be nearby
generated.apps.web.lib.intelligence.actionItems.ts.router-push.182,button,,dashboard-shared,"router.push({
      title: ""Review outlier analysis"",
      priority: ""P2"",
      owner: ""QC Engineer"",
      rationale: ""One or more analyses deviate strongly in completion or risk."",
      next_step: ""Confirm outlier is real or re-run analysis for that point."",
    })",apps/web/lib/intelligence/actionItems.ts,182,fallback router.push call; source CTA may be nearby
generated.apps.web.lib.intelligence.actionItems.ts.router-push.193,button,,dashboard-shared,"router.push({
      title: ""Improve analysis data quality"",
      priority: ""P2"",
      owner: ""Site Manager"",
      rationale: ""Governance confidence score is low; result may be unreliable."",
      next_step: ""Upload additional images or re-run analysis to improve confidence."",
    })",apps/web/lib/intelligence/actionItems.ts,193,fallback router.push call; source CTA may be nearby
generated.apps.web.lib.intelligence.actionItems.ts.router-push.207,button,,dashboard-shared,"router.push({
      title: ""Review project health and priorities"",
      priority: ""P2"",
      owner: ""Project Manager"",
      rationale: ""Health classification is Unstable."",
      next_step: ""Review risk drivers and assign clear next steps."",
    })",apps/web/lib/intelligence/actionItems.ts,207,fallback router.push call; source CTA may be nearby
generated.apps.web.lib.intelligence.crossAnalysis.ts.router-push.59,button,,dashboard-shared,router.push((b.completion_percent - a.completion_percent) / deltaDays),apps/web/lib/intelligence/crossAnalysis.ts,59,fallback router.push call; source CTA may be nearby
generated.apps.web.lib.intelligence.evidence.ts.router-push.137,button,,dashboard-shared,"router.push({
      fromDate: a.created_at,
      toDate: b.created_at,
      fromId: a.id,
      toId: b.id,
      completionDelta: compDelta,
      riskDelta: riskDeltaStr,
    })",apps/web/lib/intelligence/evidence.ts,137,fallback router.push call; source CTA may be nearby
generated.apps.web.lib.intelligence.evidence.ts.router-push.149,button,,dashboard-shared,"router.push({
      type: ""Regression anomaly"",
      analysisId: latestId,
      analysisDate: latestDate,
    })",apps/web/lib/intelligence/evidence.ts,149,fallback router.push call; source CTA may be nearby
generated.apps.web.lib.intelligence.evidence.ts.router-push.155,button,,dashboard-shared,"router.push({
      type: ""Jump anomaly"",
      analysisId: latestId,
      analysisDate: latestDate,
    })",apps/web/lib/intelligence/evidence.ts,155,fallback router.push call; source CTA may be nearby
generated.apps.web.lib.intelligence.evidence.ts.router-push.161,button,,dashboard-shared,"router.push({
      type: ""Logical inconsistency"",
      analysisId: latestId,
      analysisDate: latestDate,
    })",apps/web/lib/intelligence/evidence.ts,161,fallback router.push call; source CTA may be nearby
generated.apps.web.lib.intelligence.evidence.ts.router-push.223,button,,dashboard-shared,"router.push({
      category: ""Persistence"",
      analysisDate: latestDate,
      metricUsed: ""risk_duration_days"",
      deltaUsed: `${inputs.riskDurationDays.toFixed(0)} days`,
      driverTriggered: ""Persistent high risk"",
    })",apps/web/lib/intelligence/evidence.ts,223,fallback router.push call; source CTA may be nearby
generated.apps.web.lib.intelligence.evidence.ts.router-push.232,button,,dashboard-shared,"router.push({
      category: ""Persistence"",
      analysisDate: latestDate,
      metricUsed: ""slowdown_duration_intervals"",
      deltaUsed: `${inputs.slowdownDurationIntervals} intervals`,
      driverTriggered: ""Persistent slowdown"",
    })",apps/web/lib/intelligence/evidence.ts,232,fallback router.push call; source CTA may be nearby
generated.apps.web.lib.intelligence.evidence.ts.router-push.251,button,,dashboard-shared,"router.push({
      category: ""Governance"",
      analysisDate: ref.analysisDate,
      metricUsed: ""anomaly"",
      deltaUsed: ref.type,
      driverTriggered: ref.type,
    })",apps/web/lib/intelligence/evidence.ts,251,fallback router.push call; source CTA may be nearby
generated.apps.web.lib.intelligence.evidence.ts.router-push.262,button,,dashboard-shared,router.push(...inputs.riskDrivers),apps/web/lib/intelligence/evidence.ts,262,fallback router.push call; source CTA may be nearby
generated.apps.web.lib.intelligence.evidence.ts.router-push.264,button,,dashboard-shared,"router.push(""High delay probability"")",apps/web/lib/intelligence/evidence.ts,264,fallback router.push call; source CTA may be nearby
generated.apps.web.lib.intelligence.evidence.ts.router-push.265,button,,dashboard-shared,"router.push(""Time-weighted escalation"")",apps/web/lib/intelligence/evidence.ts,265,fallback router.push call; source CTA may be nearby
generated.apps.web.lib.intelligence.evidence.ts.router-push.267,button,,dashboard-shared,"router.push(""Risk trajectory rising"")",apps/web/lib/intelligence/evidence.ts,267,fallback router.push call; source CTA may be nearby
generated.apps.web.lib.intelligence.healthScore.ts.router-push.94,button,,dashboard-shared,"router.push(""Construction health is moderate."")",apps/web/lib/intelligence/healthScore.ts,94,fallback router.push call; source CTA may be nearby
generated.apps.web.lib.intelligence.healthScore.ts.router-push.95,button,,dashboard-shared,"router.push(""Elevated risk level."")",apps/web/lib/intelligence/healthScore.ts,95,fallback router.push call; source CTA may be nearby
generated.apps.web.lib.intelligence.healthScore.ts.router-push.96,button,,dashboard-shared,"router.push(""High delay probability."")",apps/web/lib/intelligence/healthScore.ts,96,fallback router.push call; source CTA may be nearby
generated.apps.web.lib.intelligence.healthScore.ts.router-push.97,button,,dashboard-shared,"router.push(""Progress is slowing."")",apps/web/lib/intelligence/healthScore.ts,97,fallback router.push call; source CTA may be nearby
generated.apps.web.lib.intelligence.healthScore.ts.router-push.98,button,,dashboard-shared,"router.push(""Review trends and mitigate risks."")",apps/web/lib/intelligence/healthScore.ts,98,fallback router.push call; source CTA may be nearby
generated.apps.web.lib.intelligence.healthScore.ts.router-push.104,button,,dashboard-shared,"router.push(""High delay probability."")",apps/web/lib/intelligence/healthScore.ts,104,fallback router.push call; source CTA may be nearby
generated.apps.web.lib.intelligence.healthScore.ts.router-push.105,button,,dashboard-shared,"router.push(""Slowdown trend detected."")",apps/web/lib/intelligence/healthScore.ts,105,fallback router.push call; source CTA may be nearby
generated.apps.web.lib.intelligence.healthScore.ts.router-push.106,button,,dashboard-shared,"router.push(""Action recommended."")",apps/web/lib/intelligence/healthScore.ts,106,fallback router.push call; source CTA may be nearby
generated.apps.web.lib.intelligence.healthScore.ts.router-push.112,button,,dashboard-shared,"router.push(""High delay probability."")",apps/web/lib/intelligence/healthScore.ts,112,fallback router.push call; source CTA may be nearby
generated.apps.web.lib.intelligence.healthScore.ts.router-push.113,button,,dashboard-shared,"router.push(""Progress slowdown."")",apps/web/lib/intelligence/healthScore.ts,113,fallback router.push call; source CTA may be nearby
generated.apps.web.lib.intelligence.healthScore.ts.router-push.114,button,,dashboard-shared,"router.push(""Urgent attention required."")",apps/web/lib/intelligence/healthScore.ts,114,fallback router.push call; source CTA may be nearby
generated.apps.web.lib.intelligence.portfolio.ts.router-push.201,button,,dashboard-shared,"router.push(`Portfolio: ${dist.percentHealthy.toFixed(0)}% Healthy, ${dist.percentModerate.toFixed(0)}% Moderate, ${dist.percentUnstable.toFixed(0)}% Unstable, ${dist.percentCritical.toFixed(0)}% Critical.`)",apps/web/lib/intelligence/portfolio.ts,201,fallback router.push call; source CTA may be nearby
generated.apps.web.lib.intelligence.portfolio.ts.router-push.205,button,,dashboard-shared,router.push(`${criticalCount} project(s) in Critical health.`),apps/web/lib/intelligence/portfolio.ts,205,fallback router.push call; source CTA may be nearby
generated.apps.web.lib.intelligence.portfolio.ts.router-push.207,button,,dashboard-shared,router.push(`${slowdownCount} project(s) show slowdown trend.`),apps/web/lib/intelligence/portfolio.ts,207,fallback router.push call; source CTA may be nearby
generated.apps.web.lib.intelligence.portfolio.ts.router-push.209,button,,dashboard-shared,"router.push(""No critical projects or systemic slowdown detected."")",apps/web/lib/intelligence/portfolio.ts,209,fallback router.push call; source CTA may be nearby
generated.apps.web.lib.intelligence.projection.ts.router-push.82,button,,dashboard-shared,"router.push({
      velocity: deltaCompletion / safeDeltaDays,
      deltaDays,
    })",apps/web/lib/intelligence/projection.ts,82,fallback router.push call; source CTA may be nearby
generated.apps.web.lib.intelligence.strategicRisk.ts.router-push.59,button,,dashboard-shared,router.push(DRIVER_SLOWDOWN),apps/web/lib/intelligence/strategicRisk.ts,59,fallback router.push call; source CTA may be nearby
generated.apps.web.lib.intelligence.strategicRisk.ts.router-push.63,button,,dashboard-shared,router.push(DRIVER_DELAY_HIGH),apps/web/lib/intelligence/strategicRisk.ts,63,fallback router.push call; source CTA may be nearby
generated.apps.web.lib.intelligence.strategicRisk.ts.router-push.67,button,,dashboard-shared,router.push(DRIVER_LOW_CONFIDENCE),apps/web/lib/intelligence/strategicRisk.ts,67,fallback router.push call; source CTA may be nearby
generated.apps.web.lib.intelligence.strategicRisk.ts.router-push.71,button,,dashboard-shared,router.push(DRIVER_REGRESSION),apps/web/lib/intelligence/strategicRisk.ts,71,fallback router.push call; source CTA may be nearby
generated.apps.web.lib.intelligence.strategicRisk.ts.router-push.75,button,,dashboard-shared,router.push(DRIVER_LOGICAL),apps/web/lib/intelligence/strategicRisk.ts,75,fallback router.push call; source CTA may be nearby
generated.apps.web.lib.intelligence.timeWeighted.ts.router-push.72,button,,dashboard-shared,router.push((b.completion_percent - a.completion_percent) / deltaDays),apps/web/lib/intelligence/timeWeighted.ts,72,fallback router.push call; source CTA may be nearby
generated.apps.web.lib.observability.ai.telemetry.test.ts.router-push.11,button,,dashboard-shared,router.push(args[0]),apps/web/lib/observability/ai-telemetry.test.ts,11,fallback router.push call; source CTA may be nearby
generated.apps.web.lib.observability.audit.service.ts.router-push.198,button,,dashboard-shared,"router.push({
        trace_id: r.trace_id,
        action: a,
        error_kind: ek,
        at: r.created_at,
      })",apps/web/lib/observability/audit.service.ts,198,fallback router.push call; source CTA may be nearby
generated.apps.web.lib.observability.intelligence.diagnostics.ts.router-push.36,button,,dashboard-shared,"router.push(""executive_data_insufficient"")",apps/web/lib/observability/intelligence-diagnostics.ts,36,fallback router.push call; source CTA may be nearby
generated.apps.web.lib.observability.intelligence.diagnostics.ts.router-push.37,button,,dashboard-shared,"router.push(""executive_data_partial"")",apps/web/lib/observability/intelligence-diagnostics.ts,37,fallback router.push call; source CTA may be nearby
generated.apps.web.lib.observability.intelligence.diagnostics.ts.router-push.39,button,,dashboard-shared,"router.push(""health_confidence_low"")",apps/web/lib/observability/intelligence-diagnostics.ts,39,fallback router.push call; source CTA may be nearby
generated.apps.web.lib.observability.intelligence.diagnostics.ts.router-push.41,button,,dashboard-shared,"router.push(""missing_evidence_signals"")",apps/web/lib/observability/intelligence-diagnostics.ts,41,fallback router.push call; source CTA may be nearby
generated.apps.web.lib.observability.intelligence.diagnostics.ts.router-push.42,button,,dashboard-shared,"router.push(""high_risk_present"")",apps/web/lib/observability/intelligence-diagnostics.ts,42,fallback router.push call; source CTA may be nearby
generated.apps.web.lib.operations.manager.intelligence.operational.ts.router-push.76,button,,dashboard-shared,"router.push(""Few workers, tasks, or reports are recorded for this project."")",apps/web/lib/operations/manager-intelligence-operational.ts,76,fallback router.push call; source CTA may be nearby
generated.apps.web.lib.operations.manager.intelligence.operational.ts.router-push.78,button,,dashboard-shared,"router.push(""Reports or evidence are missing in some areas; not every risk is equally visible."")",apps/web/lib/operations/manager-intelligence-operational.ts,78,fallback router.push call; source CTA may be nearby
generated.apps.web.lib.operations.manager.intelligence.operational.ts.router-push.81,button,,dashboard-shared,router.push(`Risk radar shows ${params.riskOverview.high} high-severity signal(s) in the current window.`),apps/web/lib/operations/manager-intelligence-operational.ts,81,fallback router.push call; source CTA may be nearby
generated.apps.web.lib.operations.manager.intelligence.operational.ts.router-push.90,button,,dashboard-shared,"router.push(`Health score is pulled down mainly by: ${negativeFactors.join("", "")}.`)",apps/web/lib/operations/manager-intelligence-operational.ts,90,fallback router.push call; source CTA may be nearby
generated.apps.web.lib.operations.manager.intelligence.operational.ts.router-push.93,button,,dashboard-shared,"router.push(""Health model confidence is low — cross-check with site reality."")",apps/web/lib/operations/manager-intelligence-operational.ts,93,fallback router.push call; source CTA may be nearby
generated.apps.web.lib.operations.manager.intelligence.operational.ts.router-push.100,button,,dashboard-shared,router.push(t),apps/web/lib/operations/manager-intelligence-operational.ts,100,fallback router.push call; source CTA may be nearby
generated.apps.web.lib.ops.incident.hints.ts.router-push.26,button,,dashboard-shared,"router.push(""ai_runtime_failure_cluster: high AI error rate — runbook AI provider degradation / AI runtime failure cluster."")",apps/web/lib/ops/incident-hints.ts,26,fallback router.push call; source CTA may be nearby
generated.apps.web.lib.ops.incident.hints.ts.router-push.33,button,,dashboard-shared,router.push(`ai_provider: errors_by_provider suggests ${top[0]} — check provider status if isolated.`),apps/web/lib/ops/incident-hints.ts,33,fallback router.push call; source CTA may be nearby
generated.apps.web.lib.ops.incident.hints.ts.router-push.38,button,,dashboard-shared,"router.push(`cron_job_failure: ${input.failedJobCount} failed job(s)${input.dominantJobType ? `; dominant type: ${input.dominantJobType}` : """"} — runbook Job/cron failures.`)",apps/web/lib/ops/incident-hints.ts,38,fallback router.push call; source CTA may be nearby
generated.apps.web.lib.ops.incident.hints.ts.router-push.43,button,,dashboard-shared,"router.push(""upload_media: uploads_stuck > 0 — runbook Upload/media incident."")",apps/web/lib/ops/incident-hints.ts,43,fallback router.push call; source CTA may be nearby
generated.apps.web.lib.platform.ai.governance.policy.rules.ts.router-push.23,button,,dashboard-shared,"router.push(""tier_unknown"")",apps/web/lib/platform/ai-governance/policy.rules.ts,23,fallback router.push call; source CTA may be nearby
generated.apps.web.lib.platform.ai.governance.policy.rules.ts.router-push.28,button,,dashboard-shared,"router.push(""max_image_count_exceeded"")",apps/web/lib/platform/ai-governance/policy.rules.ts,28,fallback router.push call; source CTA may be nearby
generated.apps.web.lib.platform.ai.governance.policy.rules.ts.router-push.33,button,,dashboard-shared,"router.push(""max_image_size_exceeded"")",apps/web/lib/platform/ai-governance/policy.rules.ts,33,fallback router.push call; source CTA may be nearby
generated.apps.web.lib.platform.ai.governance.policy.rules.ts.router-push.37,button,,dashboard-shared,"router.push(""tier_allow"")",apps/web/lib/platform/ai-governance/policy.rules.ts,37,fallback router.push call; source CTA may be nearby
generated.apps.web.lib.platform.ai.governance.redaction.service.ts.router-push.17,button,,dashboard-shared,"router.push(""email"")",apps/web/lib/platform/ai-governance/redaction.service.ts,17,fallback router.push call; source CTA may be nearby
generated.apps.web.lib.platform.ai.governance.redaction.service.ts.router-push.21,button,,dashboard-shared,"router.push(""phone"")",apps/web/lib/platform/ai-governance/redaction.service.ts,21,fallback router.push call; source CTA may be nearby
generated.apps.web.lib.platform.billing.readiness.billing.event.processor.service.ts.router-push.160,button,,dashboard-shared,"router.push(""Subscription already exists; no duplicate"")",apps/web/lib/platform/billing-readiness/billing-event-processor.service.ts,160,fallback router.push call; source CTA may be nearby
generated.apps.web.lib.platform.billing.readiness.billing.event.processor.service.ts.router-push.378,button,,dashboard-shared,router.push(r),apps/web/lib/platform/billing-readiness/billing-event-processor.service.ts,378,fallback router.push call; source CTA may be nearby
generated.apps.web.lib.platform.billing.readiness.billing.event.processor.service.ts.router-push.442,button,,dashboard-shared,router.push(r),apps/web/lib/platform/billing-readiness/billing-event-processor.service.ts,442,fallback router.push call; source CTA may be nearby
generated.apps.web.lib.platform.billing.readiness.billing.event.processor.service.ts.router-push.444,button,,dashboard-shared,"router.push({
          status: ""failed"",
          eventId: ev.id,
          updatedSubscriptionId: null,
          updatedCheckoutSessionId: null,
          notes: [resetErr],
          idempotentHit: false,
          error: resetErr,
        })",apps/web/lib/platform/billing-readiness/billing-event-processor.service.ts,444,fallback router.push call; source CTA may be nearby
generated.apps.web.lib.platform.billing.readiness.billing.event.processor.service.ts.router-push.456,button,,dashboard-shared,router.push(r),apps/web/lib/platform/billing-readiness/billing-event-processor.service.ts,456,fallback router.push call; source CTA may be nearby
generated.apps.web.lib.platform.billing.readiness.billing.pilot.execution.service.ts.router-push.116,button,,dashboard-shared,"router.push(""failed_events_pending"")",apps/web/lib/platform/billing-readiness/billing-pilot-execution.service.ts,116,fallback router.push call; source CTA may be nearby
generated.apps.web.lib.platform.billing.readiness.billing.pilot.execution.service.ts.router-push.123,button,,dashboard-shared,"router.push(""webhook_failed_processing"")",apps/web/lib/platform/billing-readiness/billing-pilot-execution.service.ts,123,fallback router.push call; source CTA may be nearby
generated.apps.web.lib.platform.billing.readiness.billing.pilot.execution.service.ts.router-push.161,button,,dashboard-shared,"router.push(""webhook_failed_processing"")",apps/web/lib/platform/billing-readiness/billing-pilot-execution.service.ts,161,fallback router.push call; source CTA may be nearby
generated.apps.web.lib.platform.billing.readiness.billing.pilot.execution.service.ts.router-push.195,button,,dashboard-shared,"router.push(""checkout_created_no_webhook_timeout"")",apps/web/lib/platform/billing-readiness/billing-pilot-execution.service.ts,195,fallback router.push call; source CTA may be nearby
generated.apps.web.lib.platform.billing.readiness.billing.pilot.execution.service.ts.router-push.287,button,,dashboard-shared,"router.push(""open_billing_overview"")",apps/web/lib/platform/billing-readiness/billing-pilot-execution.service.ts,287,fallback router.push call; source CTA may be nearby
generated.apps.web.lib.platform.billing.readiness.billing.pilot.execution.service.ts.router-push.290,button,,dashboard-shared,"router.push(""reprocess_failed_event"")",apps/web/lib/platform/billing-readiness/billing-pilot-execution.service.ts,290,fallback router.push call; source CTA may be nearby
generated.apps.web.lib.platform.billing.readiness.billing.pilot.execution.service.ts.router-push.293,button,,dashboard-shared,"router.push(""reprocess_pending_events"")",apps/web/lib/platform/billing-readiness/billing-pilot-execution.service.ts,293,fallback router.push call; source CTA may be nearby
generated.apps.web.lib.platform.billing.readiness.billing.pilot.execution.service.ts.router-push.296,button,,dashboard-shared,"router.push(""confirm_pilot_cohort"")",apps/web/lib/platform/billing-readiness/billing-pilot-execution.service.ts,296,fallback router.push call; source CTA may be nearby
generated.apps.web.lib.platform.billing.readiness.billing.pilot.execution.service.ts.router-push.303,button,,dashboard-shared,"router.push(""start_checkout"")",apps/web/lib/platform/billing-readiness/billing-pilot-execution.service.ts,303,fallback router.push call; source CTA may be nearby
generated.apps.web.lib.platform.billing.readiness.billing.pilot.execution.service.ts.router-push.309,button,,dashboard-shared,"router.push(""await_webhook"")",apps/web/lib/platform/billing-readiness/billing-pilot-execution.service.ts,309,fallback router.push call; source CTA may be nearby
generated.apps.web.lib.platform.billing.readiness.billing.pilot.ops.service.ts.router-push.122,button,,dashboard-shared,"router.push({
        workspaceId: wid,
        inPilotCohort: true,
        liveCheckoutEnabled: true,
        webhookProcessingEnabled: true,
        cohortLabel: null,
        source: ""env"",
        createdAt: null,
        updatedAt: null,
      })",apps/web/lib/platform/billing-readiness/billing-pilot-ops.service.ts,122,fallback router.push call; source CTA may be nearby
generated.apps.web.lib.platform.billing.readiness.billing.readiness.repository.ts.router-push.358,button,,dashboard-shared,"router.push(""failed"")",apps/web/lib/platform/billing-readiness/billing-readiness.repository.ts,358,fallback router.push call; source CTA may be nearby
generated.apps.web.lib.platform.billing.readiness.billing.readiness.service.ts.router-push.145,button,,dashboard-shared,"router.push(""request_upgrade"")",apps/web/lib/platform/billing-readiness/billing-readiness.service.ts,145,fallback router.push call; source CTA may be nearby
generated.apps.web.lib.platform.jobs.job.handlers.push.send.test.ts.router-push.30,button,,dashboard-shared,"router.push({ table, id: val, update })",apps/web/lib/platform/jobs/job.handlers/push-send.test.ts,30,fallback router.push call; source CTA may be nearby
generated.apps.web.lib.platform.jobs.job.handlers.push.send.test.ts.router-push.52,button,,dashboard-shared,"router.push({ table, update })",apps/web/lib/platform/jobs/job.handlers/push-send.test.ts,52,fallback router.push call; source CTA may be nearby
generated.apps.web.lib.platform.jobs.job.handlers.push.send.ts.router-push.77,button,,dashboard-shared,router.push(t.device_id),apps/web/lib/platform/jobs/job.handlers/push-send.ts,77,fallback router.push call; source CTA may be nearby
generated.apps.web.lib.platform.plan.fit.add.on.rules.ts.router-push.114,button,,dashboard-shared,router.push(result),apps/web/lib/platform/plan-fit/add-on-rules.ts,114,fallback router.push call; source CTA may be nearby
generated.apps.web.lib.platform.plan.fit.add.on.rules.ts.router-push.116,button,,dashboard-shared,router.push(`Add-on ${code} not allowed for plan ${planCode}; skipped.`),apps/web/lib/platform/plan-fit/add-on-rules.ts,116,fallback router.push call; source CTA may be nearby
generated.apps.web.lib.platform.plan.fit.add.on.rules.ts.router-push.120,button,,dashboard-shared,router.push(code),apps/web/lib/platform/plan-fit/add-on-rules.ts,120,fallback router.push call; source CTA may be nearby
generated.apps.web.lib.platform.plan.fit.orchestration.orchestration.service.ts.router-push.62,button,,dashboard-shared,router.push(`Runtime plan context failed: ${err instanceof Error ? err.message : String(err)}`),apps/web/lib/platform/plan-fit/orchestration/orchestration.service.ts,62,fallback router.push call; source CTA may be nearby
generated.apps.web.lib.platform.plan.fit.orchestration.orchestration.service.ts.router-push.94,button,,dashboard-shared,"router.push(""Latest recommendation has invalid plan code; treat as inconsistent."")",apps/web/lib/platform/plan-fit/orchestration/orchestration.service.ts,94,fallback router.push call; source CTA may be nearby
generated.apps.web.lib.platform.plan.fit.orchestration.orchestration.service.ts.router-push.95,button,,dashboard-shared,"router.push(""Selected plan state has invalid plan code; treat as inconsistent."")",apps/web/lib/platform/plan-fit/orchestration/orchestration.service.ts,95,fallback router.push call; source CTA may be nearby
generated.apps.web.lib.platform.plan.fit.orchestration.setup.readiness.evaluator.ts.router-push.69,button,,dashboard-shared,"router.push(""first_project_created"")",apps/web/lib/platform/plan-fit/orchestration/setup-readiness.evaluator.ts,69,fallback router.push call; source CTA may be nearby
generated.apps.web.lib.platform.plan.fit.orchestration.setup.readiness.evaluator.ts.router-push.70,button,,dashboard-shared,"router.push(""first_project_created"")",apps/web/lib/platform/plan-fit/orchestration/setup-readiness.evaluator.ts,70,fallback router.push call; source CTA may be nearby
generated.apps.web.lib.platform.plan.fit.orchestration.setup.readiness.evaluator.ts.router-push.72,button,,dashboard-shared,"router.push(""workspace_name_set"")",apps/web/lib/platform/plan-fit/orchestration/setup-readiness.evaluator.ts,72,fallback router.push call; source CTA may be nearby
generated.apps.web.lib.platform.plan.fit.orchestration.setup.readiness.evaluator.ts.router-push.73,button,,dashboard-shared,"router.push(""workspace_name_set"")",apps/web/lib/platform/plan-fit/orchestration/setup-readiness.evaluator.ts,73,fallback router.push call; source CTA may be nearby
generated.apps.web.lib.platform.plan.fit.orchestration.setup.readiness.evaluator.ts.router-push.75,button,,dashboard-shared,"router.push(""has_invited_or_collaborator"")",apps/web/lib/platform/plan-fit/orchestration/setup-readiness.evaluator.ts,75,fallback router.push call; source CTA may be nearby
generated.apps.web.lib.platform.plan.fit.orchestration.setup.readiness.evaluator.ts.router-push.76,button,,dashboard-shared,"router.push(""has_invited_or_collaborator"")",apps/web/lib/platform/plan-fit/orchestration/setup-readiness.evaluator.ts,76,fallback router.push call; source CTA may be nearby
generated.apps.web.lib.platform.plan.fit.recommend.ts.router-push.45,button,,dashboard-shared,"router.push(""scale_100_plus_users"")",apps/web/lib/platform/plan-fit/recommend.ts,45,fallback router.push call; source CTA may be nearby
generated.apps.web.lib.platform.plan.fit.recommend.ts.router-push.54,button,,dashboard-shared,"router.push(""scale_21_100_and_demo"")",apps/web/lib/platform/plan-fit/recommend.ts,54,fallback router.push call; source CTA may be nearby
generated.apps.web.lib.platform.plan.fit.recommend.ts.router-push.63,button,,dashboard-shared,"router.push(""scale_21_100_formal_processes"")",apps/web/lib/platform/plan-fit/recommend.ts,63,fallback router.push call; source CTA may be nearby
generated.apps.web.lib.platform.plan.fit.recommend.ts.router-push.83,button,,dashboard-shared,"router.push(""supervisor_or_owner_multi_project_governance"")",apps/web/lib/platform/plan-fit/recommend.ts,83,fallback router.push call; source CTA may be nearby
generated.apps.web.lib.platform.plan.fit.recommend.ts.router-push.96,button,,dashboard-shared,"router.push(""multi_project_governance"")",apps/web/lib/platform/plan-fit/recommend.ts,96,fallback router.push call; source CTA may be nearby
generated.apps.web.lib.platform.plan.fit.recommend.ts.router-push.111,button,,dashboard-shared,"router.push(""contractor_mobile_workforce"")",apps/web/lib/platform/plan-fit/recommend.ts,111,fallback router.push call; source CTA may be nearby
generated.apps.web.lib.platform.plan.fit.recommend.ts.router-push.124,button,,dashboard-shared,"router.push(""execution_reports_mobile"")",apps/web/lib/platform/plan-fit/recommend.ts,124,fallback router.push call; source CTA may be nearby
generated.apps.web.lib.platform.plan.fit.recommend.ts.router-push.141,button,,dashboard-shared,"router.push(""client_small_scale_transparency"")",apps/web/lib/platform/plan-fit/recommend.ts,141,fallback router.push call; source CTA may be nearby
generated.apps.web.lib.platform.plan.fit.recommend.ts.router-push.154,button,,dashboard-shared,"router.push(""single_user_single_project"")",apps/web/lib/platform/plan-fit/recommend.ts,154,fallback router.push call; source CTA may be nearby
generated.apps.web.lib.platform.plan.fit.recommend.ts.router-push.165,button,,dashboard-shared,"router.push(""default_scale_21_100"")",apps/web/lib/platform/plan-fit/recommend.ts,165,fallback router.push call; source CTA may be nearby
generated.apps.web.lib.platform.plan.fit.recommend.ts.router-push.174,button,,dashboard-shared,"router.push(""default_mid_scale"")",apps/web/lib/platform/plan-fit/recommend.ts,174,fallback router.push call; source CTA may be nearby
generated.apps.web.lib.platform.plan.fit.recommend.ts.router-push.183,button,,dashboard-shared,"router.push(""default_small_scale"")",apps/web/lib/platform/plan-fit/recommend.ts,183,fallback router.push call; source CTA may be nearby
generated.apps.web.lib.platform.plan.fit.runtime.plan.context.service.ts.router-push.45,button,,dashboard-shared,"router.push({
        code: ""inconsistent_runtime_plan_data"",
        message: ""Both canonical plan and legacy tier set; using canonical plan."",
      })",apps/web/lib/platform/plan-fit/runtime-plan-context.service.ts,45,fallback router.push call; source CTA may be nearby
generated.apps.web.lib.platform.plan.fit.runtime.plan.context.service.ts.router-push.53,button,,dashboard-shared,"router.push({
      code: ""workspace_plan_source_missing"",
      message: ""No plan or tier in runtime; using safe default (client_personal)."",
    })",apps/web/lib/platform/plan-fit/runtime-plan-context.service.ts,53,fallback router.push call; source CTA may be nearby
generated.apps.web.lib.platform.plan.fit.runtime.plan.context.service.ts.router-push.61,button,,dashboard-shared,router.push(code),apps/web/lib/platform/plan-fit/runtime-plan-context.service.ts,61,fallback router.push call; source CTA may be nearby
generated.apps.web.lib.platform.plan.fit.runtime.plan.context.service.ts.router-push.62,button,,dashboard-shared,"router.push({ code: ""invalid_add_on_code"", message: `Unknown add-on code: ${code}` })",apps/web/lib/platform/plan-fit/runtime-plan-context.service.ts,62,fallback router.push call; source CTA may be nearby
generated.apps.web.lib.platform.plan.fit.upgrade.prompt.ts.router-push.75,button,,dashboard-shared,router.push(prompt),apps/web/lib/platform/plan-fit/upgrade-prompt.ts,75,fallback router.push call; source CTA may be nearby
generated.apps.web.lib.platform.plan.fit.workspace.plan.context.ts.router-push.56,button,,dashboard-shared,router.push(`Plan derived from legacy tier ${sourceLegacyTier} (transitional bridge).`),apps/web/lib/platform/plan-fit/workspace-plan-context.ts,56,fallback router.push call; source CTA may be nearby
generated.apps.web.lib.platform.privacy.pii.classifier.ts.router-push.15,button,,dashboard-shared,"router.push(""EMAIL"")",apps/web/lib/platform/privacy/pii.classifier.ts,15,fallback router.push call; source CTA may be nearby
generated.apps.web.lib.platform.privacy.pii.classifier.ts.router-push.16,button,,dashboard-shared,"router.push(""PHONE"")",apps/web/lib/platform/privacy/pii.classifier.ts,16,fallback router.push call; source CTA may be nearby
generated.apps.web.lib.platform.privacy.pii.classifier.ts.router-push.17,button,,dashboard-shared,"router.push(""ADDRESS"")",apps/web/lib/platform/privacy/pii.classifier.ts,17,fallback router.push call; source CTA may be nearby
generated.apps.web.lib.platform.privacy.pii.classifier.ts.router-push.18,button,,dashboard-shared,"router.push(""PERSON_NAME"")",apps/web/lib/platform/privacy/pii.classifier.ts,18,fallback router.push call; source CTA may be nearby
generated.apps.web.lib.platform.privacy.pii.classifier.ts.router-push.19,button,,dashboard-shared,"router.push(""ID_NUMBER"")",apps/web/lib/platform/privacy/pii.classifier.ts,19,fallback router.push call; source CTA may be nearby
generated.apps.web.lib.platform.push.push.service.test.ts.router-push.72,button,,dashboard-shared,router.push(row),apps/web/lib/platform/push/push.service.test.ts,72,fallback router.push call; source CTA may be nearby
generated.apps.web.lib.platform.push.push.service.test.ts.router-push.142,button,,dashboard-shared,router.push(row),apps/web/lib/platform/push/push.service.test.ts,142,fallback router.push call; source CTA may be nearby
generated.apps.web.lib.security.rate.limit.rate.limit.service.ts.router-push.22,button,,dashboard-shared,router.push(k),apps/web/lib/security/rate-limit/rate-limit.service.ts,22,fallback router.push call; source CTA may be nearby
generated.apps.web.lib.supabase.middleware.ts.router-push.10,button,,dashboard-shared,"router.push(""NEXT_PUBLIC_SUPABASE_URL"")",apps/web/lib/supabase/middleware.ts,10,fallback router.push call; source CTA may be nearby
generated.apps.web.lib.supabase.middleware.ts.router-push.13,button,,dashboard-shared,"router.push(""NEXT_PUBLIC_SUPABASE_ANON_KEY"")",apps/web/lib/supabase/middleware.ts,13,fallback router.push call; source CTA may be nearby
generated.apps.web.lib.system.data.checks.data.checks.service.ts.router-push.37,button,,dashboard-shared,"router.push({
        kind: ""projects_without_tasks"",
        message: `${projectsWithoutTasks.length} project(s) have no tasks`,
        count: projectsWithoutTasks.length,
      })",apps/web/lib/system/data-checks/data-checks.service.ts,37,fallback router.push call; source CTA may be nearby
generated.apps.web.lib.system.data.checks.data.checks.service.ts.router-push.44,button,,dashboard-shared,"router.push({
        kind: ""tasks_without_reports"",
        message: `${tasksWithoutReports.length} task(s) have no reports`,
        count: tasksWithoutReports.length,
      })",apps/web/lib/system/data-checks/data-checks.service.ts,44,fallback router.push call; source CTA may be nearby
generated.apps.web.lib.system.data.checks.data.checks.service.ts.router-push.51,button,,dashboard-shared,"router.push({
        kind: ""tasks_requiring_evidence_without_photos"",
        message: `${tasksMissingPhotos.length} task(s) require evidence but have no photos`,
        count: tasksMissingPhotos.length,
      })",apps/web/lib/system/data-checks/data-checks.service.ts,51,fallback router.push call; source CTA may be nearby
generated.apps.web.lib.system.data.checks.data.checks.service.ts.router-push.58,button,,dashboard-shared,"router.push({
        kind: ""alerts_without_references"",
        message: `${alertsWithoutRef} alert(s) have no tenant reference`,
        count: alertsWithoutRef,
      })",apps/web/lib/system/data-checks/data-checks.service.ts,58,fallback router.push call; source CTA may be nearby
generated.apps.web.lib.system.data.checks.data.checks.service.ts.router-push.65,button,,dashboard-shared,"router.push({ kind: ""check_error"", message: ""Data checks failed to run."" })",apps/web/lib/system/data-checks/data-checks.service.ts,65,fallback router.push call; source CTA may be nearby
generated.apps.web.lib.workflows.workflow.engine.ts.router-push.45,button,,dashboard-shared,"router.push({
      ruleId: rule.id,
      trigger: rule.trigger,
      conditionsPassed: passes,
      actions: rule.actions,
      executedCount,
      error,
    })",apps/web/lib/workflows/workflow-engine.ts,45,fallback router.push call; source CTA may be nearby
